ISO-10303-21;
HEADER;
/* Generated by software containing ST-Developer
 * from STEP Tools, Inc. (www.steptools.com) 
 */

FILE_DESCRIPTION(
/* description */ (''),
/* implementation_level */ '2;1');

FILE_NAME(
/* name */ 'bottom_replacement_housing_top.stp',
/* time_stamp */ '2026-04-07T10:57:14+02:00',
/* author */ ('Paul Juschitz'),
/* organization */ (''),
/* preprocessor_version */ 'ST-DEVELOPER v20.1',
/* originating_system */ 'Autodesk Inventor 2026',
/* authorisation */ '');

FILE_SCHEMA (('AUTOMOTIVE_DESIGN { 1 0 10303 214 3 1 1 }'));
ENDSEC;

DATA;
#10=MECHANICAL_DESIGN_GEOMETRIC_PRESENTATION_REPRESENTATION('',(#64,#65,
#66,#67,#68,#69,#70,#71,#72,#73,#74,#75,#76,#77,#78,#79,#80,#81,#82,#83,
#84,#85,#86,#87,#88,#89,#90,#91,#92,#93,#94,#95),#2511);
#11=GEOMETRICALLY_BOUNDED_WIREFRAME_SHAPE_REPRESENTATION('',(#12,#13,#14,
#15),#2510);
#12=GEOMETRIC_CURVE_SET('Sketch13',(#30,#31,#32,#33,#34,#35,#19,#20,#21,
#22,#36,#2470));
#13=GEOMETRIC_CURVE_SET('Sketch11',(#205,#23,#2475));
#14=GEOMETRIC_CURVE_SET('Sketch17',(#24,#37,#25,#26,#27,#38,#28,#29,#2498));
#15=GEOMETRIC_CURVE_SET('Sketch14_1',(#39,#40,#41,#42,#2507));
#16=SHAPE_REPRESENTATION_RELATIONSHIP('SRR','None',#2518,#18);
#17=SHAPE_REPRESENTATION_RELATIONSHIP('SRR','None',#2518,#11);
#18=ADVANCED_BREP_SHAPE_REPRESENTATION('',(#43),#2510);
#19=TRIMMED_CURVE('',#201,(#2457,PARAMETER_VALUE(3.14159265358979)),(#2458,
PARAMETER_VALUE(4.71238898038469)),.T.,.PARAMETER.);
#20=TRIMMED_CURVE('',#202,(#2460,PARAMETER_VALUE(4.71238898038469)),(#2461,
PARAMETER_VALUE(6.28318530717959)),.T.,.PARAMETER.);
#21=TRIMMED_CURVE('',#203,(#2463,PARAMETER_VALUE(0.)),(#2464,
PARAMETER_VALUE(1.5707963267949)),.T.,.PARAMETER.);
#22=TRIMMED_CURVE('',#204,(#2466,PARAMETER_VALUE(1.5707963267949)),(#2467,
PARAMETER_VALUE(3.14159265358979)),.T.,.PARAMETER.);
#23=TRIMMED_CURVE('',#206,(#2473,PARAMETER_VALUE(5.67733713100975)),(#2474,
PARAMETER_VALUE(10.0306261369392)),.T.,.PARAMETER.);
#24=TRIMMED_CURVE('',#207,(#2477,PARAMETER_VALUE(4.45970872524261)),(#2478,
PARAMETER_VALUE(5.07009006644731)),.T.,.PARAMETER.);
#25=TRIMMED_CURVE('',#208,(#2482,PARAMETER_VALUE(1.99930726576171)),(#2483,
PARAMETER_VALUE(2.00900445418532)),.T.,.PARAMETER.);
#26=TRIMMED_CURVE('',#209,(#2485,PARAMETER_VALUE(3.74166343091453)),(#2486,
PARAMETER_VALUE(4.63591697865825)),.T.,.PARAMETER.);
#27=TRIMMED_CURVE('',#210,(#2488,PARAMETER_VALUE(0.0853906482078776)),(#2489,
PARAMETER_VALUE(1.19428221992026)),.T.,.PARAMETER.);
#28=TRIMMED_CURVE('',#211,(#2493,PARAMETER_VALUE(4.39957067602736)),(#2494,
PARAMETER_VALUE(4.96506923552677)),.T.,.PARAMETER.);
#29=TRIMMED_CURVE('',#212,(#2496,PARAMETER_VALUE(1.25797802243757)),(#2497,
PARAMETER_VALUE(1.92849741285752)),.T.,.PARAMETER.);
#30=POLYLINE('',(#2444,#2445));
#31=POLYLINE('',(#2446,#2447));
#32=POLYLINE('',(#2448,#2449));
#33=POLYLINE('',(#2450,#2451));
#34=POLYLINE('',(#2452,#2453));
#35=POLYLINE('',(#2454,#2455));
#36=POLYLINE('',(#2468,#2469));
#37=POLYLINE('',(#2479,#2480));
#38=POLYLINE('',(#2490,#2491));
#39=POLYLINE('',(#2499,#2500));
#40=POLYLINE('',(#2501,#2502));
#41=POLYLINE('',(#2503,#2504));
#42=POLYLINE('',(#2505,#2506));
#43=MANIFOLD_SOLID_BREP('Solid1',#1292);
#44=TOROIDAL_SURFACE('',#1398,83.3000000000001,1.5);
#45=TOROIDAL_SURFACE('',#1403,6.,4.5);
#46=TOROIDAL_SURFACE('',#1406,77.3,4.5);
#47=TOROIDAL_SURFACE('',#1409,6.,4.5);
#48=TOROIDAL_SURFACE('',#1419,2.5,0.5);
#49=TOROIDAL_SURFACE('',#1425,7.7,0.5);
#50=TOROIDAL_SURFACE('',#1430,7.7,0.5);
#51=TOROIDAL_SURFACE('',#1435,2.5,0.5);
#52=TOROIDAL_SURFACE('',#1441,6.,3.);
#53=TOROIDAL_SURFACE('',#1444,77.3,3.);
#54=TOROIDAL_SURFACE('',#1447,6.,3.);
#55=TOROIDAL_SURFACE('',#1450,83.3000000000001,3.);
#56=ELLIPSE('',#1344,0.14142135623731,0.1);
#57=ELLIPSE('',#1345,0.14142135623731,0.1);
#58=ELLIPSE('',#1347,0.14142135623731,0.1);
#59=ELLIPSE('',#1349,0.14142135623731,0.1);
#60=ELLIPSE('',#1355,0.14142135623731,0.1);
#61=ELLIPSE('',#1356,0.14142135623731,0.1);
#62=ELLIPSE('',#1358,0.14142135623731,0.1);
#63=ELLIPSE('',#1360,0.14142135623731,0.1);
#64=STYLED_ITEM('',(#2528),#1232);
#65=STYLED_ITEM('',(#2528),#1245);
#66=STYLED_ITEM('',(#2528),#1271);
#67=STYLED_ITEM('',(#2528),#1272);
#68=STYLED_ITEM('',(#2528),#1273);
#69=STYLED_ITEM('',(#2528),#1290);
#70=STYLED_ITEM('',(#2527),#43);
#71=STYLED_ITEM('',(#2529),#30);
#72=STYLED_ITEM('',(#2529),#31);
#73=STYLED_ITEM('',(#2529),#32);
#74=STYLED_ITEM('',(#2529),#33);
#75=STYLED_ITEM('',(#2529),#34);
#76=STYLED_ITEM('',(#2529),#35);
#77=STYLED_ITEM('',(#2529),#19);
#78=STYLED_ITEM('',(#2529),#20);
#79=STYLED_ITEM('',(#2529),#21);
#80=STYLED_ITEM('',(#2529),#22);
#81=STYLED_ITEM('',(#2529),#36);
#82=STYLED_ITEM('',(#2530),#205);
#83=STYLED_ITEM('',(#2529),#23);
#84=STYLED_ITEM('',(#2529),#24);
#85=STYLED_ITEM('',(#2529),#37);
#86=STYLED_ITEM('',(#2529),#25);
#87=STYLED_ITEM('',(#2529),#26);
#88=STYLED_ITEM('',(#2529),#27);
#89=STYLED_ITEM('',(#2529),#38);
#90=STYLED_ITEM('',(#2529),#28);
#91=STYLED_ITEM('',(#2529),#29);
#92=STYLED_ITEM('',(#2529),#39);
#93=STYLED_ITEM('',(#2529),#40);
#94=STYLED_ITEM('',(#2529),#41);
#95=STYLED_ITEM('',(#2529),#42);
#96=FACE_BOUND('',#483,.T.);
#97=FACE_BOUND('',#499,.T.);
#98=FACE_BOUND('',#505,.T.);
#99=FACE_BOUND('',#525,.T.);
#100=FACE_BOUND('',#545,.T.);
#101=CYLINDRICAL_SURFACE('',#1324,0.2);
#102=CYLINDRICAL_SURFACE('',#1336,139.801629541917);
#103=CYLINDRICAL_SURFACE('',#1338,138.314000740464);
#104=CYLINDRICAL_SURFACE('',#1339,138.314000740464);
#105=CYLINDRICAL_SURFACE('',#1342,75.3);
#106=CYLINDRICAL_SURFACE('',#1343,0.1);
#107=CYLINDRICAL_SURFACE('',#1346,0.1);
#108=CYLINDRICAL_SURFACE('',#1348,0.1);
#109=CYLINDRICAL_SURFACE('',#1350,0.1);
#110=CYLINDRICAL_SURFACE('',#1354,0.1);
#111=CYLINDRICAL_SURFACE('',#1357,0.1);
#112=CYLINDRICAL_SURFACE('',#1359,0.1);
#113=CYLINDRICAL_SURFACE('',#1361,0.1);
#114=CYLINDRICAL_SURFACE('',#1365,3.19999999999998);
#115=CYLINDRICAL_SURFACE('',#1369,3.19999999999998);
#116=CYLINDRICAL_SURFACE('',#1373,3.19999999999998);
#117=CYLINDRICAL_SURFACE('',#1377,3.19999999999998);
#118=CYLINDRICAL_SURFACE('',#1381,6.);
#119=CYLINDRICAL_SURFACE('',#1384,77.3);
#120=CYLINDRICAL_SURFACE('',#1387,6.);
#121=CYLINDRICAL_SURFACE('',#1391,1.5);
#122=CYLINDRICAL_SURFACE('',#1394,6.7);
#123=CYLINDRICAL_SURFACE('',#1396,6.7);
#124=CYLINDRICAL_SURFACE('',#1410,1.5);
#125=CYLINDRICAL_SURFACE('',#1411,73.8);
#126=CYLINDRICAL_SURFACE('',#1412,81.8000000000001);
#127=CYLINDRICAL_SURFACE('',#1414,8.2);
#128=CYLINDRICAL_SURFACE('',#1416,8.2);
#129=CYLINDRICAL_SURFACE('',#1423,0.5);
#130=CYLINDRICAL_SURFACE('',#1428,0.5);
#131=CYLINDRICAL_SURFACE('',#1433,0.5);
#132=CYLINDRICAL_SURFACE('',#1449,3.);
#133=CYLINDRICAL_SURFACE('',#1452,3.);
#134=CYLINDRICAL_SURFACE('',#1454,80.3);
#135=CIRCLE('',#1316,6.);
#136=CIRCLE('',#1317,138.314000740464);
#137=CIRCLE('',#1318,73.8);
#138=CIRCLE('',#1319,6.);
#139=CIRCLE('',#1320,75.3);
#140=CIRCLE('',#1321,138.314000740464);
#141=CIRCLE('',#1322,139.801629541917);
#142=CIRCLE('',#1323,0.2);
#143=CIRCLE('',#1325,0.2);
#144=CIRCLE('',#1327,139.801629541917);
#145=CIRCLE('',#1328,138.314000740464);
#146=CIRCLE('',#1329,75.3);
#147=CIRCLE('',#1330,8.2);
#148=CIRCLE('',#1331,8.2);
#149=CIRCLE('',#1332,6.7);
#150=CIRCLE('',#1333,6.7);
#151=CIRCLE('',#1334,73.8);
#152=CIRCLE('',#1335,138.314000740464);
#153=CIRCLE('',#1366,3.19999999999998);
#154=CIRCLE('',#1367,3.19999999999998);
#155=CIRCLE('',#1370,3.19999999999998);
#156=CIRCLE('',#1371,3.19999999999998);
#157=CIRCLE('',#1374,3.19999999999998);
#158=CIRCLE('',#1375,3.19999999999998);
#159=CIRCLE('',#1378,3.19999999999998);
#160=CIRCLE('',#1379,3.19999999999998);
#161=CIRCLE('',#1382,6.);
#162=CIRCLE('',#1383,6.);
#163=CIRCLE('',#1385,77.3);
#164=CIRCLE('',#1386,77.3);
#165=CIRCLE('',#1388,6.);
#166=CIRCLE('',#1389,6.);
#167=CIRCLE('',#1392,1.5);
#168=CIRCLE('',#1393,1.5);
#169=CIRCLE('',#1395,6.7);
#170=CIRCLE('',#1397,6.7);
#171=CIRCLE('',#1399,81.8);
#172=CIRCLE('',#1400,83.3000000000001);
#173=CIRCLE('',#1402,1.5);
#174=CIRCLE('',#1404,4.5);
#175=CIRCLE('',#1405,1.5);
#176=CIRCLE('',#1407,4.5);
#177=CIRCLE('',#1408,81.8);
#178=CIRCLE('',#1415,8.2);
#179=CIRCLE('',#1417,8.2);
#180=CIRCLE('',#1418,0.5);
#181=CIRCLE('',#1420,0.5);
#182=CIRCLE('',#1421,3.);
#183=CIRCLE('',#1422,2.5);
#184=CIRCLE('',#1424,0.5);
#185=CIRCLE('',#1426,0.500000000000003);
#186=CIRCLE('',#1427,7.7);
#187=CIRCLE('',#1429,0.5);
#188=CIRCLE('',#1431,0.500000000000003);
#189=CIRCLE('',#1432,7.7);
#190=CIRCLE('',#1434,0.5);
#191=CIRCLE('',#1436,0.5);
#192=CIRCLE('',#1437,3.);
#193=CIRCLE('',#1438,2.5);
#194=CIRCLE('',#1440,83.3000000000001);
#195=CIRCLE('',#1442,3.);
#196=CIRCLE('',#1443,3.);
#197=CIRCLE('',#1445,3.);
#198=CIRCLE('',#1446,80.3000000000001);
#199=CIRCLE('',#1448,3.);
#200=CIRCLE('',#1451,80.3);
#201=CIRCLE('',#1455,5.2);
#202=CIRCLE('',#1456,5.2);
#203=CIRCLE('',#1457,5.2);
#204=CIRCLE('',#1458,5.2);
#205=CIRCLE('',#1459,75.3);
#206=CIRCLE('',#1460,75.3);
#207=CIRCLE('',#1461,6.);
#208=CIRCLE('',#1462,73.8);
#209=CIRCLE('',#1463,140.);
#210=CIRCLE('',#1464,73.8);
#211=CIRCLE('',#1465,6.);
#212=CIRCLE('',#1466,77.3);
#213=LINE('',#1910,#301);
#214=LINE('',#1914,#302);
#215=LINE('',#1920,#303);
#216=LINE('',#1924,#304);
#217=LINE('',#1930,#305);
#218=LINE('',#1936,#306);
#219=LINE('',#1945,#307);
#220=LINE('',#1946,#308);
#221=LINE('',#1953,#309);
#222=LINE('',#1957,#310);
#223=LINE('',#1963,#311);
#224=LINE('',#1967,#312);
#225=LINE('',#1970,#313);
#226=LINE('',#1973,#314);
#227=LINE('',#1977,#315);
#228=LINE('',#1981,#316);
#229=LINE('',#1986,#317);
#230=LINE('',#1995,#318);
#231=LINE('',#1996,#319);
#232=LINE('',#1998,#320);
#233=LINE('',#1999,#321);
#234=LINE('',#2003,#322);
#235=LINE('',#2016,#323);
#236=LINE('',#2018,#324);
#237=LINE('',#2019,#325);
#238=LINE('',#2021,#326);
#239=LINE('',#2041,#327);
#240=LINE('',#2045,#328);
#241=LINE('',#2049,#329);
#242=LINE('',#2052,#330);
#243=LINE('',#2055,#331);
#244=LINE('',#2057,#332);
#245=LINE('',#2060,#333);
#246=LINE('',#2061,#334);
#247=LINE('',#2064,#335);
#248=LINE('',#2066,#336);
#249=LINE('',#2067,#337);
#250=LINE('',#2070,#338);
#251=LINE('',#2071,#339);
#252=LINE('',#2075,#340);
#253=LINE('',#2076,#341);
#254=LINE('',#2077,#342);
#255=LINE('',#2081,#343);
#256=LINE('',#2086,#344);
#257=LINE('',#2089,#345);
#258=LINE('',#2093,#346);
#259=LINE('',#2095,#347);
#260=LINE('',#2096,#348);
#261=LINE('',#2099,#349);
#262=LINE('',#2101,#350);
#263=LINE('',#2102,#351);
#264=LINE('',#2104,#352);
#265=LINE('',#2111,#353);
#266=LINE('',#2114,#354);
#267=LINE('',#2117,#355);
#268=LINE('',#2119,#356);
#269=LINE('',#2120,#357);
#270=LINE('',#2126,#358);
#271=LINE('',#2129,#359);
#272=LINE('',#2131,#360);
#273=LINE('',#2132,#361);
#274=LINE('',#2138,#362);
#275=LINE('',#2141,#363);
#276=LINE('',#2143,#364);
#277=LINE('',#2144,#365);
#278=LINE('',#2150,#366);
#279=LINE('',#2152,#367);
#280=LINE('',#2153,#368);
#281=LINE('',#2159,#369);
#282=LINE('',#2165,#370);
#283=LINE('',#2170,#371);
#284=LINE('',#2173,#372);
#285=LINE('',#2175,#373);
#286=LINE('',#2177,#374);
#287=LINE('',#2188,#375);
#288=LINE('',#2195,#376);
#289=LINE('',#2240,#377);
#290=LINE('',#2245,#378);
#291=LINE('',#2247,#379);
#292=LINE('',#2249,#380);
#293=LINE('',#2264,#381);
#294=LINE('',#2339,#382);
#295=LINE('',#2340,#383);
#296=LINE('',#2348,#384);
#297=LINE('',#2356,#385);
#298=LINE('',#2436,#386);
#299=LINE('',#2437,#387);
#300=LINE('',#2441,#388);
#301=VECTOR('',#1471,10.);
#302=VECTOR('',#1474,10.);
#303=VECTOR('',#1479,10.);
#304=VECTOR('',#1482,10.);
#305=VECTOR('',#1487,10.);
#306=VECTOR('',#1492,10.);
#307=VECTOR('',#1497,10.);
#308=VECTOR('',#1498,10.);
#309=VECTOR('',#1501,10.);
#310=VECTOR('',#1504,10.);
#311=VECTOR('',#1509,10.);
#312=VECTOR('',#1512,10.);
#313=VECTOR('',#1515,10.);
#314=VECTOR('',#1516,10.);
#315=VECTOR('',#1519,10.);
#316=VECTOR('',#1522,10.);
#317=VECTOR('',#1529,10.);
#318=VECTOR('',#1534,10.);
#319=VECTOR('',#1535,10.);
#320=VECTOR('',#1538,10.);
#321=VECTOR('',#1539,10.);
#322=VECTOR('',#1544,10.);
#323=VECTOR('',#1545,10.);
#324=VECTOR('',#1546,10.);
#325=VECTOR('',#1547,10.);
#326=VECTOR('',#1550,10.);
#327=VECTOR('',#1553,10.);
#328=VECTOR('',#1556,10.);
#329=VECTOR('',#1561,10.);
#330=VECTOR('',#1564,10.);
#331=VECTOR('',#1567,10.);
#332=VECTOR('',#1568,10.);
#333=VECTOR('',#1573,10.);
#334=VECTOR('',#1574,10.);
#335=VECTOR('',#1577,10.);
#336=VECTOR('',#1578,10.);
#337=VECTOR('',#1579,10.);
#338=VECTOR('',#1582,10.);
#339=VECTOR('',#1583,10.);
#340=VECTOR('',#1586,10.);
#341=VECTOR('',#1587,10.);
#342=VECTOR('',#1588,10.);
#343=VECTOR('',#1591,10.);
#344=VECTOR('',#1598,10.);
#345=VECTOR('',#1601,10.);
#346=VECTOR('',#1606,10.);
#347=VECTOR('',#1609,10.);
#348=VECTOR('',#1610,10.);
#349=VECTOR('',#1613,10.);
#350=VECTOR('',#1614,10.);
#351=VECTOR('',#1615,10.);
#352=VECTOR('',#1618,10.);
#353=VECTOR('',#1625,10.);
#354=VECTOR('',#1628,10.);
#355=VECTOR('',#1631,10.);
#356=VECTOR('',#1632,10.);
#357=VECTOR('',#1633,10.);
#358=VECTOR('',#1640,10.);
#359=VECTOR('',#1643,10.);
#360=VECTOR('',#1644,10.);
#361=VECTOR('',#1645,10.);
#362=VECTOR('',#1652,10.);
#363=VECTOR('',#1655,10.);
#364=VECTOR('',#1656,10.);
#365=VECTOR('',#1657,10.);
#366=VECTOR('',#1664,10.);
#367=VECTOR('',#1667,10.);
#368=VECTOR('',#1668,10.);
#369=VECTOR('',#1675,10.);
#370=VECTOR('',#1682,10.);
#371=VECTOR('',#1689,10.);
#372=VECTOR('',#1692,10.);
#373=VECTOR('',#1693,10.);
#374=VECTOR('',#1694,10.);
#375=VECTOR('',#1695,10.);
#376=VECTOR('',#1702,10.);
#377=VECTOR('',#1737,10.);
#378=VECTOR('',#1744,10.);
#379=VECTOR('',#1745,10.);
#380=VECTOR('',#1746,10.);
#381=VECTOR('',#1753,10.);
#382=VECTOR('',#1770,10.);
#383=VECTOR('',#1771,10.);
#384=VECTOR('',#1782,10.);
#385=VECTOR('',#1793,10.);
#386=VECTOR('',#1824,10.);
#387=VECTOR('',#1825,10.);
#388=VECTOR('',#1832,10.);
#389=PLANE('',#1315);
#390=PLANE('',#1326);
#391=PLANE('',#1337);
#392=PLANE('',#1340);
#393=PLANE('',#1341);
#394=PLANE('',#1351);
#395=PLANE('',#1352);
#396=PLANE('',#1353);
#397=PLANE('',#1362);
#398=PLANE('',#1363);
#399=PLANE('',#1364);
#400=PLANE('',#1368);
#401=PLANE('',#1372);
#402=PLANE('',#1376);
#403=PLANE('',#1380);
#404=PLANE('',#1390);
#405=PLANE('',#1401);
#406=PLANE('',#1413);
#407=PLANE('',#1439);
#408=PLANE('',#1453);
#409=FACE_OUTER_BOUND('',#479,.T.);
#410=FACE_OUTER_BOUND('',#480,.T.);
#411=FACE_OUTER_BOUND('',#481,.T.);
#412=FACE_OUTER_BOUND('',#482,.T.);
#413=FACE_OUTER_BOUND('',#484,.T.);
#414=FACE_OUTER_BOUND('',#485,.T.);
#415=FACE_OUTER_BOUND('',#486,.T.);
#416=FACE_OUTER_BOUND('',#487,.T.);
#417=FACE_OUTER_BOUND('',#488,.T.);
#418=FACE_OUTER_BOUND('',#489,.T.);
#419=FACE_OUTER_BOUND('',#490,.T.);
#420=FACE_OUTER_BOUND('',#491,.T.);
#421=FACE_OUTER_BOUND('',#492,.T.);
#422=FACE_OUTER_BOUND('',#493,.T.);
#423=FACE_OUTER_BOUND('',#494,.T.);
#424=FACE_OUTER_BOUND('',#495,.T.);
#425=FACE_OUTER_BOUND('',#496,.T.);
#426=FACE_OUTER_BOUND('',#497,.T.);
#427=FACE_OUTER_BOUND('',#498,.T.);
#428=FACE_OUTER_BOUND('',#500,.T.);
#429=FACE_OUTER_BOUND('',#501,.T.);
#430=FACE_OUTER_BOUND('',#502,.T.);
#431=FACE_OUTER_BOUND('',#503,.T.);
#432=FACE_OUTER_BOUND('',#504,.T.);
#433=FACE_OUTER_BOUND('',#506,.T.);
#434=FACE_OUTER_BOUND('',#507,.T.);
#435=FACE_OUTER_BOUND('',#508,.T.);
#436=FACE_OUTER_BOUND('',#509,.T.);
#437=FACE_OUTER_BOUND('',#510,.T.);
#438=FACE_OUTER_BOUND('',#511,.T.);
#439=FACE_OUTER_BOUND('',#512,.T.);
#440=FACE_OUTER_BOUND('',#513,.T.);
#441=FACE_OUTER_BOUND('',#514,.T.);
#442=FACE_OUTER_BOUND('',#515,.T.);
#443=FACE_OUTER_BOUND('',#516,.T.);
#444=FACE_OUTER_BOUND('',#517,.T.);
#445=FACE_OUTER_BOUND('',#518,.T.);
#446=FACE_OUTER_BOUND('',#519,.T.);
#447=FACE_OUTER_BOUND('',#520,.T.);
#448=FACE_OUTER_BOUND('',#521,.T.);
#449=FACE_OUTER_BOUND('',#522,.T.);
#450=FACE_OUTER_BOUND('',#523,.T.);
#451=FACE_OUTER_BOUND('',#524,.T.);
#452=FACE_OUTER_BOUND('',#526,.T.);
#453=FACE_OUTER_BOUND('',#527,.T.);
#454=FACE_OUTER_BOUND('',#528,.T.);
#455=FACE_OUTER_BOUND('',#529,.T.);
#456=FACE_OUTER_BOUND('',#530,.T.);
#457=FACE_OUTER_BOUND('',#531,.T.);
#458=FACE_OUTER_BOUND('',#532,.T.);
#459=FACE_OUTER_BOUND('',#533,.T.);
#460=FACE_OUTER_BOUND('',#534,.T.);
#461=FACE_OUTER_BOUND('',#535,.T.);
#462=FACE_OUTER_BOUND('',#536,.T.);
#463=FACE_OUTER_BOUND('',#537,.T.);
#464=FACE_OUTER_BOUND('',#538,.T.);
#465=FACE_OUTER_BOUND('',#539,.T.);
#466=FACE_OUTER_BOUND('',#540,.T.);
#467=FACE_OUTER_BOUND('',#541,.T.);
#468=FACE_OUTER_BOUND('',#542,.T.);
#469=FACE_OUTER_BOUND('',#543,.T.);
#470=FACE_OUTER_BOUND('',#544,.T.);
#471=FACE_OUTER_BOUND('',#546,.T.);
#472=FACE_OUTER_BOUND('',#547,.T.);
#473=FACE_OUTER_BOUND('',#548,.T.);
#474=FACE_OUTER_BOUND('',#549,.T.);
#475=FACE_OUTER_BOUND('',#550,.T.);
#476=FACE_OUTER_BOUND('',#551,.T.);
#477=FACE_OUTER_BOUND('',#552,.T.);
#478=FACE_OUTER_BOUND('',#553,.T.);
#479=EDGE_LOOP('',(#860,#861,#862,#863));
#480=EDGE_LOOP('',(#864,#865,#866,#867,#868,#869,#870,#871,#872,#873,#874,
#875,#876,#877,#878,#879));
#481=EDGE_LOOP('',(#880,#881,#882,#883));
#482=EDGE_LOOP('',(#884,#885,#886,#887,#888,#889,#890,#891,#892,#893,#894,
#895,#896));
#483=EDGE_LOOP('',(#897,#898,#899,#900,#901,#902,#903));
#484=EDGE_LOOP('',(#904,#905,#906,#907));
#485=EDGE_LOOP('',(#908,#909,#910,#911));
#486=EDGE_LOOP('',(#912,#913,#914,#915));
#487=EDGE_LOOP('',(#916,#917,#918,#919));
#488=EDGE_LOOP('',(#920,#921,#922,#923));
#489=EDGE_LOOP('',(#924,#925,#926,#927,#928,#929,#930,#931));
#490=EDGE_LOOP('',(#932,#933,#934,#935));
#491=EDGE_LOOP('',(#936,#937,#938,#939));
#492=EDGE_LOOP('',(#940,#941,#942,#943));
#493=EDGE_LOOP('',(#944,#945,#946,#947));
#494=EDGE_LOOP('',(#948,#949,#950,#951));
#495=EDGE_LOOP('',(#952,#953,#954,#955));
#496=EDGE_LOOP('',(#956,#957,#958,#959));
#497=EDGE_LOOP('',(#960,#961,#962,#963));
#498=EDGE_LOOP('',(#964,#965,#966,#967));
#499=EDGE_LOOP('',(#968,#969,#970,#971));
#500=EDGE_LOOP('',(#972,#973,#974,#975));
#501=EDGE_LOOP('',(#976,#977,#978,#979));
#502=EDGE_LOOP('',(#980,#981,#982,#983));
#503=EDGE_LOOP('',(#984,#985,#986,#987));
#504=EDGE_LOOP('',(#988,#989,#990,#991));
#505=EDGE_LOOP('',(#992,#993,#994,#995));
#506=EDGE_LOOP('',(#996,#997,#998,#999));
#507=EDGE_LOOP('',(#1000,#1001,#1002,#1003));
#508=EDGE_LOOP('',(#1004,#1005,#1006,#1007));
#509=EDGE_LOOP('',(#1008,#1009,#1010,#1011));
#510=EDGE_LOOP('',(#1012,#1013,#1014,#1015));
#511=EDGE_LOOP('',(#1016,#1017,#1018,#1019));
#512=EDGE_LOOP('',(#1020,#1021,#1022,#1023));
#513=EDGE_LOOP('',(#1024,#1025,#1026,#1027));
#514=EDGE_LOOP('',(#1028,#1029,#1030,#1031));
#515=EDGE_LOOP('',(#1032,#1033,#1034,#1035));
#516=EDGE_LOOP('',(#1036,#1037,#1038,#1039));
#517=EDGE_LOOP('',(#1040,#1041,#1042,#1043));
#518=EDGE_LOOP('',(#1044,#1045,#1046,#1047));
#519=EDGE_LOOP('',(#1048,#1049,#1050,#1051,#1052,#1053,#1054,#1055));
#520=EDGE_LOOP('',(#1056,#1057,#1058,#1059,#1060));
#521=EDGE_LOOP('',(#1061,#1062,#1063,#1064));
#522=EDGE_LOOP('',(#1065,#1066,#1067,#1068));
#523=EDGE_LOOP('',(#1069,#1070,#1071,#1072));
#524=EDGE_LOOP('',(#1073,#1074,#1075,#1076,#1077,#1078,#1079,#1080));
#525=EDGE_LOOP('',(#1081,#1082,#1083,#1084,#1085,#1086,#1087,#1088));
#526=EDGE_LOOP('',(#1089,#1090,#1091,#1092));
#527=EDGE_LOOP('',(#1093,#1094,#1095,#1096));
#528=EDGE_LOOP('',(#1097,#1098,#1099,#1100));
#529=EDGE_LOOP('',(#1101,#1102,#1103,#1104,#1105));
#530=EDGE_LOOP('',(#1106,#1107,#1108,#1109));
#531=EDGE_LOOP('',(#1110,#1111,#1112,#1113));
#532=EDGE_LOOP('',(#1114,#1115,#1116,#1117,#1118,#1119,#1120));
#533=EDGE_LOOP('',(#1121,#1122,#1123,#1124));
#534=EDGE_LOOP('',(#1125,#1126,#1127,#1128));
#535=EDGE_LOOP('',(#1129,#1130,#1131));
#536=EDGE_LOOP('',(#1132,#1133,#1134,#1135));
#537=EDGE_LOOP('',(#1136,#1137,#1138,#1139));
#538=EDGE_LOOP('',(#1140,#1141,#1142,#1143));
#539=EDGE_LOOP('',(#1144,#1145,#1146,#1147));
#540=EDGE_LOOP('',(#1148,#1149,#1150,#1151));
#541=EDGE_LOOP('',(#1152,#1153,#1154,#1155));
#542=EDGE_LOOP('',(#1156,#1157,#1158,#1159));
#543=EDGE_LOOP('',(#1160,#1161,#1162));
#544=EDGE_LOOP('',(#1163,#1164,#1165,#1166,#1167,#1168,#1169,#1170));
#545=EDGE_LOOP('',(#1171,#1172,#1173,#1174,#1175,#1176,#1177,#1178));
#546=EDGE_LOOP('',(#1179,#1180,#1181,#1182,#1183));
#547=EDGE_LOOP('',(#1184,#1185,#1186,#1187));
#548=EDGE_LOOP('',(#1188,#1189,#1190,#1191,#1192));
#549=EDGE_LOOP('',(#1193,#1194,#1195,#1196,#1197));
#550=EDGE_LOOP('',(#1198,#1199,#1200,#1201));
#551=EDGE_LOOP('',(#1202,#1203,#1204,#1205,#1206));
#552=EDGE_LOOP('',(#1207,#1208,#1209,#1210,#1211,#1212,#1213));
#553=EDGE_LOOP('',(#1214,#1215,#1216,#1217));
#554=B_SPLINE_CURVE_WITH_KNOTS('',3,(#1884,#1885,#1886,#1887,#1888,#1889,
#1890),.UNSPECIFIED.,.F.,.F.,(4,3,4),(0.,0.0150356758095692,0.026312432666746),
 .UNSPECIFIED.);
#555=B_SPLINE_CURVE_WITH_KNOTS('',3,(#1892,#1893,#1894,#1895),
 .UNSPECIFIED.,.F.,.F.,(4,4),(-1.15339267906036E-16,0.85),.UNSPECIFIED.);
#556=B_SPLINE_CURVE_WITH_KNOTS('',3,(#1897,#1898,#1899,#1900,#1901,#1902,
#1903),.UNSPECIFIED.,.F.,.F.,(4,3,4),(0.,0.0112767568571769,0.026312432666746),
 .UNSPECIFIED.);
#557=B_SPLINE_CURVE_WITH_KNOTS('',3,(#1904,#1905,#1906,#1907),
 .UNSPECIFIED.,.F.,.F.,(4,4),(-0.85,5.55111512312578E-17),.UNSPECIFIED.);
#558=B_SPLINE_CURVE_WITH_KNOTS('',3,(#1937,#1938,#1939,#1940),
 .UNSPECIFIED.,.F.,.F.,(4,4),(-0.00283070891061338,0.),.UNSPECIFIED.);
#559=B_SPLINE_CURVE_WITH_KNOTS('',3,(#1949,#1950,#1951,#1952),
 .UNSPECIFIED.,.F.,.F.,(4,4),(0.,0.00283070891061338),.UNSPECIFIED.);
#560=B_SPLINE_CURVE_WITH_KNOTS('',3,(#1988,#1989,#1990,#1991,#1992,#1993),
 .UNSPECIFIED.,.F.,.F.,(4,2,4),(-0.85,-0.425,0.),.UNSPECIFIED.);
#561=B_SPLINE_CURVE_WITH_KNOTS('',3,(#2005,#2006,#2007,#2008,#2009,#2010,
#2011,#2012,#2013,#2014),.UNSPECIFIED.,.F.,.F.,(4,2,2,2,4),(0.,0.210600543939728,
0.421201087879457,0.580664686699921,0.73092276825458),.UNSPECIFIED.);
#562=B_SPLINE_CURVE_WITH_KNOTS('',3,(#2178,#2179,#2180,#2181,#2182,#2183,
#2184,#2185,#2186,#2187),.UNSPECIFIED.,.F.,.F.,(4,2,2,2,4),(0.,0.210600543939729,
0.421201087879457,0.580664686699921,0.730922768254579),.UNSPECIFIED.);
#563=B_SPLINE_CURVE_WITH_KNOTS('',3,(#2196,#2197,#2198,#2199,#2200,#2201,
#2202,#2203,#2204,#2205,#2206,#2207),.UNSPECIFIED.,.F.,.F.,(4,2,2,2,2,4),
(-0.322807234674005,-0.269532093167375,-0.203178860806708,-0.114070764335436,
0.,0.000770973344563713),.UNSPECIFIED.);
#564=B_SPLINE_CURVE_WITH_KNOTS('',3,(#2216,#2217,#2218,#2219,#2220,#2221,
#2222,#2223,#2224,#2225,#2226,#2227),.UNSPECIFIED.,.F.,.F.,(4,2,2,2,2,4),
(-0.552342301040715,-0.551712587727303,-0.458542208435405,-0.385760762682647,
-0.331564967094894,-0.288051055620176),.UNSPECIFIED.);
#565=B_SPLINE_CURVE_WITH_KNOTS('',3,(#2250,#2251,#2252,#2253,#2254,#2255,
#2256,#2257,#2258,#2259),.UNSPECIFIED.,.F.,.F.,(4,2,2,2,4),(1.51659672011553,
1.63129155995953,1.74598639980354,1.9223306285029,2.09867485720226),
 .UNSPECIFIED.);
#566=B_SPLINE_CURVE_WITH_KNOTS('',3,(#2310,#2311,#2312,#2313,#2314,#2315,
#2316,#2317,#2318,#2319),.UNSPECIFIED.,.F.,.F.,(4,1,1,1,1,2,4),(0.,0.0943496324604674,
0.188699264920935,0.283048897381402,0.37739852984187,0.471748162302337,
0.472712259422245),.UNSPECIFIED.);
#567=B_SPLINE_CURVE_WITH_KNOTS('',3,(#2320,#2321,#2322,#2323,#2324,#2325,
#2326,#2327,#2328,#2329),.UNSPECIFIED.,.F.,.F.,(4,2,1,1,1,1,4),(-0.472712259422245,
-0.471748162302337,-0.37739852984187,-0.283048897381402,-0.188699264920935,
-0.0943496324604674,0.),.UNSPECIFIED.);
#568=B_SPLINE_CURVE_WITH_KNOTS('',3,(#2396,#2397,#2398,#2399,#2400,#2401,
#2402,#2403),.UNSPECIFIED.,.F.,.F.,(4,1,1,2,4),(-0.471748126483646,-0.377398501186917,
-0.283048875890187,0.,0.00096412919906828),.UNSPECIFIED.);
#569=B_SPLINE_CURVE_WITH_KNOTS('',3,(#2404,#2405,#2406,#2407,#2408,#2409,
#2410,#2411),.UNSPECIFIED.,.F.,.F.,(4,2,1,1,4),(-0.00096412919906828,0.,
0.283048875890187,0.377398501186917,0.471748126483646),.UNSPECIFIED.);
#570=B_SPLINE_CURVE_WITH_KNOTS('',3,(#2419,#2420,#2421,#2422,#2423,#2424,
#2425,#2426,#2427,#2428),.UNSPECIFIED.,.F.,.F.,(4,2,2,2,4),(0.,0.176344228699363,
0.352688457398725,0.46738329724273,0.582078137086735),.UNSPECIFIED.);
#571=VERTEX_POINT('',#1882);
#572=VERTEX_POINT('',#1883);
#573=VERTEX_POINT('',#1891);
#574=VERTEX_POINT('',#1896);
#575=VERTEX_POINT('',#1909);
#576=VERTEX_POINT('',#1911);
#577=VERTEX_POINT('',#1913);
#578=VERTEX_POINT('',#1915);
#579=VERTEX_POINT('',#1917);
#580=VERTEX_POINT('',#1919);
#581=VERTEX_POINT('',#1921);
#582=VERTEX_POINT('',#1923);
#583=VERTEX_POINT('',#1925);
#584=VERTEX_POINT('',#1927);
#585=VERTEX_POINT('',#1929);
#586=VERTEX_POINT('',#1931);
#587=VERTEX_POINT('',#1933);
#588=VERTEX_POINT('',#1935);
#589=VERTEX_POINT('',#1942);
#590=VERTEX_POINT('',#1943);
#591=VERTEX_POINT('',#1948);
#592=VERTEX_POINT('',#1954);
#593=VERTEX_POINT('',#1956);
#594=VERTEX_POINT('',#1958);
#595=VERTEX_POINT('',#1960);
#596=VERTEX_POINT('',#1962);
#597=VERTEX_POINT('',#1964);
#598=VERTEX_POINT('',#1966);
#599=VERTEX_POINT('',#1968);
#600=VERTEX_POINT('',#1971);
#601=VERTEX_POINT('',#1972);
#602=VERTEX_POINT('',#1974);
#603=VERTEX_POINT('',#1976);
#604=VERTEX_POINT('',#1978);
#605=VERTEX_POINT('',#1980);
#606=VERTEX_POINT('',#1982);
#607=VERTEX_POINT('',#2002);
#608=VERTEX_POINT('',#2004);
#609=VERTEX_POINT('',#2015);
#610=VERTEX_POINT('',#2017);
#611=VERTEX_POINT('',#2039);
#612=VERTEX_POINT('',#2040);
#613=VERTEX_POINT('',#2042);
#614=VERTEX_POINT('',#2044);
#615=VERTEX_POINT('',#2048);
#616=VERTEX_POINT('',#2050);
#617=VERTEX_POINT('',#2054);
#618=VERTEX_POINT('',#2056);
#619=VERTEX_POINT('',#2063);
#620=VERTEX_POINT('',#2065);
#621=VERTEX_POINT('',#2069);
#622=VERTEX_POINT('',#2073);
#623=VERTEX_POINT('',#2074);
#624=VERTEX_POINT('',#2079);
#625=VERTEX_POINT('',#2080);
#626=VERTEX_POINT('',#2085);
#627=VERTEX_POINT('',#2087);
#628=VERTEX_POINT('',#2091);
#629=VERTEX_POINT('',#2098);
#630=VERTEX_POINT('',#2100);
#631=VERTEX_POINT('',#2107);
#632=VERTEX_POINT('',#2108);
#633=VERTEX_POINT('',#2110);
#634=VERTEX_POINT('',#2112);
#635=VERTEX_POINT('',#2116);
#636=VERTEX_POINT('',#2118);
#637=VERTEX_POINT('',#2122);
#638=VERTEX_POINT('',#2124);
#639=VERTEX_POINT('',#2128);
#640=VERTEX_POINT('',#2130);
#641=VERTEX_POINT('',#2134);
#642=VERTEX_POINT('',#2136);
#643=VERTEX_POINT('',#2140);
#644=VERTEX_POINT('',#2142);
#645=VERTEX_POINT('',#2146);
#646=VERTEX_POINT('',#2148);
#647=VERTEX_POINT('',#2155);
#648=VERTEX_POINT('',#2157);
#649=VERTEX_POINT('',#2161);
#650=VERTEX_POINT('',#2163);
#651=VERTEX_POINT('',#2167);
#652=VERTEX_POINT('',#2172);
#653=VERTEX_POINT('',#2174);
#654=VERTEX_POINT('',#2176);
#655=VERTEX_POINT('',#2190);
#656=VERTEX_POINT('',#2192);
#657=VERTEX_POINT('',#2194);
#658=VERTEX_POINT('',#2213);
#659=VERTEX_POINT('',#2215);
#660=VERTEX_POINT('',#2232);
#661=VERTEX_POINT('',#2244);
#662=VERTEX_POINT('',#2246);
#663=VERTEX_POINT('',#2248);
#664=VERTEX_POINT('',#2263);
#665=VERTEX_POINT('',#2306);
#666=VERTEX_POINT('',#2307);
#667=VERTEX_POINT('',#2309);
#668=VERTEX_POINT('',#2331);
#669=VERTEX_POINT('',#2332);
#670=VERTEX_POINT('',#2337);
#671=VERTEX_POINT('',#2342);
#672=VERTEX_POINT('',#2346);
#673=VERTEX_POINT('',#2350);
#674=VERTEX_POINT('',#2354);
#675=VERTEX_POINT('',#2358);
#676=VERTEX_POINT('',#2359);
#677=VERTEX_POINT('',#2395);
#678=VERTEX_POINT('',#2415);
#679=VERTEX_POINT('',#2417);
#680=VERTEX_POINT('',#2430);
#681=EDGE_CURVE('',#571,#572,#554,.T.);
#682=EDGE_CURVE('',#572,#573,#555,.T.);
#683=EDGE_CURVE('',#573,#574,#556,.T.);
#684=EDGE_CURVE('',#571,#574,#557,.T.);
#685=EDGE_CURVE('',#575,#573,#213,.T.);
#686=EDGE_CURVE('',#576,#575,#135,.T.);
#687=EDGE_CURVE('',#576,#577,#214,.T.);
#688=EDGE_CURVE('',#578,#577,#136,.T.);
#689=EDGE_CURVE('',#578,#579,#137,.T.);
#690=EDGE_CURVE('',#579,#580,#215,.T.);
#691=EDGE_CURVE('',#581,#580,#138,.T.);
#692=EDGE_CURVE('',#582,#581,#216,.T.);
#693=EDGE_CURVE('',#583,#582,#139,.T.);
#694=EDGE_CURVE('',#584,#583,#140,.T.);
#695=EDGE_CURVE('',#585,#584,#217,.T.);
#696=EDGE_CURVE('',#585,#586,#141,.T.);
#697=EDGE_CURVE('',#587,#586,#142,.T.);
#698=EDGE_CURVE('',#588,#587,#218,.T.);
#699=EDGE_CURVE('',#588,#574,#558,.T.);
#700=EDGE_CURVE('',#589,#590,#143,.T.);
#701=EDGE_CURVE('',#590,#587,#219,.T.);
#702=EDGE_CURVE('',#586,#589,#220,.T.);
#703=EDGE_CURVE('',#571,#591,#559,.T.);
#704=EDGE_CURVE('',#590,#591,#221,.T.);
#705=EDGE_CURVE('',#592,#589,#144,.T.);
#706=EDGE_CURVE('',#593,#592,#222,.T.);
#707=EDGE_CURVE('',#593,#594,#145,.T.);
#708=EDGE_CURVE('',#595,#594,#146,.T.);
#709=EDGE_CURVE('',#596,#595,#223,.T.);
#710=EDGE_CURVE('',#597,#596,#147,.T.);
#711=EDGE_CURVE('',#598,#597,#224,.T.);
#712=EDGE_CURVE('',#599,#598,#148,.T.);
#713=EDGE_CURVE('',#572,#599,#225,.T.);
#714=EDGE_CURVE('',#600,#601,#226,.T.);
#715=EDGE_CURVE('',#601,#602,#149,.T.);
#716=EDGE_CURVE('',#602,#603,#227,.T.);
#717=EDGE_CURVE('',#603,#604,#150,.T.);
#718=EDGE_CURVE('',#604,#605,#228,.T.);
#719=EDGE_CURVE('',#605,#606,#151,.T.);
#720=EDGE_CURVE('',#606,#600,#152,.T.);
#721=EDGE_CURVE('',#592,#585,#229,.T.);
#722=EDGE_CURVE('',#588,#591,#560,.T.);
#723=EDGE_CURVE('',#594,#583,#230,.T.);
#724=EDGE_CURVE('',#584,#593,#231,.T.);
#725=EDGE_CURVE('',#600,#577,#232,.T.);
#726=EDGE_CURVE('',#578,#606,#233,.T.);
#727=EDGE_CURVE('',#576,#607,#234,.T.);
#728=EDGE_CURVE('',#607,#608,#561,.F.);
#729=EDGE_CURVE('',#608,#609,#235,.T.);
#730=EDGE_CURVE('',#609,#610,#236,.F.);
#731=EDGE_CURVE('',#601,#610,#237,.T.);
#732=EDGE_CURVE('',#582,#595,#238,.T.);
#733=EDGE_CURVE('',#611,#612,#239,.T.);
#734=EDGE_CURVE('',#612,#613,#56,.T.);
#735=EDGE_CURVE('',#613,#614,#240,.T.);
#736=EDGE_CURVE('',#614,#611,#57,.T.);
#737=EDGE_CURVE('',#614,#615,#241,.T.);
#738=EDGE_CURVE('',#615,#616,#58,.T.);
#739=EDGE_CURVE('',#616,#611,#242,.T.);
#740=EDGE_CURVE('',#617,#616,#243,.T.);
#741=EDGE_CURVE('',#615,#618,#244,.T.);
#742=EDGE_CURVE('',#618,#617,#59,.T.);
#743=EDGE_CURVE('',#612,#617,#245,.T.);
#744=EDGE_CURVE('',#618,#613,#246,.T.);
#745=EDGE_CURVE('',#619,#614,#247,.T.);
#746=EDGE_CURVE('',#620,#619,#248,.T.);
#747=EDGE_CURVE('',#620,#615,#249,.T.);
#748=EDGE_CURVE('',#621,#613,#250,.T.);
#749=EDGE_CURVE('',#619,#621,#251,.T.);
#750=EDGE_CURVE('',#622,#623,#252,.F.);
#751=EDGE_CURVE('',#603,#623,#253,.T.);
#752=EDGE_CURVE('',#602,#622,#254,.T.);
#753=EDGE_CURVE('',#624,#625,#255,.T.);
#754=EDGE_CURVE('',#625,#620,#60,.T.);
#755=EDGE_CURVE('',#624,#619,#61,.T.);
#756=EDGE_CURVE('',#625,#626,#256,.T.);
#757=EDGE_CURVE('',#626,#627,#62,.T.);
#758=EDGE_CURVE('',#627,#620,#257,.T.);
#759=EDGE_CURVE('',#621,#628,#63,.T.);
#760=EDGE_CURVE('',#628,#624,#258,.T.);
#761=EDGE_CURVE('',#626,#628,#259,.T.);
#762=EDGE_CURVE('',#621,#627,#260,.T.);
#763=EDGE_CURVE('',#597,#629,#261,.T.);
#764=EDGE_CURVE('',#630,#629,#262,.T.);
#765=EDGE_CURVE('',#598,#630,#263,.T.);
#766=EDGE_CURVE('',#627,#618,#264,.T.);
#767=EDGE_CURVE('',#631,#632,#153,.T.);
#768=EDGE_CURVE('',#633,#631,#265,.T.);
#769=EDGE_CURVE('',#634,#633,#154,.T.);
#770=EDGE_CURVE('',#634,#632,#266,.T.);
#771=EDGE_CURVE('',#632,#635,#267,.T.);
#772=EDGE_CURVE('',#636,#634,#268,.T.);
#773=EDGE_CURVE('',#636,#635,#269,.T.);
#774=EDGE_CURVE('',#635,#637,#155,.T.);
#775=EDGE_CURVE('',#638,#636,#156,.T.);
#776=EDGE_CURVE('',#638,#637,#270,.T.);
#777=EDGE_CURVE('',#637,#639,#271,.T.);
#778=EDGE_CURVE('',#640,#638,#272,.T.);
#779=EDGE_CURVE('',#640,#639,#273,.T.);
#780=EDGE_CURVE('',#639,#641,#157,.T.);
#781=EDGE_CURVE('',#642,#640,#158,.T.);
#782=EDGE_CURVE('',#642,#641,#274,.T.);
#783=EDGE_CURVE('',#641,#643,#275,.T.);
#784=EDGE_CURVE('',#644,#642,#276,.T.);
#785=EDGE_CURVE('',#644,#643,#277,.T.);
#786=EDGE_CURVE('',#643,#645,#159,.T.);
#787=EDGE_CURVE('',#646,#644,#160,.T.);
#788=EDGE_CURVE('',#646,#645,#278,.T.);
#789=EDGE_CURVE('',#645,#631,#279,.T.);
#790=EDGE_CURVE('',#633,#646,#280,.T.);
#791=EDGE_CURVE('',#647,#607,#161,.T.);
#792=EDGE_CURVE('',#648,#576,#162,.T.);
#793=EDGE_CURVE('',#648,#647,#281,.T.);
#794=EDGE_CURVE('',#649,#647,#163,.T.);
#795=EDGE_CURVE('',#650,#648,#164,.T.);
#796=EDGE_CURVE('',#650,#649,#282,.T.);
#797=EDGE_CURVE('',#651,#649,#165,.T.);
#798=EDGE_CURVE('',#580,#650,#166,.T.);
#799=EDGE_CURVE('',#580,#651,#283,.T.);
#800=EDGE_CURVE('',#604,#652,#284,.T.);
#801=EDGE_CURVE('',#652,#653,#285,.T.);
#802=EDGE_CURVE('',#653,#654,#286,.T.);
#803=EDGE_CURVE('',#654,#651,#562,.T.);
#804=EDGE_CURVE('',#579,#605,#287,.T.);
#805=EDGE_CURVE('',#655,#609,#167,.T.);
#806=EDGE_CURVE('',#608,#656,#168,.T.);
#807=EDGE_CURVE('',#657,#656,#288,.T.);
#808=EDGE_CURVE('',#657,#655,#563,.F.);
#809=EDGE_CURVE('',#610,#622,#169,.F.);
#810=EDGE_CURVE('',#623,#652,#170,.F.);
#811=EDGE_CURVE('',#658,#657,#171,.T.);
#812=EDGE_CURVE('',#658,#659,#564,.T.);
#813=EDGE_CURVE('',#655,#659,#172,.T.);
#814=EDGE_CURVE('',#659,#653,#173,.F.);
#815=EDGE_CURVE('',#649,#660,#174,.T.);
#816=EDGE_CURVE('',#660,#654,#175,.T.);
#817=EDGE_CURVE('',#647,#656,#176,.T.);
#818=EDGE_CURVE('',#656,#660,#177,.T.);
#819=EDGE_CURVE('',#660,#658,#289,.T.);
#820=EDGE_CURVE('',#599,#661,#290,.T.);
#821=EDGE_CURVE('',#662,#661,#291,.T.);
#822=EDGE_CURVE('',#663,#662,#292,.T.);
#823=EDGE_CURVE('',#575,#663,#565,.T.);
#824=EDGE_CURVE('',#661,#630,#178,.T.);
#825=EDGE_CURVE('',#596,#664,#293,.T.);
#826=EDGE_CURVE('',#629,#664,#179,.T.);
#827=EDGE_CURVE('',#665,#666,#180,.T.);
#828=EDGE_CURVE('',#666,#667,#566,.T.);
#829=EDGE_CURVE('',#667,#665,#567,.T.);
#830=EDGE_CURVE('',#668,#669,#181,.T.);
#831=EDGE_CURVE('',#669,#666,#182,.T.);
#832=EDGE_CURVE('',#665,#668,#183,.T.);
#833=EDGE_CURVE('',#670,#664,#184,.T.);
#834=EDGE_CURVE('',#664,#669,#294,.T.);
#835=EDGE_CURVE('',#668,#670,#295,.T.);
#836=EDGE_CURVE('',#671,#629,#185,.T.);
#837=EDGE_CURVE('',#670,#671,#186,.T.);
#838=EDGE_CURVE('',#672,#630,#187,.T.);
#839=EDGE_CURVE('',#671,#672,#296,.T.);
#840=EDGE_CURVE('',#673,#661,#188,.T.);
#841=EDGE_CURVE('',#672,#673,#189,.T.);
#842=EDGE_CURVE('',#674,#662,#190,.T.);
#843=EDGE_CURVE('',#673,#674,#297,.T.);
#844=EDGE_CURVE('',#675,#676,#191,.T.);
#845=EDGE_CURVE('',#676,#662,#192,.T.);
#846=EDGE_CURVE('',#674,#675,#193,.T.);
#847=EDGE_CURVE('',#675,#677,#568,.T.);
#848=EDGE_CURVE('',#677,#676,#569,.T.);
#849=EDGE_CURVE('',#675,#665,#194,.T.);
#850=EDGE_CURVE('',#650,#678,#195,.T.);
#851=EDGE_CURVE('',#678,#679,#196,.T.);
#852=EDGE_CURVE('',#679,#581,#570,.T.);
#853=EDGE_CURVE('',#648,#680,#197,.T.);
#854=EDGE_CURVE('',#680,#678,#198,.T.);
#855=EDGE_CURVE('',#663,#680,#199,.T.);
#856=EDGE_CURVE('',#669,#679,#298,.T.);
#857=EDGE_CURVE('',#678,#667,#299,.T.);
#858=EDGE_CURVE('',#667,#677,#200,.T.);
#859=EDGE_CURVE('',#677,#680,#300,.T.);
#860=ORIENTED_EDGE('',*,*,#681,.T.);
#861=ORIENTED_EDGE('',*,*,#682,.T.);
#862=ORIENTED_EDGE('',*,*,#683,.T.);
#863=ORIENTED_EDGE('',*,*,#684,.F.);
#864=ORIENTED_EDGE('',*,*,#683,.F.);
#865=ORIENTED_EDGE('',*,*,#685,.F.);
#866=ORIENTED_EDGE('',*,*,#686,.F.);
#867=ORIENTED_EDGE('',*,*,#687,.T.);
#868=ORIENTED_EDGE('',*,*,#688,.F.);
#869=ORIENTED_EDGE('',*,*,#689,.T.);
#870=ORIENTED_EDGE('',*,*,#690,.T.);
#871=ORIENTED_EDGE('',*,*,#691,.F.);
#872=ORIENTED_EDGE('',*,*,#692,.F.);
#873=ORIENTED_EDGE('',*,*,#693,.F.);
#874=ORIENTED_EDGE('',*,*,#694,.F.);
#875=ORIENTED_EDGE('',*,*,#695,.F.);
#876=ORIENTED_EDGE('',*,*,#696,.T.);
#877=ORIENTED_EDGE('',*,*,#697,.F.);
#878=ORIENTED_EDGE('',*,*,#698,.F.);
#879=ORIENTED_EDGE('',*,*,#699,.T.);
#880=ORIENTED_EDGE('',*,*,#700,.T.);
#881=ORIENTED_EDGE('',*,*,#701,.T.);
#882=ORIENTED_EDGE('',*,*,#697,.T.);
#883=ORIENTED_EDGE('',*,*,#702,.T.);
#884=ORIENTED_EDGE('',*,*,#681,.F.);
#885=ORIENTED_EDGE('',*,*,#703,.T.);
#886=ORIENTED_EDGE('',*,*,#704,.F.);
#887=ORIENTED_EDGE('',*,*,#700,.F.);
#888=ORIENTED_EDGE('',*,*,#705,.F.);
#889=ORIENTED_EDGE('',*,*,#706,.F.);
#890=ORIENTED_EDGE('',*,*,#707,.T.);
#891=ORIENTED_EDGE('',*,*,#708,.F.);
#892=ORIENTED_EDGE('',*,*,#709,.F.);
#893=ORIENTED_EDGE('',*,*,#710,.F.);
#894=ORIENTED_EDGE('',*,*,#711,.F.);
#895=ORIENTED_EDGE('',*,*,#712,.F.);
#896=ORIENTED_EDGE('',*,*,#713,.F.);
#897=ORIENTED_EDGE('',*,*,#714,.T.);
#898=ORIENTED_EDGE('',*,*,#715,.T.);
#899=ORIENTED_EDGE('',*,*,#716,.T.);
#900=ORIENTED_EDGE('',*,*,#717,.T.);
#901=ORIENTED_EDGE('',*,*,#718,.T.);
#902=ORIENTED_EDGE('',*,*,#719,.T.);
#903=ORIENTED_EDGE('',*,*,#720,.T.);
#904=ORIENTED_EDGE('',*,*,#702,.F.);
#905=ORIENTED_EDGE('',*,*,#696,.F.);
#906=ORIENTED_EDGE('',*,*,#721,.F.);
#907=ORIENTED_EDGE('',*,*,#705,.T.);
#908=ORIENTED_EDGE('',*,*,#701,.F.);
#909=ORIENTED_EDGE('',*,*,#704,.T.);
#910=ORIENTED_EDGE('',*,*,#722,.F.);
#911=ORIENTED_EDGE('',*,*,#698,.T.);
#912=ORIENTED_EDGE('',*,*,#723,.F.);
#913=ORIENTED_EDGE('',*,*,#707,.F.);
#914=ORIENTED_EDGE('',*,*,#724,.F.);
#915=ORIENTED_EDGE('',*,*,#694,.T.);
#916=ORIENTED_EDGE('',*,*,#725,.F.);
#917=ORIENTED_EDGE('',*,*,#720,.F.);
#918=ORIENTED_EDGE('',*,*,#726,.F.);
#919=ORIENTED_EDGE('',*,*,#688,.T.);
#920=ORIENTED_EDGE('',*,*,#724,.T.);
#921=ORIENTED_EDGE('',*,*,#706,.T.);
#922=ORIENTED_EDGE('',*,*,#721,.T.);
#923=ORIENTED_EDGE('',*,*,#695,.T.);
#924=ORIENTED_EDGE('',*,*,#725,.T.);
#925=ORIENTED_EDGE('',*,*,#687,.F.);
#926=ORIENTED_EDGE('',*,*,#727,.T.);
#927=ORIENTED_EDGE('',*,*,#728,.T.);
#928=ORIENTED_EDGE('',*,*,#729,.T.);
#929=ORIENTED_EDGE('',*,*,#730,.T.);
#930=ORIENTED_EDGE('',*,*,#731,.F.);
#931=ORIENTED_EDGE('',*,*,#714,.F.);
#932=ORIENTED_EDGE('',*,*,#723,.T.);
#933=ORIENTED_EDGE('',*,*,#693,.T.);
#934=ORIENTED_EDGE('',*,*,#732,.T.);
#935=ORIENTED_EDGE('',*,*,#708,.T.);
#936=ORIENTED_EDGE('',*,*,#722,.T.);
#937=ORIENTED_EDGE('',*,*,#703,.F.);
#938=ORIENTED_EDGE('',*,*,#684,.T.);
#939=ORIENTED_EDGE('',*,*,#699,.F.);
#940=ORIENTED_EDGE('',*,*,#733,.T.);
#941=ORIENTED_EDGE('',*,*,#734,.T.);
#942=ORIENTED_EDGE('',*,*,#735,.T.);
#943=ORIENTED_EDGE('',*,*,#736,.T.);
#944=ORIENTED_EDGE('',*,*,#737,.T.);
#945=ORIENTED_EDGE('',*,*,#738,.T.);
#946=ORIENTED_EDGE('',*,*,#739,.T.);
#947=ORIENTED_EDGE('',*,*,#736,.F.);
#948=ORIENTED_EDGE('',*,*,#740,.T.);
#949=ORIENTED_EDGE('',*,*,#738,.F.);
#950=ORIENTED_EDGE('',*,*,#741,.T.);
#951=ORIENTED_EDGE('',*,*,#742,.T.);
#952=ORIENTED_EDGE('',*,*,#743,.T.);
#953=ORIENTED_EDGE('',*,*,#742,.F.);
#954=ORIENTED_EDGE('',*,*,#744,.T.);
#955=ORIENTED_EDGE('',*,*,#734,.F.);
#956=ORIENTED_EDGE('',*,*,#737,.F.);
#957=ORIENTED_EDGE('',*,*,#745,.F.);
#958=ORIENTED_EDGE('',*,*,#746,.F.);
#959=ORIENTED_EDGE('',*,*,#747,.T.);
#960=ORIENTED_EDGE('',*,*,#735,.F.);
#961=ORIENTED_EDGE('',*,*,#748,.F.);
#962=ORIENTED_EDGE('',*,*,#749,.F.);
#963=ORIENTED_EDGE('',*,*,#745,.T.);
#964=ORIENTED_EDGE('',*,*,#750,.T.);
#965=ORIENTED_EDGE('',*,*,#751,.F.);
#966=ORIENTED_EDGE('',*,*,#716,.F.);
#967=ORIENTED_EDGE('',*,*,#752,.T.);
#968=ORIENTED_EDGE('',*,*,#733,.F.);
#969=ORIENTED_EDGE('',*,*,#739,.F.);
#970=ORIENTED_EDGE('',*,*,#740,.F.);
#971=ORIENTED_EDGE('',*,*,#743,.F.);
#972=ORIENTED_EDGE('',*,*,#753,.T.);
#973=ORIENTED_EDGE('',*,*,#754,.T.);
#974=ORIENTED_EDGE('',*,*,#746,.T.);
#975=ORIENTED_EDGE('',*,*,#755,.F.);
#976=ORIENTED_EDGE('',*,*,#756,.T.);
#977=ORIENTED_EDGE('',*,*,#757,.T.);
#978=ORIENTED_EDGE('',*,*,#758,.T.);
#979=ORIENTED_EDGE('',*,*,#754,.F.);
#980=ORIENTED_EDGE('',*,*,#749,.T.);
#981=ORIENTED_EDGE('',*,*,#759,.T.);
#982=ORIENTED_EDGE('',*,*,#760,.T.);
#983=ORIENTED_EDGE('',*,*,#755,.T.);
#984=ORIENTED_EDGE('',*,*,#761,.T.);
#985=ORIENTED_EDGE('',*,*,#759,.F.);
#986=ORIENTED_EDGE('',*,*,#762,.T.);
#987=ORIENTED_EDGE('',*,*,#757,.F.);
#988=ORIENTED_EDGE('',*,*,#711,.T.);
#989=ORIENTED_EDGE('',*,*,#763,.T.);
#990=ORIENTED_EDGE('',*,*,#764,.F.);
#991=ORIENTED_EDGE('',*,*,#765,.F.);
#992=ORIENTED_EDGE('',*,*,#753,.F.);
#993=ORIENTED_EDGE('',*,*,#760,.F.);
#994=ORIENTED_EDGE('',*,*,#761,.F.);
#995=ORIENTED_EDGE('',*,*,#756,.F.);
#996=ORIENTED_EDGE('',*,*,#741,.F.);
#997=ORIENTED_EDGE('',*,*,#747,.F.);
#998=ORIENTED_EDGE('',*,*,#758,.F.);
#999=ORIENTED_EDGE('',*,*,#766,.T.);
#1000=ORIENTED_EDGE('',*,*,#744,.F.);
#1001=ORIENTED_EDGE('',*,*,#766,.F.);
#1002=ORIENTED_EDGE('',*,*,#762,.F.);
#1003=ORIENTED_EDGE('',*,*,#748,.T.);
#1004=ORIENTED_EDGE('',*,*,#767,.F.);
#1005=ORIENTED_EDGE('',*,*,#768,.F.);
#1006=ORIENTED_EDGE('',*,*,#769,.F.);
#1007=ORIENTED_EDGE('',*,*,#770,.T.);
#1008=ORIENTED_EDGE('',*,*,#771,.F.);
#1009=ORIENTED_EDGE('',*,*,#770,.F.);
#1010=ORIENTED_EDGE('',*,*,#772,.F.);
#1011=ORIENTED_EDGE('',*,*,#773,.T.);
#1012=ORIENTED_EDGE('',*,*,#774,.F.);
#1013=ORIENTED_EDGE('',*,*,#773,.F.);
#1014=ORIENTED_EDGE('',*,*,#775,.F.);
#1015=ORIENTED_EDGE('',*,*,#776,.T.);
#1016=ORIENTED_EDGE('',*,*,#777,.F.);
#1017=ORIENTED_EDGE('',*,*,#776,.F.);
#1018=ORIENTED_EDGE('',*,*,#778,.F.);
#1019=ORIENTED_EDGE('',*,*,#779,.T.);
#1020=ORIENTED_EDGE('',*,*,#780,.F.);
#1021=ORIENTED_EDGE('',*,*,#779,.F.);
#1022=ORIENTED_EDGE('',*,*,#781,.F.);
#1023=ORIENTED_EDGE('',*,*,#782,.T.);
#1024=ORIENTED_EDGE('',*,*,#783,.F.);
#1025=ORIENTED_EDGE('',*,*,#782,.F.);
#1026=ORIENTED_EDGE('',*,*,#784,.F.);
#1027=ORIENTED_EDGE('',*,*,#785,.T.);
#1028=ORIENTED_EDGE('',*,*,#786,.F.);
#1029=ORIENTED_EDGE('',*,*,#785,.F.);
#1030=ORIENTED_EDGE('',*,*,#787,.F.);
#1031=ORIENTED_EDGE('',*,*,#788,.T.);
#1032=ORIENTED_EDGE('',*,*,#789,.F.);
#1033=ORIENTED_EDGE('',*,*,#788,.F.);
#1034=ORIENTED_EDGE('',*,*,#790,.F.);
#1035=ORIENTED_EDGE('',*,*,#768,.T.);
#1036=ORIENTED_EDGE('',*,*,#791,.T.);
#1037=ORIENTED_EDGE('',*,*,#727,.F.);
#1038=ORIENTED_EDGE('',*,*,#792,.F.);
#1039=ORIENTED_EDGE('',*,*,#793,.T.);
#1040=ORIENTED_EDGE('',*,*,#794,.T.);
#1041=ORIENTED_EDGE('',*,*,#793,.F.);
#1042=ORIENTED_EDGE('',*,*,#795,.F.);
#1043=ORIENTED_EDGE('',*,*,#796,.T.);
#1044=ORIENTED_EDGE('',*,*,#797,.T.);
#1045=ORIENTED_EDGE('',*,*,#796,.F.);
#1046=ORIENTED_EDGE('',*,*,#798,.F.);
#1047=ORIENTED_EDGE('',*,*,#799,.T.);
#1048=ORIENTED_EDGE('',*,*,#718,.F.);
#1049=ORIENTED_EDGE('',*,*,#800,.T.);
#1050=ORIENTED_EDGE('',*,*,#801,.T.);
#1051=ORIENTED_EDGE('',*,*,#802,.T.);
#1052=ORIENTED_EDGE('',*,*,#803,.T.);
#1053=ORIENTED_EDGE('',*,*,#799,.F.);
#1054=ORIENTED_EDGE('',*,*,#690,.F.);
#1055=ORIENTED_EDGE('',*,*,#804,.T.);
#1056=ORIENTED_EDGE('',*,*,#805,.T.);
#1057=ORIENTED_EDGE('',*,*,#729,.F.);
#1058=ORIENTED_EDGE('',*,*,#806,.T.);
#1059=ORIENTED_EDGE('',*,*,#807,.F.);
#1060=ORIENTED_EDGE('',*,*,#808,.T.);
#1061=ORIENTED_EDGE('',*,*,#809,.T.);
#1062=ORIENTED_EDGE('',*,*,#752,.F.);
#1063=ORIENTED_EDGE('',*,*,#715,.F.);
#1064=ORIENTED_EDGE('',*,*,#731,.T.);
#1065=ORIENTED_EDGE('',*,*,#810,.T.);
#1066=ORIENTED_EDGE('',*,*,#800,.F.);
#1067=ORIENTED_EDGE('',*,*,#717,.F.);
#1068=ORIENTED_EDGE('',*,*,#751,.T.);
#1069=ORIENTED_EDGE('',*,*,#808,.F.);
#1070=ORIENTED_EDGE('',*,*,#811,.F.);
#1071=ORIENTED_EDGE('',*,*,#812,.T.);
#1072=ORIENTED_EDGE('',*,*,#813,.F.);
#1073=ORIENTED_EDGE('',*,*,#805,.F.);
#1074=ORIENTED_EDGE('',*,*,#813,.T.);
#1075=ORIENTED_EDGE('',*,*,#814,.T.);
#1076=ORIENTED_EDGE('',*,*,#801,.F.);
#1077=ORIENTED_EDGE('',*,*,#810,.F.);
#1078=ORIENTED_EDGE('',*,*,#750,.F.);
#1079=ORIENTED_EDGE('',*,*,#809,.F.);
#1080=ORIENTED_EDGE('',*,*,#730,.F.);
#1081=ORIENTED_EDGE('',*,*,#780,.T.);
#1082=ORIENTED_EDGE('',*,*,#783,.T.);
#1083=ORIENTED_EDGE('',*,*,#786,.T.);
#1084=ORIENTED_EDGE('',*,*,#789,.T.);
#1085=ORIENTED_EDGE('',*,*,#767,.T.);
#1086=ORIENTED_EDGE('',*,*,#771,.T.);
#1087=ORIENTED_EDGE('',*,*,#774,.T.);
#1088=ORIENTED_EDGE('',*,*,#777,.T.);
#1089=ORIENTED_EDGE('',*,*,#815,.F.);
#1090=ORIENTED_EDGE('',*,*,#797,.F.);
#1091=ORIENTED_EDGE('',*,*,#803,.F.);
#1092=ORIENTED_EDGE('',*,*,#816,.F.);
#1093=ORIENTED_EDGE('',*,*,#817,.F.);
#1094=ORIENTED_EDGE('',*,*,#794,.F.);
#1095=ORIENTED_EDGE('',*,*,#815,.T.);
#1096=ORIENTED_EDGE('',*,*,#818,.F.);
#1097=ORIENTED_EDGE('',*,*,#728,.F.);
#1098=ORIENTED_EDGE('',*,*,#791,.F.);
#1099=ORIENTED_EDGE('',*,*,#817,.T.);
#1100=ORIENTED_EDGE('',*,*,#806,.F.);
#1101=ORIENTED_EDGE('',*,*,#814,.F.);
#1102=ORIENTED_EDGE('',*,*,#812,.F.);
#1103=ORIENTED_EDGE('',*,*,#819,.F.);
#1104=ORIENTED_EDGE('',*,*,#816,.T.);
#1105=ORIENTED_EDGE('',*,*,#802,.F.);
#1106=ORIENTED_EDGE('',*,*,#726,.T.);
#1107=ORIENTED_EDGE('',*,*,#719,.F.);
#1108=ORIENTED_EDGE('',*,*,#804,.F.);
#1109=ORIENTED_EDGE('',*,*,#689,.F.);
#1110=ORIENTED_EDGE('',*,*,#818,.T.);
#1111=ORIENTED_EDGE('',*,*,#819,.T.);
#1112=ORIENTED_EDGE('',*,*,#811,.T.);
#1113=ORIENTED_EDGE('',*,*,#807,.T.);
#1114=ORIENTED_EDGE('',*,*,#682,.F.);
#1115=ORIENTED_EDGE('',*,*,#713,.T.);
#1116=ORIENTED_EDGE('',*,*,#820,.T.);
#1117=ORIENTED_EDGE('',*,*,#821,.F.);
#1118=ORIENTED_EDGE('',*,*,#822,.F.);
#1119=ORIENTED_EDGE('',*,*,#823,.F.);
#1120=ORIENTED_EDGE('',*,*,#685,.T.);
#1121=ORIENTED_EDGE('',*,*,#712,.T.);
#1122=ORIENTED_EDGE('',*,*,#765,.T.);
#1123=ORIENTED_EDGE('',*,*,#824,.F.);
#1124=ORIENTED_EDGE('',*,*,#820,.F.);
#1125=ORIENTED_EDGE('',*,*,#710,.T.);
#1126=ORIENTED_EDGE('',*,*,#825,.T.);
#1127=ORIENTED_EDGE('',*,*,#826,.F.);
#1128=ORIENTED_EDGE('',*,*,#763,.F.);
#1129=ORIENTED_EDGE('',*,*,#827,.T.);
#1130=ORIENTED_EDGE('',*,*,#828,.T.);
#1131=ORIENTED_EDGE('',*,*,#829,.T.);
#1132=ORIENTED_EDGE('',*,*,#830,.T.);
#1133=ORIENTED_EDGE('',*,*,#831,.T.);
#1134=ORIENTED_EDGE('',*,*,#827,.F.);
#1135=ORIENTED_EDGE('',*,*,#832,.T.);
#1136=ORIENTED_EDGE('',*,*,#833,.T.);
#1137=ORIENTED_EDGE('',*,*,#834,.T.);
#1138=ORIENTED_EDGE('',*,*,#830,.F.);
#1139=ORIENTED_EDGE('',*,*,#835,.T.);
#1140=ORIENTED_EDGE('',*,*,#836,.T.);
#1141=ORIENTED_EDGE('',*,*,#826,.T.);
#1142=ORIENTED_EDGE('',*,*,#833,.F.);
#1143=ORIENTED_EDGE('',*,*,#837,.T.);
#1144=ORIENTED_EDGE('',*,*,#838,.T.);
#1145=ORIENTED_EDGE('',*,*,#764,.T.);
#1146=ORIENTED_EDGE('',*,*,#836,.F.);
#1147=ORIENTED_EDGE('',*,*,#839,.T.);
#1148=ORIENTED_EDGE('',*,*,#840,.T.);
#1149=ORIENTED_EDGE('',*,*,#824,.T.);
#1150=ORIENTED_EDGE('',*,*,#838,.F.);
#1151=ORIENTED_EDGE('',*,*,#841,.T.);
#1152=ORIENTED_EDGE('',*,*,#842,.T.);
#1153=ORIENTED_EDGE('',*,*,#821,.T.);
#1154=ORIENTED_EDGE('',*,*,#840,.F.);
#1155=ORIENTED_EDGE('',*,*,#843,.T.);
#1156=ORIENTED_EDGE('',*,*,#844,.T.);
#1157=ORIENTED_EDGE('',*,*,#845,.T.);
#1158=ORIENTED_EDGE('',*,*,#842,.F.);
#1159=ORIENTED_EDGE('',*,*,#846,.T.);
#1160=ORIENTED_EDGE('',*,*,#844,.F.);
#1161=ORIENTED_EDGE('',*,*,#847,.T.);
#1162=ORIENTED_EDGE('',*,*,#848,.T.);
#1163=ORIENTED_EDGE('',*,*,#846,.F.);
#1164=ORIENTED_EDGE('',*,*,#843,.F.);
#1165=ORIENTED_EDGE('',*,*,#841,.F.);
#1166=ORIENTED_EDGE('',*,*,#839,.F.);
#1167=ORIENTED_EDGE('',*,*,#837,.F.);
#1168=ORIENTED_EDGE('',*,*,#835,.F.);
#1169=ORIENTED_EDGE('',*,*,#832,.F.);
#1170=ORIENTED_EDGE('',*,*,#849,.F.);
#1171=ORIENTED_EDGE('',*,*,#781,.T.);
#1172=ORIENTED_EDGE('',*,*,#778,.T.);
#1173=ORIENTED_EDGE('',*,*,#775,.T.);
#1174=ORIENTED_EDGE('',*,*,#772,.T.);
#1175=ORIENTED_EDGE('',*,*,#769,.T.);
#1176=ORIENTED_EDGE('',*,*,#790,.T.);
#1177=ORIENTED_EDGE('',*,*,#787,.T.);
#1178=ORIENTED_EDGE('',*,*,#784,.T.);
#1179=ORIENTED_EDGE('',*,*,#850,.T.);
#1180=ORIENTED_EDGE('',*,*,#851,.T.);
#1181=ORIENTED_EDGE('',*,*,#852,.T.);
#1182=ORIENTED_EDGE('',*,*,#691,.T.);
#1183=ORIENTED_EDGE('',*,*,#798,.T.);
#1184=ORIENTED_EDGE('',*,*,#853,.T.);
#1185=ORIENTED_EDGE('',*,*,#854,.T.);
#1186=ORIENTED_EDGE('',*,*,#850,.F.);
#1187=ORIENTED_EDGE('',*,*,#795,.T.);
#1188=ORIENTED_EDGE('',*,*,#823,.T.);
#1189=ORIENTED_EDGE('',*,*,#855,.T.);
#1190=ORIENTED_EDGE('',*,*,#853,.F.);
#1191=ORIENTED_EDGE('',*,*,#792,.T.);
#1192=ORIENTED_EDGE('',*,*,#686,.T.);
#1193=ORIENTED_EDGE('',*,*,#831,.F.);
#1194=ORIENTED_EDGE('',*,*,#856,.T.);
#1195=ORIENTED_EDGE('',*,*,#851,.F.);
#1196=ORIENTED_EDGE('',*,*,#857,.T.);
#1197=ORIENTED_EDGE('',*,*,#828,.F.);
#1198=ORIENTED_EDGE('',*,*,#847,.F.);
#1199=ORIENTED_EDGE('',*,*,#849,.T.);
#1200=ORIENTED_EDGE('',*,*,#829,.F.);
#1201=ORIENTED_EDGE('',*,*,#858,.T.);
#1202=ORIENTED_EDGE('',*,*,#848,.F.);
#1203=ORIENTED_EDGE('',*,*,#859,.T.);
#1204=ORIENTED_EDGE('',*,*,#855,.F.);
#1205=ORIENTED_EDGE('',*,*,#822,.T.);
#1206=ORIENTED_EDGE('',*,*,#845,.F.);
#1207=ORIENTED_EDGE('',*,*,#709,.T.);
#1208=ORIENTED_EDGE('',*,*,#732,.F.);
#1209=ORIENTED_EDGE('',*,*,#692,.T.);
#1210=ORIENTED_EDGE('',*,*,#852,.F.);
#1211=ORIENTED_EDGE('',*,*,#856,.F.);
#1212=ORIENTED_EDGE('',*,*,#834,.F.);
#1213=ORIENTED_EDGE('',*,*,#825,.F.);
#1214=ORIENTED_EDGE('',*,*,#854,.F.);
#1215=ORIENTED_EDGE('',*,*,#859,.F.);
#1216=ORIENTED_EDGE('',*,*,#858,.F.);
#1217=ORIENTED_EDGE('',*,*,#857,.F.);
#1218=B_SPLINE_SURFACE_WITH_KNOTS('',3,3,((#1862,#1863,#1864,#1865),(#1866,
#1867,#1868,#1869),(#1870,#1871,#1872,#1873),(#1874,#1875,#1876,#1877),
(#1878,#1879,#1880,#1881)),.UNSPECIFIED.,.F.,.F.,.F.,(4,1,4),(4,4),(0.,
0.571428571428571,1.),(-0.85,1.15339267906036E-16),.UNSPECIFIED.);
#1219=B_SPLINE_SURFACE_WITH_KNOTS('',3,3,((#2022,#2023,#2024,#2025),(#2026,
#2027,#2028,#2029),(#2030,#2031,#2032,#2033),(#2034,#2035,#2036,#2037)),
 .UNSPECIFIED.,.F.,.F.,.F.,(4,4),(4,4),(-0.85,5.55111512312578E-17),(-0.00283070891061338,
0.),.UNSPECIFIED.);
#1220=B_SPLINE_SURFACE_WITH_KNOTS('',3,3,((#2266,#2267,#2268,#2269,#2270,
#2271,#2272,#2273,#2274,#2275),(#2276,#2277,#2278,#2279,#2280,#2281,#2282,
#2283,#2284,#2285),(#2286,#2287,#2288,#2289,#2290,#2291,#2292,#2293,#2294,
#2295),(#2296,#2297,#2298,#2299,#2300,#2301,#2302,#2303,#2304,#2305)),
 .UNSPECIFIED.,.F.,.F.,.F.,(4,4),(4,2,1,1,1,1,4),(0.,1.),(-0.472712259422245,
-0.471748162302337,-0.37739852984187,-0.283048897381402,-0.188699264920935,
-0.0943496324604674,0.),.UNSPECIFIED.);
#1221=B_SPLINE_SURFACE_WITH_KNOTS('',3,3,((#2363,#2364,#2365,#2366,#2367,
#2368,#2369,#2370),(#2371,#2372,#2373,#2374,#2375,#2376,#2377,#2378),(#2379,
#2380,#2381,#2382,#2383,#2384,#2385,#2386),(#2387,#2388,#2389,#2390,#2391,
#2392,#2393,#2394)),.UNSPECIFIED.,.F.,.F.,.F.,(4,4),(4,2,1,1,4),(0.,1.),
(-0.00096412919906828,0.,0.283048875890187,0.377398501186917,0.471748126483646),
 .UNSPECIFIED.);
#1222=ADVANCED_FACE('',(#409),#1218,.F.);
#1223=ADVANCED_FACE('',(#410),#389,.F.);
#1224=ADVANCED_FACE('',(#411),#101,.T.);
#1225=ADVANCED_FACE('',(#412,#96),#390,.T.);
#1226=ADVANCED_FACE('',(#413),#102,.T.);
#1227=ADVANCED_FACE('',(#414),#391,.F.);
#1228=ADVANCED_FACE('',(#415),#103,.F.);
#1229=ADVANCED_FACE('',(#416),#104,.F.);
#1230=ADVANCED_FACE('',(#417),#392,.T.);
#1231=ADVANCED_FACE('',(#418),#393,.F.);
#1232=ADVANCED_FACE('',(#419),#105,.T.);
#1233=ADVANCED_FACE('',(#420),#1219,.F.);
#1234=ADVANCED_FACE('',(#421),#106,.T.);
#1235=ADVANCED_FACE('',(#422),#107,.T.);
#1236=ADVANCED_FACE('',(#423),#108,.T.);
#1237=ADVANCED_FACE('',(#424),#109,.T.);
#1238=ADVANCED_FACE('',(#425),#394,.F.);
#1239=ADVANCED_FACE('',(#426),#395,.F.);
#1240=ADVANCED_FACE('',(#427,#97),#396,.F.);
#1241=ADVANCED_FACE('',(#428),#110,.T.);
#1242=ADVANCED_FACE('',(#429),#111,.T.);
#1243=ADVANCED_FACE('',(#430),#112,.T.);
#1244=ADVANCED_FACE('',(#431),#113,.T.);
#1245=ADVANCED_FACE('',(#432,#98),#397,.T.);
#1246=ADVANCED_FACE('',(#433),#398,.F.);
#1247=ADVANCED_FACE('',(#434),#399,.F.);
#1248=ADVANCED_FACE('',(#435),#114,.F.);
#1249=ADVANCED_FACE('',(#436),#400,.F.);
#1250=ADVANCED_FACE('',(#437),#115,.F.);
#1251=ADVANCED_FACE('',(#438),#401,.F.);
#1252=ADVANCED_FACE('',(#439),#116,.F.);
#1253=ADVANCED_FACE('',(#440),#402,.F.);
#1254=ADVANCED_FACE('',(#441),#117,.F.);
#1255=ADVANCED_FACE('',(#442),#403,.F.);
#1256=ADVANCED_FACE('',(#443),#118,.T.);
#1257=ADVANCED_FACE('',(#444),#119,.F.);
#1258=ADVANCED_FACE('',(#445),#120,.T.);
#1259=ADVANCED_FACE('',(#446),#404,.F.);
#1260=ADVANCED_FACE('',(#447),#121,.F.);
#1261=ADVANCED_FACE('',(#448),#122,.F.);
#1262=ADVANCED_FACE('',(#449),#123,.F.);
#1263=ADVANCED_FACE('',(#450),#44,.F.);
#1264=ADVANCED_FACE('',(#451,#99),#405,.F.);
#1265=ADVANCED_FACE('',(#452),#45,.T.);
#1266=ADVANCED_FACE('',(#453),#46,.T.);
#1267=ADVANCED_FACE('',(#454),#47,.T.);
#1268=ADVANCED_FACE('',(#455),#124,.F.);
#1269=ADVANCED_FACE('',(#456),#125,.F.);
#1270=ADVANCED_FACE('',(#457),#126,.T.);
#1271=ADVANCED_FACE('',(#458),#406,.T.);
#1272=ADVANCED_FACE('',(#459),#127,.T.);
#1273=ADVANCED_FACE('',(#460),#128,.T.);
#1274=ADVANCED_FACE('',(#461),#1220,.F.);
#1275=ADVANCED_FACE('',(#462),#48,.T.);
#1276=ADVANCED_FACE('',(#463),#129,.T.);
#1277=ADVANCED_FACE('',(#464),#49,.T.);
#1278=ADVANCED_FACE('',(#465),#130,.T.);
#1279=ADVANCED_FACE('',(#466),#50,.T.);
#1280=ADVANCED_FACE('',(#467),#131,.T.);
#1281=ADVANCED_FACE('',(#468),#51,.T.);
#1282=ADVANCED_FACE('',(#469),#1221,.F.);
#1283=ADVANCED_FACE('',(#470,#100),#407,.T.);
#1284=ADVANCED_FACE('',(#471),#52,.F.);
#1285=ADVANCED_FACE('',(#472),#53,.F.);
#1286=ADVANCED_FACE('',(#473),#54,.F.);
#1287=ADVANCED_FACE('',(#474),#132,.T.);
#1288=ADVANCED_FACE('',(#475),#55,.T.);
#1289=ADVANCED_FACE('',(#476),#133,.T.);
#1290=ADVANCED_FACE('',(#477),#408,.T.);
#1291=ADVANCED_FACE('',(#478),#134,.F.);
#1292=CLOSED_SHELL('',(#1222,#1223,#1224,#1225,#1226,#1227,#1228,#1229,
#1230,#1231,#1232,#1233,#1234,#1235,#1236,#1237,#1238,#1239,#1240,#1241,
#1242,#1243,#1244,#1245,#1246,#1247,#1248,#1249,#1250,#1251,#1252,#1253,
#1254,#1255,#1256,#1257,#1258,#1259,#1260,#1261,#1262,#1263,#1264,#1265,
#1266,#1267,#1268,#1269,#1270,#1271,#1272,#1273,#1274,#1275,#1276,#1277,
#1278,#1279,#1280,#1281,#1282,#1283,#1284,#1285,#1286,#1287,#1288,#1289,
#1290,#1291));
#1293=DERIVED_UNIT_ELEMENT(#1296,1.);
#1294=DERIVED_UNIT_ELEMENT(#2513,-3.);
#1295=DIMENSIONAL_EXPONENTS(0.,1.,0.,0.,0.,0.,0.);
#1296=(
CONVERSION_BASED_UNIT('gram',#1298)
MASS_UNIT()
NAMED_UNIT(#1295)
);
#1297=(
MASS_UNIT()
NAMED_UNIT(*)
SI_UNIT(.KILO.,.GRAM.)
);
#1298=MASS_MEASURE_WITH_UNIT(MASS_MEASURE(0.001),#1297);
#1299=DERIVED_UNIT((#1293,#1294));
#1300=MEASURE_REPRESENTATION_ITEM('density measure',
POSITIVE_RATIO_MEASURE(1.),#1299);
#1301=PROPERTY_DEFINITION_REPRESENTATION(#1306,#1303);
#1302=PROPERTY_DEFINITION_REPRESENTATION(#1307,#1304);
#1303=REPRESENTATION('material name',(#1305),#2510);
#1304=REPRESENTATION('density',(#1300),#2510);
#1305=DESCRIPTIVE_REPRESENTATION_ITEM('Generic','Generic');
#1306=PROPERTY_DEFINITION('material property','material name',#2520);
#1307=PROPERTY_DEFINITION('material property','density of part',#2520);
#1308=DATE_TIME_ROLE('creation_date');
#1309=APPLIED_DATE_AND_TIME_ASSIGNMENT(#1310,#1308,(#2520));
#1310=DATE_AND_TIME(#1311,#1312);
#1311=CALENDAR_DATE(2025,13,5);
#1312=LOCAL_TIME(0,0,0.,#1313);
#1313=COORDINATED_UNIVERSAL_TIME_OFFSET(0,0,.BEHIND.);
#1314=AXIS2_PLACEMENT_3D('',#1861,#1467,#1468);
#1315=AXIS2_PLACEMENT_3D('',#1908,#1469,#1470);
#1316=AXIS2_PLACEMENT_3D('',#1912,#1472,#1473);
#1317=AXIS2_PLACEMENT_3D('',#1916,#1475,#1476);
#1318=AXIS2_PLACEMENT_3D('',#1918,#1477,#1478);
#1319=AXIS2_PLACEMENT_3D('',#1922,#1480,#1481);
#1320=AXIS2_PLACEMENT_3D('',#1926,#1483,#1484);
#1321=AXIS2_PLACEMENT_3D('',#1928,#1485,#1486);
#1322=AXIS2_PLACEMENT_3D('',#1932,#1488,#1489);
#1323=AXIS2_PLACEMENT_3D('',#1934,#1490,#1491);
#1324=AXIS2_PLACEMENT_3D('',#1941,#1493,#1494);
#1325=AXIS2_PLACEMENT_3D('',#1944,#1495,#1496);
#1326=AXIS2_PLACEMENT_3D('',#1947,#1499,#1500);
#1327=AXIS2_PLACEMENT_3D('',#1955,#1502,#1503);
#1328=AXIS2_PLACEMENT_3D('',#1959,#1505,#1506);
#1329=AXIS2_PLACEMENT_3D('',#1961,#1507,#1508);
#1330=AXIS2_PLACEMENT_3D('',#1965,#1510,#1511);
#1331=AXIS2_PLACEMENT_3D('',#1969,#1513,#1514);
#1332=AXIS2_PLACEMENT_3D('',#1975,#1517,#1518);
#1333=AXIS2_PLACEMENT_3D('',#1979,#1520,#1521);
#1334=AXIS2_PLACEMENT_3D('',#1983,#1523,#1524);
#1335=AXIS2_PLACEMENT_3D('',#1984,#1525,#1526);
#1336=AXIS2_PLACEMENT_3D('',#1985,#1527,#1528);
#1337=AXIS2_PLACEMENT_3D('',#1987,#1530,#1531);
#1338=AXIS2_PLACEMENT_3D('',#1994,#1532,#1533);
#1339=AXIS2_PLACEMENT_3D('',#1997,#1536,#1537);
#1340=AXIS2_PLACEMENT_3D('',#2000,#1540,#1541);
#1341=AXIS2_PLACEMENT_3D('',#2001,#1542,#1543);
#1342=AXIS2_PLACEMENT_3D('',#2020,#1548,#1549);
#1343=AXIS2_PLACEMENT_3D('',#2038,#1551,#1552);
#1344=AXIS2_PLACEMENT_3D('',#2043,#1554,#1555);
#1345=AXIS2_PLACEMENT_3D('',#2046,#1557,#1558);
#1346=AXIS2_PLACEMENT_3D('',#2047,#1559,#1560);
#1347=AXIS2_PLACEMENT_3D('',#2051,#1562,#1563);
#1348=AXIS2_PLACEMENT_3D('',#2053,#1565,#1566);
#1349=AXIS2_PLACEMENT_3D('',#2058,#1569,#1570);
#1350=AXIS2_PLACEMENT_3D('',#2059,#1571,#1572);
#1351=AXIS2_PLACEMENT_3D('',#2062,#1575,#1576);
#1352=AXIS2_PLACEMENT_3D('',#2068,#1580,#1581);
#1353=AXIS2_PLACEMENT_3D('',#2072,#1584,#1585);
#1354=AXIS2_PLACEMENT_3D('',#2078,#1589,#1590);
#1355=AXIS2_PLACEMENT_3D('',#2082,#1592,#1593);
#1356=AXIS2_PLACEMENT_3D('',#2083,#1594,#1595);
#1357=AXIS2_PLACEMENT_3D('',#2084,#1596,#1597);
#1358=AXIS2_PLACEMENT_3D('',#2088,#1599,#1600);
#1359=AXIS2_PLACEMENT_3D('',#2090,#1602,#1603);
#1360=AXIS2_PLACEMENT_3D('',#2092,#1604,#1605);
#1361=AXIS2_PLACEMENT_3D('',#2094,#1607,#1608);
#1362=AXIS2_PLACEMENT_3D('',#2097,#1611,#1612);
#1363=AXIS2_PLACEMENT_3D('',#2103,#1616,#1617);
#1364=AXIS2_PLACEMENT_3D('',#2105,#1619,#1620);
#1365=AXIS2_PLACEMENT_3D('',#2106,#1621,#1622);
#1366=AXIS2_PLACEMENT_3D('',#2109,#1623,#1624);
#1367=AXIS2_PLACEMENT_3D('',#2113,#1626,#1627);
#1368=AXIS2_PLACEMENT_3D('',#2115,#1629,#1630);
#1369=AXIS2_PLACEMENT_3D('',#2121,#1634,#1635);
#1370=AXIS2_PLACEMENT_3D('',#2123,#1636,#1637);
#1371=AXIS2_PLACEMENT_3D('',#2125,#1638,#1639);
#1372=AXIS2_PLACEMENT_3D('',#2127,#1641,#1642);
#1373=AXIS2_PLACEMENT_3D('',#2133,#1646,#1647);
#1374=AXIS2_PLACEMENT_3D('',#2135,#1648,#1649);
#1375=AXIS2_PLACEMENT_3D('',#2137,#1650,#1651);
#1376=AXIS2_PLACEMENT_3D('',#2139,#1653,#1654);
#1377=AXIS2_PLACEMENT_3D('',#2145,#1658,#1659);
#1378=AXIS2_PLACEMENT_3D('',#2147,#1660,#1661);
#1379=AXIS2_PLACEMENT_3D('',#2149,#1662,#1663);
#1380=AXIS2_PLACEMENT_3D('',#2151,#1665,#1666);
#1381=AXIS2_PLACEMENT_3D('',#2154,#1669,#1670);
#1382=AXIS2_PLACEMENT_3D('',#2156,#1671,#1672);
#1383=AXIS2_PLACEMENT_3D('',#2158,#1673,#1674);
#1384=AXIS2_PLACEMENT_3D('',#2160,#1676,#1677);
#1385=AXIS2_PLACEMENT_3D('',#2162,#1678,#1679);
#1386=AXIS2_PLACEMENT_3D('',#2164,#1680,#1681);
#1387=AXIS2_PLACEMENT_3D('',#2166,#1683,#1684);
#1388=AXIS2_PLACEMENT_3D('',#2168,#1685,#1686);
#1389=AXIS2_PLACEMENT_3D('',#2169,#1687,#1688);
#1390=AXIS2_PLACEMENT_3D('',#2171,#1690,#1691);
#1391=AXIS2_PLACEMENT_3D('',#2189,#1696,#1697);
#1392=AXIS2_PLACEMENT_3D('',#2191,#1698,#1699);
#1393=AXIS2_PLACEMENT_3D('',#2193,#1700,#1701);
#1394=AXIS2_PLACEMENT_3D('',#2208,#1703,#1704);
#1395=AXIS2_PLACEMENT_3D('',#2209,#1705,#1706);
#1396=AXIS2_PLACEMENT_3D('',#2210,#1707,#1708);
#1397=AXIS2_PLACEMENT_3D('',#2211,#1709,#1710);
#1398=AXIS2_PLACEMENT_3D('',#2212,#1711,#1712);
#1399=AXIS2_PLACEMENT_3D('',#2214,#1713,#1714);
#1400=AXIS2_PLACEMENT_3D('',#2228,#1715,#1716);
#1401=AXIS2_PLACEMENT_3D('',#2229,#1717,#1718);
#1402=AXIS2_PLACEMENT_3D('',#2230,#1719,#1720);
#1403=AXIS2_PLACEMENT_3D('',#2231,#1721,#1722);
#1404=AXIS2_PLACEMENT_3D('',#2233,#1723,#1724);
#1405=AXIS2_PLACEMENT_3D('',#2234,#1725,#1726);
#1406=AXIS2_PLACEMENT_3D('',#2235,#1727,#1728);
#1407=AXIS2_PLACEMENT_3D('',#2236,#1729,#1730);
#1408=AXIS2_PLACEMENT_3D('',#2237,#1731,#1732);
#1409=AXIS2_PLACEMENT_3D('',#2238,#1733,#1734);
#1410=AXIS2_PLACEMENT_3D('',#2239,#1735,#1736);
#1411=AXIS2_PLACEMENT_3D('',#2241,#1738,#1739);
#1412=AXIS2_PLACEMENT_3D('',#2242,#1740,#1741);
#1413=AXIS2_PLACEMENT_3D('',#2243,#1742,#1743);
#1414=AXIS2_PLACEMENT_3D('',#2260,#1747,#1748);
#1415=AXIS2_PLACEMENT_3D('',#2261,#1749,#1750);
#1416=AXIS2_PLACEMENT_3D('',#2262,#1751,#1752);
#1417=AXIS2_PLACEMENT_3D('',#2265,#1754,#1755);
#1418=AXIS2_PLACEMENT_3D('',#2308,#1756,#1757);
#1419=AXIS2_PLACEMENT_3D('',#2330,#1758,#1759);
#1420=AXIS2_PLACEMENT_3D('',#2333,#1760,#1761);
#1421=AXIS2_PLACEMENT_3D('',#2334,#1762,#1763);
#1422=AXIS2_PLACEMENT_3D('',#2335,#1764,#1765);
#1423=AXIS2_PLACEMENT_3D('',#2336,#1766,#1767);
#1424=AXIS2_PLACEMENT_3D('',#2338,#1768,#1769);
#1425=AXIS2_PLACEMENT_3D('',#2341,#1772,#1773);
#1426=AXIS2_PLACEMENT_3D('',#2343,#1774,#1775);
#1427=AXIS2_PLACEMENT_3D('',#2344,#1776,#1777);
#1428=AXIS2_PLACEMENT_3D('',#2345,#1778,#1779);
#1429=AXIS2_PLACEMENT_3D('',#2347,#1780,#1781);
#1430=AXIS2_PLACEMENT_3D('',#2349,#1783,#1784);
#1431=AXIS2_PLACEMENT_3D('',#2351,#1785,#1786);
#1432=AXIS2_PLACEMENT_3D('',#2352,#1787,#1788);
#1433=AXIS2_PLACEMENT_3D('',#2353,#1789,#1790);
#1434=AXIS2_PLACEMENT_3D('',#2355,#1791,#1792);
#1435=AXIS2_PLACEMENT_3D('',#2357,#1794,#1795);
#1436=AXIS2_PLACEMENT_3D('',#2360,#1796,#1797);
#1437=AXIS2_PLACEMENT_3D('',#2361,#1798,#1799);
#1438=AXIS2_PLACEMENT_3D('',#2362,#1800,#1801);
#1439=AXIS2_PLACEMENT_3D('',#2412,#1802,#1803);
#1440=AXIS2_PLACEMENT_3D('',#2413,#1804,#1805);
#1441=AXIS2_PLACEMENT_3D('',#2414,#1806,#1807);
#1442=AXIS2_PLACEMENT_3D('',#2416,#1808,#1809);
#1443=AXIS2_PLACEMENT_3D('',#2418,#1810,#1811);
#1444=AXIS2_PLACEMENT_3D('',#2429,#1812,#1813);
#1445=AXIS2_PLACEMENT_3D('',#2431,#1814,#1815);
#1446=AXIS2_PLACEMENT_3D('',#2432,#1816,#1817);
#1447=AXIS2_PLACEMENT_3D('',#2433,#1818,#1819);
#1448=AXIS2_PLACEMENT_3D('',#2434,#1820,#1821);
#1449=AXIS2_PLACEMENT_3D('',#2435,#1822,#1823);
#1450=AXIS2_PLACEMENT_3D('',#2438,#1826,#1827);
#1451=AXIS2_PLACEMENT_3D('',#2439,#1828,#1829);
#1452=AXIS2_PLACEMENT_3D('',#2440,#1830,#1831);
#1453=AXIS2_PLACEMENT_3D('',#2442,#1833,#1834);
#1454=AXIS2_PLACEMENT_3D('',#2443,#1835,#1836);
#1455=AXIS2_PLACEMENT_3D('',#2456,#1837,#1838);
#1456=AXIS2_PLACEMENT_3D('',#2459,#1839,#1840);
#1457=AXIS2_PLACEMENT_3D('',#2462,#1841,#1842);
#1458=AXIS2_PLACEMENT_3D('',#2465,#1843,#1844);
#1459=AXIS2_PLACEMENT_3D('',#2471,#1845,#1846);
#1460=AXIS2_PLACEMENT_3D('',#2472,#1847,#1848);
#1461=AXIS2_PLACEMENT_3D('',#2476,#1849,#1850);
#1462=AXIS2_PLACEMENT_3D('',#2481,#1851,#1852);
#1463=AXIS2_PLACEMENT_3D('',#2484,#1853,#1854);
#1464=AXIS2_PLACEMENT_3D('',#2487,#1855,#1856);
#1465=AXIS2_PLACEMENT_3D('',#2492,#1857,#1858);
#1466=AXIS2_PLACEMENT_3D('',#2495,#1859,#1860);
#1467=DIRECTION('axis',(0.,0.,1.));
#1468=DIRECTION('refdir',(1.,0.,0.));
#1469=DIRECTION('center_axis',(0.,-1.,0.));
#1470=DIRECTION('ref_axis',(0.,0.,-1.));
#1471=DIRECTION('',(0.,0.,-1.));
#1472=DIRECTION('center_axis',(0.,1.,0.));
#1473=DIRECTION('ref_axis',(-0.570034315619176,0.,-0.821620885212017));
#1474=DIRECTION('',(-1.09046903082524E-16,0.,-1.));
#1475=DIRECTION('center_axis',(-9.36176457845237E-16,1.,1.22464679914734E-16));
#1476=DIRECTION('ref_axis',(-0.0670237792806833,5.94432189064387E-17,-0.997751378355818));
#1477=DIRECTION('center_axis',(0.,-1.,0.));
#1478=DIRECTION('ref_axis',(0.367680996691571,0.,0.92995197976664));
#1479=DIRECTION('',(-3.45682717442439E-16,0.,1.));
#1480=DIRECTION('center_axis',(0.,1.,0.));
#1481=DIRECTION('ref_axis',(0.588327550253707,0.,-0.808622714009737));
#1482=DIRECTION('',(-1.50638205766762E-16,0.,1.));
#1483=DIRECTION('center_axis',(0.,-1.,0.));
#1484=DIRECTION('ref_axis',(-1.,0.,0.));
#1485=DIRECTION('center_axis',(-9.36176457845237E-16,1.,1.22464679914734E-16));
#1486=DIRECTION('ref_axis',(-0.0670237792806833,5.94432189064387E-17,-0.997751378355818));
#1487=DIRECTION('',(-0.0621001067699169,-1.02716263700652E-32,0.998069925776328));
#1488=DIRECTION('center_axis',(-9.36176457845237E-16,1.,1.22464679914733E-16));
#1489=DIRECTION('ref_axis',(-0.0656442770157462,6.07459076810322E-17,-0.997843088313529));
#1490=DIRECTION('center_axis',(0.,-1.,0.));
#1491=DIRECTION('ref_axis',(-0.991328226245348,0.,0.131409085870241));
#1492=DIRECTION('',(-0.753850403043151,-8.05637032437795E-16,-0.657046094145364));
#1493=DIRECTION('center_axis',(4.16152804836678E-16,-1.,6.53664092667381E-16));
#1494=DIRECTION('ref_axis',(-0.991328226245348,0.,0.131409085870241));
#1495=DIRECTION('center_axis',(0.,1.,0.));
#1496=DIRECTION('ref_axis',(-0.991328226245348,0.,0.131409085870241));
#1497=DIRECTION('',(-4.16152804836678E-16,1.,-6.53664092667381E-16));
#1498=DIRECTION('',(9.36176457845236E-16,-1.,-1.22464679914735E-16));
#1499=DIRECTION('center_axis',(0.,-1.,0.));
#1500=DIRECTION('ref_axis',(0.,0.,-1.));
#1501=DIRECTION('',(0.753850403043151,8.05637032437795E-16,0.657046094145364));
#1502=DIRECTION('center_axis',(-1.0047630838704E-15,1.,1.92620436239792E-18));
#1503=DIRECTION('ref_axis',(-0.0656442770157465,-6.35313352648598E-17,-0.997843088313529));
#1504=DIRECTION('',(0.0621001067699169,0.,-0.998069925776328));
#1505=DIRECTION('center_axis',(-9.88192726726173E-16,1.,3.24934329259641E-17));
#1506=DIRECTION('ref_axis',(-0.0670237792806837,-3.21073215634448E-17,-0.997751378355818));
#1507=DIRECTION('center_axis',(0.,1.,0.));
#1508=DIRECTION('ref_axis',(-1.,0.,0.));
#1509=DIRECTION('',(1.50638205766762E-16,0.,-1.));
#1510=DIRECTION('center_axis',(0.,1.,0.));
#1511=DIRECTION('ref_axis',(0.707106781186547,0.,0.707106781186548));
#1512=DIRECTION('',(1.,0.,0.));
#1513=DIRECTION('center_axis',(0.,1.,0.));
#1514=DIRECTION('ref_axis',(-0.707106781186548,0.,0.707106781186548));
#1515=DIRECTION('',(0.,0.,1.));
#1516=DIRECTION('',(0.,0.,1.));
#1517=DIRECTION('center_axis',(0.,1.,0.));
#1518=DIRECTION('ref_axis',(-0.707106781186548,0.,0.707106781186548));
#1519=DIRECTION('',(1.,0.,0.));
#1520=DIRECTION('center_axis',(0.,1.,0.));
#1521=DIRECTION('ref_axis',(0.707106781186547,0.,0.707106781186548));
#1522=DIRECTION('',(1.50638205766762E-16,0.,-1.));
#1523=DIRECTION('center_axis',(0.,1.,0.));
#1524=DIRECTION('ref_axis',(-1.,0.,0.));
#1525=DIRECTION('center_axis',(-9.88192726726173E-16,1.,3.24934329259641E-17));
#1526=DIRECTION('ref_axis',(-0.0670237792806837,-3.21073215634448E-17,-0.997751378355818));
#1527=DIRECTION('center_axis',(-9.36176457845236E-16,1.,1.22464679914735E-16));
#1528=DIRECTION('ref_axis',(0.831360979694354,7.10242940286159E-16,0.555732778807984));
#1529=DIRECTION('',(-8.11117274913439E-18,1.,1.303623778568E-16));
#1530=DIRECTION('center_axis',(0.657046094145365,-2.19333364726563E-16,
-0.753850403043151));
#1531=DIRECTION('ref_axis',(-0.753850403043151,-8.05637032437795E-16,-0.657046094145365));
#1532=DIRECTION('center_axis',(-9.36176457845236E-16,1.,1.22464679914735E-16));
#1533=DIRECTION('ref_axis',(0.831360979694354,7.10242940286159E-16,0.555732778807984));
#1534=DIRECTION('',(-9.36176457845236E-16,1.,1.22464679914735E-16));
#1535=DIRECTION('',(1.62223454982688E-17,-1.,-2.607247557136E-16));
#1536=DIRECTION('center_axis',(-9.36176457845236E-16,1.,1.22464679914735E-16));
#1537=DIRECTION('ref_axis',(0.831360979694354,7.10242940286159E-16,0.555732778807984));
#1538=DIRECTION('',(-9.36176457845236E-16,1.,1.22464679914735E-16));
#1539=DIRECTION('',(9.36176457845236E-16,-1.,-1.22464679914735E-16));
#1540=DIRECTION('center_axis',(0.998069925776328,0.,0.0621001067699169));
#1541=DIRECTION('ref_axis',(0.0621001067699169,0.,-0.998069925776328));
#1542=DIRECTION('center_axis',(-1.,0.,0.));
#1543=DIRECTION('ref_axis',(0.,0.,-1.));
#1544=DIRECTION('',(0.,-1.,0.));
#1545=DIRECTION('',(0.,1.,0.));
#1546=DIRECTION('',(0.,0.,-1.));
#1547=DIRECTION('',(0.,1.,0.));
#1548=DIRECTION('center_axis',(0.,1.,0.));
#1549=DIRECTION('ref_axis',(-1.,0.,0.));
#1550=DIRECTION('',(0.,-1.,0.));
#1551=DIRECTION('center_axis',(1.16865581538774E-15,-1.,0.));
#1552=DIRECTION('ref_axis',(0.707106781186485,0.,-0.70710678118661));
#1553=DIRECTION('',(-1.16865581538774E-15,1.,0.));
#1554=DIRECTION('center_axis',(-0.707106781186548,-0.707106781186548,0.));
#1555=DIRECTION('ref_axis',(-0.707106781186547,0.707106781186547,0.));
#1556=DIRECTION('',(1.16865581538774E-15,-1.,0.));
#1557=DIRECTION('center_axis',(-0.707106781186551,0.707106781186544,7.85046229341769E-15));
#1558=DIRECTION('ref_axis',(0.707106781186544,0.707106781186551,-7.85046229341762E-15));
#1559=DIRECTION('center_axis',(1.,0.,0.));
#1560=DIRECTION('ref_axis',(0.,0.707106781186493,-0.707106781186602));
#1561=DIRECTION('',(1.,0.,0.));
#1562=DIRECTION('center_axis',(-0.707106781186548,-0.707106781186548,0.));
#1563=DIRECTION('ref_axis',(-0.707106781186548,0.707106781186548,0.));
#1564=DIRECTION('',(-1.,0.,0.));
#1565=DIRECTION('center_axis',(0.,1.,0.));
#1566=DIRECTION('ref_axis',(-0.707106781186493,0.,-0.707106781186602));
#1567=DIRECTION('',(0.,-1.,0.));
#1568=DIRECTION('',(0.,1.,0.));
#1569=DIRECTION('center_axis',(0.707106781186548,-0.707106781186548,0.));
#1570=DIRECTION('ref_axis',(-0.707106781186548,-0.707106781186548,0.));
#1571=DIRECTION('center_axis',(-1.,0.,0.));
#1572=DIRECTION('ref_axis',(0.,-0.707106781186493,-0.707106781186602));
#1573=DIRECTION('',(1.,0.,0.));
#1574=DIRECTION('',(-1.,0.,0.));
#1575=DIRECTION('center_axis',(0.,-1.,0.));
#1576=DIRECTION('ref_axis',(-1.,0.,0.));
#1577=DIRECTION('',(0.,0.,-1.));
#1578=DIRECTION('',(-1.,0.,0.));
#1579=DIRECTION('',(0.,0.,-1.));
#1580=DIRECTION('center_axis',(-1.,-1.16865581538774E-15,0.));
#1581=DIRECTION('ref_axis',(-1.16865581538774E-15,1.,0.));
#1582=DIRECTION('',(0.,0.,-1.));
#1583=DIRECTION('',(-1.16865581538774E-15,1.,0.));
#1584=DIRECTION('center_axis',(0.,0.,1.));
#1585=DIRECTION('ref_axis',(-1.,0.,0.));
#1586=DIRECTION('',(-1.,0.,0.));
#1587=DIRECTION('',(0.,1.,0.));
#1588=DIRECTION('',(0.,1.,0.));
#1589=DIRECTION('center_axis',(-1.,0.,0.));
#1590=DIRECTION('ref_axis',(0.,0.707106781186618,0.707106781186477));
#1591=DIRECTION('',(1.,0.,0.));
#1592=DIRECTION('center_axis',(-0.707106781186548,-0.707106781186548,0.));
#1593=DIRECTION('ref_axis',(0.707106781186547,-0.707106781186547,0.));
#1594=DIRECTION('center_axis',(-0.707106781186551,0.707106781186544,-7.85046229341909E-15));
#1595=DIRECTION('ref_axis',(-0.707106781186544,-0.707106781186551,-7.85046229341902E-15));
#1596=DIRECTION('center_axis',(0.,-1.,0.));
#1597=DIRECTION('ref_axis',(-0.707106781186618,0.,0.707106781186477));
#1598=DIRECTION('',(0.,1.,0.));
#1599=DIRECTION('center_axis',(0.707106781186548,-0.707106781186548,0.));
#1600=DIRECTION('ref_axis',(0.707106781186547,0.707106781186547,0.));
#1601=DIRECTION('',(0.,-1.,0.));
#1602=DIRECTION('center_axis',(-1.16865581538774E-15,1.,0.));
#1603=DIRECTION('ref_axis',(0.70710678118661,0.,0.707106781186485));
#1604=DIRECTION('center_axis',(-0.707106781186548,-0.707106781186548,0.));
#1605=DIRECTION('ref_axis',(0.707106781186547,-0.707106781186547,0.));
#1606=DIRECTION('',(1.16865581538774E-15,-1.,0.));
#1607=DIRECTION('center_axis',(1.,0.,0.));
#1608=DIRECTION('ref_axis',(0.,-0.707106781186618,0.707106781186477));
#1609=DIRECTION('',(-1.,0.,0.));
#1610=DIRECTION('',(1.,0.,0.));
#1611=DIRECTION('center_axis',(0.,0.,1.));
#1612=DIRECTION('ref_axis',(-1.,0.,0.));
#1613=DIRECTION('',(0.,1.,0.));
#1614=DIRECTION('',(1.,0.,0.));
#1615=DIRECTION('',(0.,1.,0.));
#1616=DIRECTION('center_axis',(1.,0.,0.));
#1617=DIRECTION('ref_axis',(0.,-1.,0.));
#1618=DIRECTION('',(0.,0.,-1.));
#1619=DIRECTION('center_axis',(0.,1.,0.));
#1620=DIRECTION('ref_axis',(1.,0.,0.));
#1621=DIRECTION('center_axis',(0.,-1.,0.));
#1622=DIRECTION('ref_axis',(4.01154803819635E-16,0.,-1.));
#1623=DIRECTION('center_axis',(0.,1.,0.));
#1624=DIRECTION('ref_axis',(4.01154803819635E-16,0.,-1.));
#1625=DIRECTION('',(0.,-1.,0.));
#1626=DIRECTION('center_axis',(0.,-1.,0.));
#1627=DIRECTION('ref_axis',(4.01154803819635E-16,0.,-1.));
#1628=DIRECTION('',(0.,-1.,0.));
#1629=DIRECTION('center_axis',(-1.,0.,3.02788097625043E-16));
#1630=DIRECTION('ref_axis',(-3.02788097625043E-16,0.,-1.));
#1631=DIRECTION('',(3.02788097625043E-16,0.,1.));
#1632=DIRECTION('',(-3.02788097625043E-16,0.,-1.));
#1633=DIRECTION('',(0.,-1.,0.));
#1634=DIRECTION('center_axis',(0.,-1.,0.));
#1635=DIRECTION('ref_axis',(-1.,0.,3.46944695195363E-16));
#1636=DIRECTION('center_axis',(0.,1.,0.));
#1637=DIRECTION('ref_axis',(-1.,0.,3.46944695195363E-16));
#1638=DIRECTION('center_axis',(0.,-1.,0.));
#1639=DIRECTION('ref_axis',(-1.,0.,3.46944695195363E-16));
#1640=DIRECTION('',(0.,-1.,0.));
#1641=DIRECTION('center_axis',(-4.03717463500057E-16,0.,1.));
#1642=DIRECTION('ref_axis',(-1.,0.,-4.03717463500057E-16));
#1643=DIRECTION('',(1.,0.,4.03717463500057E-16));
#1644=DIRECTION('',(-1.,0.,-4.03717463500057E-16));
#1645=DIRECTION('',(0.,-1.,0.));
#1646=DIRECTION('center_axis',(0.,-1.,0.));
#1647=DIRECTION('ref_axis',(0.,0.,1.));
#1648=DIRECTION('center_axis',(0.,1.,0.));
#1649=DIRECTION('ref_axis',(0.,0.,1.));
#1650=DIRECTION('center_axis',(0.,-1.,0.));
#1651=DIRECTION('ref_axis',(0.,0.,1.));
#1652=DIRECTION('',(0.,-1.,0.));
#1653=DIRECTION('center_axis',(1.,0.,-6.05576195250085E-16));
#1654=DIRECTION('ref_axis',(6.05576195250085E-16,0.,1.));
#1655=DIRECTION('',(-6.05576195250085E-16,0.,-1.));
#1656=DIRECTION('',(6.05576195250085E-16,0.,1.));
#1657=DIRECTION('',(0.,-1.,0.));
#1658=DIRECTION('center_axis',(0.,-1.,0.));
#1659=DIRECTION('ref_axis',(1.,0.,0.));
#1660=DIRECTION('center_axis',(0.,1.,0.));
#1661=DIRECTION('ref_axis',(1.,0.,0.));
#1662=DIRECTION('center_axis',(0.,-1.,0.));
#1663=DIRECTION('ref_axis',(1.,0.,0.));
#1664=DIRECTION('',(0.,-1.,0.));
#1665=DIRECTION('center_axis',(4.03717463500057E-16,0.,-1.));
#1666=DIRECTION('ref_axis',(1.,0.,4.03717463500057E-16));
#1667=DIRECTION('',(-1.,0.,-4.03717463500057E-16));
#1668=DIRECTION('',(1.,0.,4.03717463500057E-16));
#1669=DIRECTION('center_axis',(0.,-1.,0.));
#1670=DIRECTION('ref_axis',(-0.350121758033156,0.,0.936704198000506));
#1671=DIRECTION('center_axis',(0.,1.,0.));
#1672=DIRECTION('ref_axis',(-0.570034315619176,0.,-0.821620885212017));
#1673=DIRECTION('center_axis',(0.,1.,0.));
#1674=DIRECTION('ref_axis',(-0.570034315619176,0.,-0.821620885212017));
#1675=DIRECTION('',(0.,-1.,0.));
#1676=DIRECTION('center_axis',(0.,-1.,0.));
#1677=DIRECTION('ref_axis',(-0.350121758033158,0.,0.936704198000506));
#1678=DIRECTION('center_axis',(0.,-1.,0.));
#1679=DIRECTION('ref_axis',(-0.0224395072594077,0.,0.999748202556001));
#1680=DIRECTION('center_axis',(0.,-1.,0.));
#1681=DIRECTION('ref_axis',(-0.0224395072594077,0.,0.999748202556001));
#1682=DIRECTION('',(0.,-1.,0.));
#1683=DIRECTION('center_axis',(0.,-1.,0.));
#1684=DIRECTION('ref_axis',(-0.250000000000001,0.,0.968245836551854));
#1685=DIRECTION('center_axis',(0.,1.,0.));
#1686=DIRECTION('ref_axis',(0.588327550253707,0.,-0.808622714009737));
#1687=DIRECTION('center_axis',(0.,1.,0.));
#1688=DIRECTION('ref_axis',(0.588327550253707,0.,-0.808622714009737));
#1689=DIRECTION('',(0.,-1.,0.));
#1690=DIRECTION('center_axis',(1.,0.,1.50638205766762E-16));
#1691=DIRECTION('ref_axis',(-1.50638205766762E-16,0.,1.));
#1692=DIRECTION('',(0.,1.,0.));
#1693=DIRECTION('',(1.50638205766762E-16,0.,-1.));
#1694=DIRECTION('',(0.,-1.,0.));
#1695=DIRECTION('',(0.,-1.,0.));
#1696=DIRECTION('center_axis',(0.,-1.,0.));
#1697=DIRECTION('ref_axis',(-0.570034315619173,0.,-0.821620885212019));
#1698=DIRECTION('center_axis',(0.,1.,0.));
#1699=DIRECTION('ref_axis',(-0.570034315619173,0.,-0.821620885212019));
#1700=DIRECTION('center_axis',(0.,-1.,0.));
#1701=DIRECTION('ref_axis',(-0.570034315619176,0.,-0.821620885212017));
#1702=DIRECTION('',(0.,-1.,0.));
#1703=DIRECTION('center_axis',(0.,-1.,0.));
#1704=DIRECTION('ref_axis',(-0.707106781186548,0.,0.707106781186548));
#1705=DIRECTION('center_axis',(0.,-1.,0.));
#1706=DIRECTION('ref_axis',(-0.707106781186548,0.,0.707106781186548));
#1707=DIRECTION('center_axis',(0.,-1.,0.));
#1708=DIRECTION('ref_axis',(0.707106781186547,0.,0.707106781186548));
#1709=DIRECTION('center_axis',(0.,-1.,0.));
#1710=DIRECTION('ref_axis',(0.707106781186547,0.,0.707106781186548));
#1711=DIRECTION('center_axis',(0.,-1.,0.));
#1712=DIRECTION('ref_axis',(-0.0224395072594079,0.,0.999748202556001));
#1713=DIRECTION('center_axis',(0.,-1.,0.));
#1714=DIRECTION('ref_axis',(-0.0237506872175054,0.,0.999717912641709));
#1715=DIRECTION('center_axis',(0.,1.,0.));
#1716=DIRECTION('ref_axis',(-0.0237506872175054,0.,0.999717912641709));
#1717=DIRECTION('center_axis',(0.,1.,0.));
#1718=DIRECTION('ref_axis',(0.,0.,1.));
#1719=DIRECTION('center_axis',(0.,1.,0.));
#1720=DIRECTION('ref_axis',(0.588327550253705,0.,-0.808622714009738));
#1721=DIRECTION('center_axis',(0.,1.,0.));
#1722=DIRECTION('ref_axis',(0.588327550253705,0.,-0.808622714009738));
#1723=DIRECTION('center_axis',(-0.951470040825704,0.,0.307741387224945));
#1724=DIRECTION('ref_axis',(0.,-1.,0.));
#1725=DIRECTION('center_axis',(0.,-1.,0.));
#1726=DIRECTION('ref_axis',(0.588327550253707,0.,-0.808622714009737));
#1727=DIRECTION('center_axis',(0.,-1.,0.));
#1728=DIRECTION('ref_axis',(-0.0224395072594079,0.,0.999748202556001));
#1729=DIRECTION('center_axis',(-0.936704198000506,0.,-0.350121758033157));
#1730=DIRECTION('ref_axis',(0.,-1.,0.));
#1731=DIRECTION('center_axis',(0.,1.,0.));
#1732=DIRECTION('ref_axis',(-0.0224395072594077,0.,0.999748202556001));
#1733=DIRECTION('center_axis',(0.,1.,0.));
#1734=DIRECTION('ref_axis',(-0.570034315619175,0.,-0.821620885212017));
#1735=DIRECTION('center_axis',(0.,1.,0.));
#1736=DIRECTION('ref_axis',(0.588327550253705,0.,-0.808622714009738));
#1737=DIRECTION('',(0.,1.,0.));
#1738=DIRECTION('center_axis',(0.,1.,0.));
#1739=DIRECTION('ref_axis',(-1.,0.,0.));
#1740=DIRECTION('center_axis',(0.,-1.,0.));
#1741=DIRECTION('ref_axis',(0.996619424486888,0.,0.0821566962299683));
#1742=DIRECTION('center_axis',(-1.,0.,0.));
#1743=DIRECTION('ref_axis',(0.,0.,-1.));
#1744=DIRECTION('',(0.,1.,0.));
#1745=DIRECTION('',(0.,0.,1.));
#1746=DIRECTION('',(0.,1.,0.));
#1747=DIRECTION('center_axis',(0.,-1.,0.));
#1748=DIRECTION('ref_axis',(-0.707106781186548,0.,0.707106781186548));
#1749=DIRECTION('center_axis',(0.,1.,0.));
#1750=DIRECTION('ref_axis',(-0.707106781186548,0.,0.707106781186548));
#1751=DIRECTION('center_axis',(0.,-1.,0.));
#1752=DIRECTION('ref_axis',(0.707106781186547,0.,0.707106781186548));
#1753=DIRECTION('',(0.,1.,0.));
#1754=DIRECTION('center_axis',(0.,1.,0.));
#1755=DIRECTION('ref_axis',(0.707106781186548,0.,0.707106781186548));
#1756=DIRECTION('center_axis',(-0.321984498371836,0.,-0.946744940735485));
#1757=DIRECTION('ref_axis',(0.,1.,0.));
#1758=DIRECTION('center_axis',(0.,-1.,0.));
#1759=DIRECTION('ref_axis',(0.,0.,-1.));
#1760=DIRECTION('center_axis',(0.,0.,-1.));
#1761=DIRECTION('ref_axis',(0.,1.,0.));
#1762=DIRECTION('center_axis',(0.,1.,0.));
#1763=DIRECTION('ref_axis',(0.986350395445921,0.,-0.164659944745758));
#1764=DIRECTION('center_axis',(0.,-1.,0.));
#1765=DIRECTION('ref_axis',(0.986350395445921,0.,-0.164659944745758));
#1766=DIRECTION('center_axis',(1.50638205766762E-16,0.,-1.));
#1767=DIRECTION('ref_axis',(0.707106781186544,0.707106781186551,0.));
#1768=DIRECTION('center_axis',(0.,0.,-1.));
#1769=DIRECTION('ref_axis',(0.,1.,0.));
#1770=DIRECTION('',(1.50638205766762E-16,0.,-1.));
#1771=DIRECTION('',(-1.50638205766762E-16,0.,1.));
#1772=DIRECTION('center_axis',(0.,1.,0.));
#1773=DIRECTION('ref_axis',(0.,0.,1.));
#1774=DIRECTION('center_axis',(1.,0.,0.));
#1775=DIRECTION('ref_axis',(0.,1.,0.));
#1776=DIRECTION('center_axis',(0.,-1.,0.));
#1777=DIRECTION('ref_axis',(0.707106781186548,0.,0.707106781186548));
#1778=DIRECTION('center_axis',(1.,0.,0.));
#1779=DIRECTION('ref_axis',(0.,0.707106781186544,0.707106781186551));
#1780=DIRECTION('center_axis',(1.,0.,-8.88178419700113E-15));
#1781=DIRECTION('ref_axis',(0.,1.,0.));
#1782=DIRECTION('',(-1.,0.,0.));
#1783=DIRECTION('center_axis',(0.,1.,0.));
#1784=DIRECTION('ref_axis',(0.,0.,1.));
#1785=DIRECTION('center_axis',(0.,0.,1.));
#1786=DIRECTION('ref_axis',(0.,1.,0.));
#1787=DIRECTION('center_axis',(0.,-1.,0.));
#1788=DIRECTION('ref_axis',(-0.707106781186547,0.,0.707106781186547));
#1789=DIRECTION('center_axis',(0.,0.,1.));
#1790=DIRECTION('ref_axis',(-0.707106781186544,0.707106781186551,0.));
#1791=DIRECTION('center_axis',(0.,0.,1.));
#1792=DIRECTION('ref_axis',(0.,1.,0.));
#1793=DIRECTION('',(0.,0.,-1.));
#1794=DIRECTION('center_axis',(0.,-1.,0.));
#1795=DIRECTION('ref_axis',(0.,0.,-1.));
#1796=DIRECTION('center_axis',(-0.364138521030259,-5.09924103584063E-15,
0.931344800544833));
#1797=DIRECTION('ref_axis',(2.1316282072803E-13,1.,8.88178419700124E-14));
#1798=DIRECTION('center_axis',(0.,1.,0.));
#1799=DIRECTION('ref_axis',(-0.982407146912004,0.,-0.186751700651471));
#1800=DIRECTION('center_axis',(0.,-1.,0.));
#1801=DIRECTION('ref_axis',(-0.982407146912004,0.,-0.186751700651471));
#1802=DIRECTION('center_axis',(0.,1.,0.));
#1803=DIRECTION('ref_axis',(0.,0.,1.));
#1804=DIRECTION('center_axis',(0.,1.,0.));
#1805=DIRECTION('ref_axis',(-0.0237506872175054,0.,0.999717912641709));
#1806=DIRECTION('center_axis',(0.,1.,0.));
#1807=DIRECTION('ref_axis',(0.588327550253705,0.,-0.808622714009738));
#1808=DIRECTION('center_axis',(-0.951470040825704,0.,0.307741387224945));
#1809=DIRECTION('ref_axis',(0.,-1.,0.));
#1810=DIRECTION('center_axis',(0.,-1.,0.));
#1811=DIRECTION('ref_axis',(0.588327550253707,0.,-0.808622714009737));
#1812=DIRECTION('center_axis',(0.,-1.,0.));
#1813=DIRECTION('ref_axis',(-0.0224395072594079,0.,0.999748202556001));
#1814=DIRECTION('center_axis',(-0.936704198000506,0.,-0.350121758033157));
#1815=DIRECTION('ref_axis',(0.,-1.,0.));
#1816=DIRECTION('center_axis',(0.,1.,0.));
#1817=DIRECTION('ref_axis',(-0.0224395072594077,0.,0.999748202556001));
#1818=DIRECTION('center_axis',(0.,1.,0.));
#1819=DIRECTION('ref_axis',(-0.570034315619175,0.,-0.821620885212017));
#1820=DIRECTION('center_axis',(0.,-1.,0.));
#1821=DIRECTION('ref_axis',(-0.570034315619176,0.,-0.821620885212017));
#1822=DIRECTION('center_axis',(0.,1.,0.));
#1823=DIRECTION('ref_axis',(0.588327550253705,0.,-0.808622714009738));
#1824=DIRECTION('',(0.,-1.,0.));
#1825=DIRECTION('',(0.,1.,0.));
#1826=DIRECTION('center_axis',(0.,-1.,0.));
#1827=DIRECTION('ref_axis',(-0.0224395072699283,0.,0.999748202555765));
#1828=DIRECTION('center_axis',(0.,-1.,0.));
#1829=DIRECTION('ref_axis',(-0.0237506872175054,0.,0.999717912641709));
#1830=DIRECTION('center_axis',(0.,-1.,0.));
#1831=DIRECTION('ref_axis',(-0.570034315619173,0.,-0.821620885212019));
#1832=DIRECTION('',(0.,-1.,0.));
#1833=DIRECTION('center_axis',(1.,0.,1.50638205766762E-16));
#1834=DIRECTION('ref_axis',(-1.50638205766762E-16,0.,1.));
#1835=DIRECTION('center_axis',(0.,-1.,0.));
#1836=DIRECTION('ref_axis',(0.996619424486888,0.,0.0821566962299683));
#1837=DIRECTION('center_axis',(0.,1.,0.));
#1838=DIRECTION('ref_axis',(1.,0.,0.));
#1839=DIRECTION('center_axis',(0.,1.,0.));
#1840=DIRECTION('ref_axis',(1.,0.,0.));
#1841=DIRECTION('center_axis',(0.,1.,0.));
#1842=DIRECTION('ref_axis',(1.,0.,0.));
#1843=DIRECTION('center_axis',(0.,1.,0.));
#1844=DIRECTION('ref_axis',(1.,0.,0.));
#1845=DIRECTION('center_axis',(0.,1.,0.));
#1846=DIRECTION('ref_axis',(0.866025403784439,0.,-0.5));
#1847=DIRECTION('center_axis',(0.,1.,0.));
#1848=DIRECTION('ref_axis',(0.866025403784439,0.,-0.5));
#1849=DIRECTION('center_axis',(0.,-1.,0.));
#1850=DIRECTION('ref_axis',(1.,0.,0.));
#1851=DIRECTION('center_axis',(0.,-1.,0.));
#1852=DIRECTION('ref_axis',(1.,0.,0.));
#1853=DIRECTION('center_axis',(0.,-1.,0.));
#1854=DIRECTION('ref_axis',(1.,0.,0.));
#1855=DIRECTION('center_axis',(0.,-1.,0.));
#1856=DIRECTION('ref_axis',(1.,0.,0.));
#1857=DIRECTION('center_axis',(0.,-1.,0.));
#1858=DIRECTION('ref_axis',(1.,0.,0.));
#1859=DIRECTION('center_axis',(0.,-1.,0.));
#1860=DIRECTION('ref_axis',(1.,0.,0.));
#1861=CARTESIAN_POINT('',(0.,0.,0.));
#1862=CARTESIAN_POINT('Ctrl Pts',(-32.0162524863308,1.66533453693773E-15,
68.7337244925199));
#1863=CARTESIAN_POINT('Ctrl Pts',(-32.0162524863308,-2.83333333333333,68.7337244925199));
#1864=CARTESIAN_POINT('Ctrl Pts',(-32.0162524863308,-5.66666666666667,68.7337244925199));
#1865=CARTESIAN_POINT('Ctrl Pts',(-32.0162524863308,-8.5,68.7337244925199));
#1866=CARTESIAN_POINT('Ctrl Pts',(-32.0645878396872,1.66248207261311E-15,
68.7465008305368));
#1867=CARTESIAN_POINT('Ctrl Pts',(-32.0645878396872,-2.83333333333333,68.7465008305368));
#1868=CARTESIAN_POINT('Ctrl Pts',(-32.0645878396872,-5.66666666666667,68.7465008305368));
#1869=CARTESIAN_POINT('Ctrl Pts',(-32.0645878396872,-8.5,68.7465008305368));
#1870=CARTESIAN_POINT('Ctrl Pts',(-32.1399228873274,1.60974561839445E-15,
68.8020191493519));
#1871=CARTESIAN_POINT('Ctrl Pts',(-32.1399228873274,-2.83333333333333,68.8020191493519));
#1872=CARTESIAN_POINT('Ctrl Pts',(-32.1399228873274,-5.66666666666666,68.8020191493519));
#1873=CARTESIAN_POINT('Ctrl Pts',(-32.1399228873274,-8.5,68.8020191493519));
#1874=CARTESIAN_POINT('Ctrl Pts',(-32.1651424441621,1.498531992702E-15,
68.8895870906826));
#1875=CARTESIAN_POINT('Ctrl Pts',(-32.1651424441621,-2.83333333333333,68.8895870906826));
#1876=CARTESIAN_POINT('Ctrl Pts',(-32.1651424441621,-5.66666666666667,68.8895870906826));
#1877=CARTESIAN_POINT('Ctrl Pts',(-32.1651424441621,-8.5,68.8895870906826));
#1878=CARTESIAN_POINT('Ctrl Pts',(-32.1651424441621,1.44767619849516E-15,
68.9270836495038));
#1879=CARTESIAN_POINT('Ctrl Pts',(-32.1651424441621,-2.83333333333333,68.9270836495038));
#1880=CARTESIAN_POINT('Ctrl Pts',(-32.1651424441621,-5.66666666666667,68.9270836495038));
#1881=CARTESIAN_POINT('Ctrl Pts',(-32.1651424441621,-8.5,68.9270836495038));
#1882=CARTESIAN_POINT('',(-32.0162524863308,-8.5,68.7337244925199));
#1883=CARTESIAN_POINT('',(-32.1651424441621,-8.5,68.9270836495038));
#1884=CARTESIAN_POINT('Ctrl Pts',(-32.0162524863308,-8.5,68.7337244925199));
#1885=CARTESIAN_POINT('Ctrl Pts',(-32.0645878396872,-8.5,68.7465008305368));
#1886=CARTESIAN_POINT('Ctrl Pts',(-32.1076364383388,-8.5,68.7782255841455));
#1887=CARTESIAN_POINT('Ctrl Pts',(-32.1343207950946,-8.5,68.8204155206163));
#1888=CARTESIAN_POINT('Ctrl Pts',(-32.1543340626615,-8.5,68.8520579729695));
#1889=CARTESIAN_POINT('Ctrl Pts',(-32.1651424441621,-8.5,68.8895870906826));
#1890=CARTESIAN_POINT('Ctrl Pts',(-32.1651424441621,-8.5,68.9270836495038));
#1891=CARTESIAN_POINT('',(-32.1651424441621,-1.11022302462516E-15,68.9270836495038));
#1892=CARTESIAN_POINT('Ctrl Pts',(-32.1651424441621,-8.5,68.9270836495038));
#1893=CARTESIAN_POINT('Ctrl Pts',(-32.1651424441621,-5.66666666666667,68.9270836495038));
#1894=CARTESIAN_POINT('Ctrl Pts',(-32.1651424441621,-2.83333333333333,68.9270836495038));
#1895=CARTESIAN_POINT('Ctrl Pts',(-32.1651424441621,1.44767619849516E-15,
68.9270836495038));
#1896=CARTESIAN_POINT('',(-32.0162524863308,-5.55111512312578E-16,68.7337244925199));
#1897=CARTESIAN_POINT('Ctrl Pts',(-32.1651424441621,1.44767619849516E-15,
68.9270836495038));
#1898=CARTESIAN_POINT('Ctrl Pts',(-32.1651424441621,1.498531992702E-15,
68.8895870906826));
#1899=CARTESIAN_POINT('Ctrl Pts',(-32.1543340626615,1.54619497514162E-15,
68.8520579729695));
#1900=CARTESIAN_POINT('Ctrl Pts',(-32.1343207950946,1.58311725261667E-15,
68.8204155206163));
#1901=CARTESIAN_POINT('Ctrl Pts',(-32.1076364383388,1.63234695591673E-15,
68.7782255841455));
#1902=CARTESIAN_POINT('Ctrl Pts',(-32.0645878396872,1.66248207261311E-15,
68.7465008305368));
#1903=CARTESIAN_POINT('Ctrl Pts',(-32.0162524863308,1.66533453693773E-15,
68.7337244925199));
#1904=CARTESIAN_POINT('Ctrl Pts',(-32.0162524863308,-8.5,68.7337244925199));
#1905=CARTESIAN_POINT('Ctrl Pts',(-32.0162524863308,-5.66666666666667,68.7337244925199));
#1906=CARTESIAN_POINT('Ctrl Pts',(-32.0162524863308,-2.83333333333333,68.7337244925199));
#1907=CARTESIAN_POINT('Ctrl Pts',(-32.0162524863308,-5.55111512312578E-16,
68.7337244925199));
#1908=CARTESIAN_POINT('Origin',(-8.85082987186362E-15,0.,-3.75498080128417E-16));
#1909=CARTESIAN_POINT('',(-32.1651424441621,0.,72.8313072707355));
#1910=CARTESIAN_POINT('',(-32.1651424441621,0.,79.042229699106));
#1911=CARTESIAN_POINT('',(-30.6651424441621,0.,72.217984674131));
#1912=CARTESIAN_POINT('Origin',(-29.1651424441621,0.,78.0274596934422));
#1913=CARTESIAN_POINT('',(-30.6651424441621,-1.05773208577367E-13,68.8745346912821));
#1914=CARTESIAN_POINT('',(-30.6651424441621,0.,36.1089923370655));
#1915=CARTESIAN_POINT('',(73.3651059442406,4.36934473849967E-14,8.00007686152809));
#1916=CARTESIAN_POINT('Origin',(84.2253947130474,-8.22182942384075E-15,
145.88704843133));
#1917=CARTESIAN_POINT('',(27.134857555838,0.,68.630456106778));
#1918=CARTESIAN_POINT('Origin',(0.,0.,0.));
#1919=CARTESIAN_POINT('',(27.134857555838,0.,73.44797938147));
#1920=CARTESIAN_POINT('',(27.134857555838,0.,34.315228053389));
#1921=CARTESIAN_POINT('',(28.6348575558379,0.,74.0613019780745));
#1922=CARTESIAN_POINT('Origin',(25.6348575558379,0.,79.2574544007812));
#1923=CARTESIAN_POINT('',(28.634857555838,0.,69.6429101399193));
#1924=CARTESIAN_POINT('',(28.634857555838,0.,34.8214550699596));
#1925=CARTESIAN_POINT('',(74.885630760072,4.48902422204203E-14,7.8887455064899));
#1926=CARTESIAN_POINT('Origin',(0.,0.,0.));
#1927=CARTESIAN_POINT('',(74.9550676559903,-1.54074395550979E-32,7.88406354662389));
#1928=CARTESIAN_POINT('Origin',(84.2253947130474,-8.22182942384075E-15,
145.88704843133));
#1929=CARTESIAN_POINT('',(75.0482178161452,0.,6.38695865795939));
#1930=CARTESIAN_POINT('',(75.0482178161452,0.,6.38695865795939));
#1931=CARTESIAN_POINT('',(-31.9163996331454,-1.07608805977014E-13,68.0694461255399));
#1932=CARTESIAN_POINT('Origin',(84.2253947130475,-8.49237688181116E-15,
145.88704843133));
#1933=CARTESIAN_POINT('',(-31.8816565764584,-1.07659501258239E-13,68.3315419504346));
#1934=CARTESIAN_POINT('Origin',(-31.7502473576293,3.10862446895044E-14,
68.180771869826));
#1935=CARTESIAN_POINT('',(-31.7973942073537,-1.07569450387778E-13,68.4049839228474));
#1936=CARTESIAN_POINT('',(-32.0143723600133,-1.07801334106758E-13,68.2158686194074));
#1937=CARTESIAN_POINT('Ctrl Pts',(-31.7973942073537,-5.55111512312578E-16,
68.4049839228474));
#1938=CARTESIAN_POINT('Ctrl Pts',(-31.8705020131091,-5.55111512312578E-16,
68.5144607855534));
#1939=CARTESIAN_POINT('Ctrl Pts',(-31.9434548701955,-5.55111512312578E-16,
68.6240411217871));
#1940=CARTESIAN_POINT('Ctrl Pts',(-32.0162524863308,-5.55111512312578E-16,
68.7337244925199));
#1941=CARTESIAN_POINT('Origin',(-31.7502473576293,-4.25000000000011,68.180771869826));
#1942=CARTESIAN_POINT('',(-31.9163996331454,-8.50000000000011,68.0694461255399));
#1943=CARTESIAN_POINT('',(-31.8816565764584,-8.50000000000011,68.3315419504346));
#1944=CARTESIAN_POINT('Origin',(-31.7502473576293,-8.50000000000003,68.180771869826));
#1945=CARTESIAN_POINT('',(-31.8816565764584,-4.25000000000011,68.3315419504346));
#1946=CARTESIAN_POINT('',(-31.9163996331454,-4.25000000000011,68.0694461255399));
#1947=CARTESIAN_POINT('Origin',(20.8134935197632,-8.5,81.3802987189933));
#1948=CARTESIAN_POINT('',(-31.7973942073537,-8.50000000000011,68.4049839228474));
#1949=CARTESIAN_POINT('Ctrl Pts',(-32.0162524863308,-8.5,68.7337244925199));
#1950=CARTESIAN_POINT('Ctrl Pts',(-31.9434548701955,-8.5,68.6240411217871));
#1951=CARTESIAN_POINT('Ctrl Pts',(-31.8705020131091,-8.5,68.5144607855534));
#1952=CARTESIAN_POINT('Ctrl Pts',(-31.7973942073537,-8.5,68.4049839228474));
#1953=CARTESIAN_POINT('',(-30.8835967554486,-8.5000000000001,69.2014377606254));
#1954=CARTESIAN_POINT('',(75.0482178161452,-8.5,6.38695865795939));
#1955=CARTESIAN_POINT('Origin',(84.2253947130475,-8.49999999999999,145.88704843133));
#1956=CARTESIAN_POINT('',(74.9550676559903,-8.5,7.88406354662388));
#1957=CARTESIAN_POINT('',(74.9550676559903,-8.5,7.88406354662388));
#1958=CARTESIAN_POINT('',(74.885630760072,-8.49999999999994,7.88874550648989));
#1959=CARTESIAN_POINT('Origin',(84.2253947130475,-8.49999999999999,145.88704843133));
#1960=CARTESIAN_POINT('',(28.634857555838,-8.5,69.6429101399193));
#1961=CARTESIAN_POINT('Origin',(0.,-8.5,0.));
#1962=CARTESIAN_POINT('',(28.6348575558379,-8.5,149.884459398212));
#1963=CARTESIAN_POINT('',(28.634857555838,-8.5,75.5116044294563));
#1964=CARTESIAN_POINT('',(20.4348575558379,-8.5,158.084459398212));
#1965=CARTESIAN_POINT('Origin',(20.4348575558379,-8.5,149.884459398212));
#1966=CARTESIAN_POINT('',(-23.9651424441621,-8.5,158.084459398212));
#1967=CARTESIAN_POINT('',(24.7241755378006,-8.5,158.084459398212));
#1968=CARTESIAN_POINT('',(-32.1651424441621,-8.5,149.884459398212));
#1969=CARTESIAN_POINT('Origin',(-23.9651424441621,-8.5,149.884459398212));
#1970=CARTESIAN_POINT('',(-32.1651424441621,-8.5,119.732379058603));
#1971=CARTESIAN_POINT('',(-30.6651424441621,-8.50000000000011,68.8745346912822));
#1972=CARTESIAN_POINT('',(-30.6651424441621,-8.5,149.884459398212));
#1973=CARTESIAN_POINT('',(-30.6651424441621,-8.5,119.732379058603));
#1974=CARTESIAN_POINT('',(-23.9651424441621,-8.5,156.584459398212));
#1975=CARTESIAN_POINT('Origin',(-23.9651424441621,-8.5,149.884459398212));
#1976=CARTESIAN_POINT('',(20.4348575558379,-8.5,156.584459398212));
#1977=CARTESIAN_POINT('',(24.7241755378006,-8.5,156.584459398212));
#1978=CARTESIAN_POINT('',(27.1348575558379,-8.5,149.884459398212));
#1979=CARTESIAN_POINT('Origin',(20.4348575558379,-8.5,149.884459398212));
#1980=CARTESIAN_POINT('',(27.134857555838,-8.5,68.630456106778));
#1981=CARTESIAN_POINT('',(27.134857555838,-8.5,75.5116044294563));
#1982=CARTESIAN_POINT('',(73.3651059442406,-8.49999999999994,8.0000768615281));
#1983=CARTESIAN_POINT('Origin',(0.,-8.5,0.));
#1984=CARTESIAN_POINT('Origin',(84.2253947130475,-8.49999999999999,145.88704843133));
#1985=CARTESIAN_POINT('Origin',(84.2253947130475,-4.25000000000001,145.88704843133));
#1986=CARTESIAN_POINT('',(75.0482178161452,-8.5,6.38695865795939));
#1987=CARTESIAN_POINT('Origin',(-31.448984557731,-4.25000000000011,68.7086531900164));
#1988=CARTESIAN_POINT('Ctrl Pts',(-31.7973942073537,-5.55111512312578E-16,
68.4049839228474));
#1989=CARTESIAN_POINT('Ctrl Pts',(-31.7973942073537,-1.41666666666667,68.4049839228474));
#1990=CARTESIAN_POINT('Ctrl Pts',(-31.7973942073537,-2.83333333333333,68.4049839228474));
#1991=CARTESIAN_POINT('Ctrl Pts',(-31.7973942073537,-5.66666666666667,68.4049839228474));
#1992=CARTESIAN_POINT('Ctrl Pts',(-31.7973942073537,-7.08333333333333,68.4049839228474));
#1993=CARTESIAN_POINT('Ctrl Pts',(-31.7973942073537,-8.5,68.4049839228474));
#1994=CARTESIAN_POINT('Origin',(84.2253947130475,-4.25000000000001,145.88704843133));
#1995=CARTESIAN_POINT('',(74.885630760072,-4.24999999999995,7.88874550648988));
#1996=CARTESIAN_POINT('',(74.9550676559903,0.,7.88406354662389));
#1997=CARTESIAN_POINT('Origin',(84.2253947130475,-4.25000000000001,145.88704843133));
#1998=CARTESIAN_POINT('',(-30.6651424441621,-4.25000000000011,68.8745346912823));
#1999=CARTESIAN_POINT('',(73.3651059442406,-4.24999999999996,8.00007686152809));
#2000=CARTESIAN_POINT('Origin',(75.0016427360677,-4.25,7.13551110229164));
#2001=CARTESIAN_POINT('Origin',(-30.6651424441621,-8.5,158.084459398212));
#2002=CARTESIAN_POINT('',(-30.6651424441621,-1.5,72.2179846741311));
#2003=CARTESIAN_POINT('',(-30.6651424441621,0.,72.217984674131));
#2004=CARTESIAN_POINT('',(-30.6651424441621,3.,78.0274596934422));
#2005=CARTESIAN_POINT('Ctrl Pts',(-30.6651424441621,3.,78.0274596934422));
#2006=CARTESIAN_POINT('Ctrl Pts',(-30.6651424441621,2.39204859632458,77.676458786876));
#2007=CARTESIAN_POINT('Ctrl Pts',(-30.6651424441621,1.72157188363527,77.2899824480271));
#2008=CARTESIAN_POINT('Ctrl Pts',(-30.6651424441621,0.498688230543131,76.3805143983038));
#2009=CARTESIAN_POINT('Ctrl Pts',(-30.6651424441621,-0.0496677669665931,
75.852088360919));
#2010=CARTESIAN_POINT('Ctrl Pts',(-30.6651424441621,-0.775751737310304,
74.8548719246006));
#2011=CARTESIAN_POINT('Ctrl Pts',(-30.6651424441621,-1.07373233885957,74.2908987065479));
#2012=CARTESIAN_POINT('Ctrl Pts',(-30.6651424441621,-1.40058296397494,73.3115979384715));
#2013=CARTESIAN_POINT('Ctrl Pts',(-30.6651424441621,-1.5,72.7188449459799));
#2014=CARTESIAN_POINT('Ctrl Pts',(-30.6651424441621,-1.5,72.2179846741311));
#2015=CARTESIAN_POINT('',(-30.6651424441621,16.7,78.0274596934422));
#2016=CARTESIAN_POINT('',(-30.6651424441621,9.1,78.0274596934422));
#2017=CARTESIAN_POINT('',(-30.6651424441621,16.7,149.884459398212));
#2018=CARTESIAN_POINT('',(-30.6651424441621,16.7,120.109944355188));
#2019=CARTESIAN_POINT('',(-30.6651424441621,-8.5,149.884459398212));
#2020=CARTESIAN_POINT('Origin',(0.,0.,0.));
#2021=CARTESIAN_POINT('',(28.634857555838,-8.5,69.6429101399193));
#2022=CARTESIAN_POINT('Ctrl Pts',(-31.7973942073537,-8.5,68.4049839228474));
#2023=CARTESIAN_POINT('Ctrl Pts',(-31.8705020131091,-8.5,68.5144607855534));
#2024=CARTESIAN_POINT('Ctrl Pts',(-31.9434548701955,-8.5,68.6240411217871));
#2025=CARTESIAN_POINT('Ctrl Pts',(-32.0162524863308,-8.5,68.7337244925199));
#2026=CARTESIAN_POINT('Ctrl Pts',(-31.7973942073537,-5.66666666666667,68.4049839228474));
#2027=CARTESIAN_POINT('Ctrl Pts',(-31.8705020131091,-5.66666666666667,68.5144607855534));
#2028=CARTESIAN_POINT('Ctrl Pts',(-31.9434548701955,-5.66666666666667,68.6240411217871));
#2029=CARTESIAN_POINT('Ctrl Pts',(-32.0162524863308,-5.66666666666667,68.7337244925199));
#2030=CARTESIAN_POINT('Ctrl Pts',(-31.7973942073537,-2.83333333333333,68.4049839228474));
#2031=CARTESIAN_POINT('Ctrl Pts',(-31.8705020131091,-2.83333333333333,68.5144607855534));
#2032=CARTESIAN_POINT('Ctrl Pts',(-31.9434548701955,-2.83333333333333,68.6240411217871));
#2033=CARTESIAN_POINT('Ctrl Pts',(-32.0162524863308,-2.83333333333333,68.7337244925199));
#2034=CARTESIAN_POINT('Ctrl Pts',(-31.7973942073537,-5.55111512312578E-16,
68.4049839228474));
#2035=CARTESIAN_POINT('Ctrl Pts',(-31.8705020131091,-5.55111512312578E-16,
68.5144607855534));
#2036=CARTESIAN_POINT('Ctrl Pts',(-31.9434548701955,-5.55111512312578E-16,
68.6240411217871));
#2037=CARTESIAN_POINT('Ctrl Pts',(-32.0162524863308,-5.55111512312578E-16,
68.7337244925199));
#2038=CARTESIAN_POINT('Origin',(-9.5651424441766,-7.09999999999129,156.684459398212));
#2039=CARTESIAN_POINT('',(-9.5651424441766,-5.79999999998254,156.584459398212));
#2040=CARTESIAN_POINT('',(-9.5651424441766,-3.69999999997089,156.584459398212));
#2041=CARTESIAN_POINT('',(-9.5651424441766,-7.09999999999129,156.584459398212));
#2042=CARTESIAN_POINT('',(-9.4651424441766,-3.79999999997089,156.684459398212));
#2043=CARTESIAN_POINT('Origin',(-9.5651424441766,-3.69999999997089,156.684459398212));
#2044=CARTESIAN_POINT('',(-9.4651424441766,-5.69999999998254,156.684459398212));
#2045=CARTESIAN_POINT('',(-9.4651424441766,-7.09999999999129,156.684459398212));
#2046=CARTESIAN_POINT('Origin',(-9.5651424441766,-5.79999999998254,156.684459398212));
#2047=CARTESIAN_POINT('Origin',(17.284857555851,-5.79999999998254,156.684459398212));
#2048=CARTESIAN_POINT('',(5.93485755586414,-5.69999999998254,156.684459398212));
#2049=CARTESIAN_POINT('',(17.284857555851,-5.69999999998254,156.684459398212));
#2050=CARTESIAN_POINT('',(6.03485755586414,-5.79999999998254,156.584459398212));
#2051=CARTESIAN_POINT('Origin',(6.03485755586414,-5.79999999998254,156.684459398212));
#2052=CARTESIAN_POINT('',(17.284857555851,-5.79999999998254,156.584459398212));
#2053=CARTESIAN_POINT('Origin',(6.03485755586414,-6.14999999998545,156.684459398212));
#2054=CARTESIAN_POINT('',(6.03485755586414,-3.69999999997089,156.584459398212));
#2055=CARTESIAN_POINT('',(6.03485755586414,-6.14999999998545,156.584459398212));
#2056=CARTESIAN_POINT('',(5.93485755586414,-3.79999999997089,156.684459398212));
#2057=CARTESIAN_POINT('',(5.93485755586414,-6.14999999998545,156.684459398212));
#2058=CARTESIAN_POINT('Origin',(6.03485755586414,-3.69999999997089,156.684459398212));
#2059=CARTESIAN_POINT('Origin',(9.58485755583067,-3.69999999997089,156.684459398212));
#2060=CARTESIAN_POINT('',(9.58485755583067,-3.69999999997089,156.584459398212));
#2061=CARTESIAN_POINT('',(9.58485755583067,-3.79999999997089,156.684459398212));
#2062=CARTESIAN_POINT('Origin',(5.93485755586414,-5.69999999998254,158.084459398212));
#2063=CARTESIAN_POINT('',(-9.4651424441766,-5.69999999998254,157.984459398212));
#2064=CARTESIAN_POINT('',(-9.4651424441766,-5.69999999998254,158.084459398212));
#2065=CARTESIAN_POINT('',(5.93485755586414,-5.69999999998254,157.984459398212));
#2066=CARTESIAN_POINT('',(17.284857555851,-5.69999999998254,157.984459398212));
#2067=CARTESIAN_POINT('',(5.93485755586414,-5.69999999998254,158.084459398212));
#2068=CARTESIAN_POINT('Origin',(-9.4651424441766,-5.69999999998254,158.084459398212));
#2069=CARTESIAN_POINT('',(-9.4651424441766,-3.79999999997089,157.984459398212));
#2070=CARTESIAN_POINT('',(-9.4651424441766,-3.79999999997089,158.084459398212));
#2071=CARTESIAN_POINT('',(-9.4651424441766,-7.09999999999129,157.984459398212));
#2072=CARTESIAN_POINT('Origin',(28.6348575558379,-8.5,156.584459398212));
#2073=CARTESIAN_POINT('',(-23.9651424441621,16.7,156.584459398212));
#2074=CARTESIAN_POINT('',(20.4348575558379,16.7,156.584459398212));
#2075=CARTESIAN_POINT('',(25.0375038328441,16.7,156.584459398212));
#2076=CARTESIAN_POINT('',(20.4348575558379,-8.5,156.584459398212));
#2077=CARTESIAN_POINT('',(-23.9651424441621,-8.5,156.584459398212));
#2078=CARTESIAN_POINT('Origin',(17.284857555851,-5.79999999998254,157.984459398212));
#2079=CARTESIAN_POINT('',(-9.5651424441766,-5.79999999998254,158.084459398212));
#2080=CARTESIAN_POINT('',(6.03485755586414,-5.79999999998254,158.084459398212));
#2081=CARTESIAN_POINT('',(17.284857555851,-5.79999999998254,158.084459398212));
#2082=CARTESIAN_POINT('Origin',(6.03485755586414,-5.79999999998254,157.984459398212));
#2083=CARTESIAN_POINT('Origin',(-9.5651424441766,-5.79999999998254,157.984459398212));
#2084=CARTESIAN_POINT('Origin',(6.03485755586414,-6.14999999998545,157.984459398212));
#2085=CARTESIAN_POINT('',(6.03485755586414,-3.69999999997089,158.084459398212));
#2086=CARTESIAN_POINT('',(6.03485755586414,-6.14999999998545,158.084459398212));
#2087=CARTESIAN_POINT('',(5.93485755586414,-3.79999999997089,157.984459398212));
#2088=CARTESIAN_POINT('Origin',(6.03485755586414,-3.69999999997089,157.984459398212));
#2089=CARTESIAN_POINT('',(5.93485755586414,-6.14999999998545,157.984459398212));
#2090=CARTESIAN_POINT('Origin',(-9.5651424441766,-7.09999999999129,157.984459398212));
#2091=CARTESIAN_POINT('',(-9.5651424441766,-3.69999999997089,158.084459398212));
#2092=CARTESIAN_POINT('Origin',(-9.5651424441766,-3.69999999997089,157.984459398212));
#2093=CARTESIAN_POINT('',(-9.5651424441766,-7.09999999999129,158.084459398212));
#2094=CARTESIAN_POINT('Origin',(9.58485755583067,-3.69999999997089,157.984459398212));
#2095=CARTESIAN_POINT('',(9.58485755583067,-3.69999999997089,158.084459398212));
#2096=CARTESIAN_POINT('',(9.58485755583067,-3.79999999997089,157.984459398212));
#2097=CARTESIAN_POINT('Origin',(28.6348575558379,-8.5,158.084459398212));
#2098=CARTESIAN_POINT('',(20.4348575558379,17.7,158.084459398212));
#2099=CARTESIAN_POINT('',(20.4348575558379,-8.5,158.084459398212));
#2100=CARTESIAN_POINT('',(-23.9651424441621,17.7,158.084459398212));
#2101=CARTESIAN_POINT('',(25.0375038328441,17.7,158.084459398212));
#2102=CARTESIAN_POINT('',(-23.9651424441621,-8.5,158.084459398212));
#2103=CARTESIAN_POINT('Origin',(5.93485755586414,-3.79999999997089,158.084459398212));
#2104=CARTESIAN_POINT('',(5.93485755586414,-3.79999999997089,158.084459398212));
#2105=CARTESIAN_POINT('Origin',(-9.4651424441766,-3.79999999997089,158.084459398212));
#2106=CARTESIAN_POINT('Origin',(-23.7651424441621,18.2,105.684459398212));
#2107=CARTESIAN_POINT('',(-23.7651424441621,16.7,102.484459398212));
#2108=CARTESIAN_POINT('',(-26.9651424441621,16.7,105.684459398212));
#2109=CARTESIAN_POINT('Origin',(-23.7651424441621,16.7,105.684459398212));
#2110=CARTESIAN_POINT('',(-23.7651424441621,18.2,102.484459398212));
#2111=CARTESIAN_POINT('',(-23.7651424441621,18.2,102.484459398212));
#2112=CARTESIAN_POINT('',(-26.9651424441621,18.2,105.684459398212));
#2113=CARTESIAN_POINT('Origin',(-23.7651424441621,18.2,105.684459398212));
#2114=CARTESIAN_POINT('',(-26.9651424441621,18.2,105.684459398212));
#2115=CARTESIAN_POINT('Origin',(-26.965142444162,18.2,149.684459398212));
#2116=CARTESIAN_POINT('',(-26.965142444162,16.7,149.684459398212));
#2117=CARTESIAN_POINT('',(-26.9651424441621,16.7,115.909944355188));
#2118=CARTESIAN_POINT('',(-26.965142444162,18.2,149.684459398212));
#2119=CARTESIAN_POINT('',(-26.9651424441621,18.2,115.909944355188));
#2120=CARTESIAN_POINT('',(-26.965142444162,18.2,149.684459398212));
#2121=CARTESIAN_POINT('Origin',(-23.7651424441621,18.2,149.684459398212));
#2122=CARTESIAN_POINT('',(-23.7651424441621,16.7,152.884459398212));
#2123=CARTESIAN_POINT('Origin',(-23.7651424441621,16.7,149.684459398212));
#2124=CARTESIAN_POINT('',(-23.7651424441621,18.2,152.884459398212));
#2125=CARTESIAN_POINT('Origin',(-23.7651424441621,18.2,149.684459398212));
#2126=CARTESIAN_POINT('',(-23.7651424441621,18.2,152.884459398212));
#2127=CARTESIAN_POINT('Origin',(20.234857555838,18.2,152.884459398212));
#2128=CARTESIAN_POINT('',(20.234857555838,16.7,152.884459398212));
#2129=CARTESIAN_POINT('',(20.8375038328441,16.7,152.884459398212));
#2130=CARTESIAN_POINT('',(20.234857555838,18.2,152.884459398212));
#2131=CARTESIAN_POINT('',(20.8375038328441,18.2,152.884459398212));
#2132=CARTESIAN_POINT('',(20.234857555838,18.2,152.884459398212));
#2133=CARTESIAN_POINT('Origin',(20.234857555838,18.2,149.684459398212));
#2134=CARTESIAN_POINT('',(23.434857555838,16.7,149.684459398212));
#2135=CARTESIAN_POINT('Origin',(20.234857555838,16.7,149.684459398212));
#2136=CARTESIAN_POINT('',(23.434857555838,18.2,149.684459398212));
#2137=CARTESIAN_POINT('Origin',(20.234857555838,18.2,149.684459398212));
#2138=CARTESIAN_POINT('',(23.434857555838,18.2,149.684459398212));
#2139=CARTESIAN_POINT('Origin',(23.4348575558379,18.2,105.684459398212));
#2140=CARTESIAN_POINT('',(23.4348575558379,16.7,105.684459398212));
#2141=CARTESIAN_POINT('',(23.4348575558379,16.7,93.9099443551881));
#2142=CARTESIAN_POINT('',(23.4348575558379,18.2,105.684459398212));
#2143=CARTESIAN_POINT('',(23.4348575558379,18.2,93.9099443551881));
#2144=CARTESIAN_POINT('',(23.4348575558379,18.2,105.684459398212));
#2145=CARTESIAN_POINT('Origin',(20.234857555838,18.2,105.684459398212));
#2146=CARTESIAN_POINT('',(20.234857555838,16.7,102.484459398212));
#2147=CARTESIAN_POINT('Origin',(20.234857555838,16.7,105.684459398212));
#2148=CARTESIAN_POINT('',(20.234857555838,18.2,102.484459398212));
#2149=CARTESIAN_POINT('Origin',(20.234857555838,18.2,105.684459398212));
#2150=CARTESIAN_POINT('',(20.234857555838,18.2,102.484459398212));
#2151=CARTESIAN_POINT('Origin',(-23.7651424441621,18.2,102.484459398212));
#2152=CARTESIAN_POINT('',(-1.16249616715587,16.7,102.484459398212));
#2153=CARTESIAN_POINT('',(-1.16249616715587,18.2,102.484459398212));
#2154=CARTESIAN_POINT('Origin',(-29.1651424441621,0.,78.0274596934422));
#2155=CARTESIAN_POINT('',(-27.0644118959631,-1.5,72.4072345054391));
#2156=CARTESIAN_POINT('Origin',(-29.1651424441621,-1.5,78.0274596934422));
#2157=CARTESIAN_POINT('',(-27.0644118959631,0.,72.4072345054391));
#2158=CARTESIAN_POINT('Origin',(-29.1651424441621,0.,78.0274596934422));
#2159=CARTESIAN_POINT('',(-27.0644118959631,0.,72.4072345054391));
#2160=CARTESIAN_POINT('Origin',(0.,0.,0.));
#2161=CARTESIAN_POINT('',(23.7884092324883,-1.5,73.5486341558269));
#2162=CARTESIAN_POINT('Origin',(-8.88178419700125E-15,-1.5,0.));
#2163=CARTESIAN_POINT('',(23.7884092324883,0.,73.5486341558269));
#2164=CARTESIAN_POINT('Origin',(-8.88178419700125E-15,0.,0.));
#2165=CARTESIAN_POINT('',(23.7884092324883,0.,73.5486341558269));
#2166=CARTESIAN_POINT('Origin',(25.6348575558379,0.,79.2574544007812));
#2167=CARTESIAN_POINT('',(27.134857555838,-1.5,73.44797938147));
#2168=CARTESIAN_POINT('Origin',(25.6348575558379,-1.5,79.2574544007812));
#2169=CARTESIAN_POINT('Origin',(25.6348575558379,0.,79.2574544007812));
#2170=CARTESIAN_POINT('',(27.134857555838,0.,73.44797938147));
#2171=CARTESIAN_POINT('Origin',(27.134857555838,-8.5,69.6429101399193));
#2172=CARTESIAN_POINT('',(27.1348575558379,16.7,149.884459398212));
#2173=CARTESIAN_POINT('',(27.1348575558379,-8.5,149.884459398212));
#2174=CARTESIAN_POINT('',(27.134857555838,16.7,79.2574544007812));
#2175=CARTESIAN_POINT('',(27.134857555838,16.7,75.8891697260418));
#2176=CARTESIAN_POINT('',(27.134857555838,3.,79.2574544007812));
#2177=CARTESIAN_POINT('',(27.134857555838,9.1,79.2574544007812));
#2178=CARTESIAN_POINT('Ctrl Pts',(27.134857555838,3.,79.2574544007812));
#2179=CARTESIAN_POINT('Ctrl Pts',(27.134857555838,2.39204859632458,78.906453494215));
#2180=CARTESIAN_POINT('Ctrl Pts',(27.134857555838,1.72157188363524,78.5199771553661));
#2181=CARTESIAN_POINT('Ctrl Pts',(27.134857555838,0.49868823054312,77.6105091056427));
#2182=CARTESIAN_POINT('Ctrl Pts',(27.134857555838,-0.0496677669665991,77.082083068258));
#2183=CARTESIAN_POINT('Ctrl Pts',(27.134857555838,-0.775751737310305,76.0848666319396));
#2184=CARTESIAN_POINT('Ctrl Pts',(27.134857555838,-1.07373233885957,75.5208934138869));
#2185=CARTESIAN_POINT('Ctrl Pts',(27.134857555838,-1.40058296397494,74.5415926458105));
#2186=CARTESIAN_POINT('Ctrl Pts',(27.134857555838,-1.5,73.9488396533189));
#2187=CARTESIAN_POINT('Ctrl Pts',(27.134857555838,-1.5,73.44797938147));
#2188=CARTESIAN_POINT('',(27.134857555838,0.,68.630456106778));
#2189=CARTESIAN_POINT('Origin',(-29.1651424441621,9.1,78.0274596934422));
#2190=CARTESIAN_POINT('',(-30.565413254534,16.7,77.4896477768574));
#2191=CARTESIAN_POINT('Origin',(-29.1651424441621,16.7,78.0274596934422));
#2192=CARTESIAN_POINT('',(-28.6399598071123,3.,76.6224033964414));
#2193=CARTESIAN_POINT('Origin',(-29.1651424441621,3.,78.0274596934422));
#2194=CARTESIAN_POINT('',(-28.6399598071123,15.2,76.6224033964414));
#2195=CARTESIAN_POINT('',(-28.6399598071123,9.1,76.6224033964414));
#2196=CARTESIAN_POINT('Ctrl Pts',(-30.5654132545339,16.7,77.4896477768573));
#2197=CARTESIAN_POINT('Ctrl Pts',(-30.5139398790254,16.7000000000011,77.3556294276664));
#2198=CARTESIAN_POINT('Ctrl Pts',(-30.4444514705163,16.6794097972764,77.2321272436181));
#2199=CARTESIAN_POINT('Ctrl Pts',(-30.2566466060468,16.5926642688739,76.9842054687697));
#2200=CARTESIAN_POINT('Ctrl Pts',(-30.1348638187984,16.5186230103547,76.8725323238416));
#2201=CARTESIAN_POINT('Ctrl Pts',(-29.8329344995266,16.3084855041509,76.6681480587664));
#2202=CARTESIAN_POINT('Ctrl Pts',(-29.6377361569892,16.1533803131612,76.5885133401183));
#2203=CARTESIAN_POINT('Ctrl Pts',(-29.167526006659,15.7405867289606,76.5036636285278));
#2204=CARTESIAN_POINT('Ctrl Pts',(-28.8960872707792,15.475561401908,76.5277121541094));
#2205=CARTESIAN_POINT('Ctrl Pts',(-28.6433498147322,15.2036508774768,76.6211397710509));
#2206=CARTESIAN_POINT('Ctrl Pts',(-28.6416542373393,15.2018254379391,76.6217700514739));
#2207=CARTESIAN_POINT('Ctrl Pts',(-28.6399598071123,15.2,76.6224033964414));
#2208=CARTESIAN_POINT('Origin',(-23.9651424441621,-8.5,149.884459398212));
#2209=CARTESIAN_POINT('Origin',(-23.9651424441621,16.7,149.884459398212));
#2210=CARTESIAN_POINT('Origin',(20.4348575558379,-8.5,149.884459398212));
#2211=CARTESIAN_POINT('Origin',(20.4348575558379,16.7,149.884459398212));
#2212=CARTESIAN_POINT('Origin',(-8.88178419700125E-15,15.2,0.));
#2213=CARTESIAN_POINT('',(25.1732454750005,15.2,77.8302493395426));
#2214=CARTESIAN_POINT('Origin',(-8.88178419700125E-15,15.2,0.));
#2215=CARTESIAN_POINT('',(27.0578485966374,16.7,78.7830110450426));
#2216=CARTESIAN_POINT('Ctrl Pts',(25.1732454750005,15.2,77.8302493395426));
#2217=CARTESIAN_POINT('Ctrl Pts',(25.1749666155713,15.2018254379401,77.829692657604));
#2218=CARTESIAN_POINT('Ctrl Pts',(25.1766887646527,15.2036508774773,77.8291390885949));
#2219=CARTESIAN_POINT('Ctrl Pts',(25.4333635817755,15.4755614019217,77.7471453110658));
#2220=CARTESIAN_POINT('Ctrl Pts',(25.7056079641288,15.7405867289675,77.7352998394633));
#2221=CARTESIAN_POINT('Ctrl Pts',(26.1715375706183,16.1533803131608,77.8411613566399));
#2222=CARTESIAN_POINT('Ctrl Pts',(26.3629663083443,16.3084855041506,77.9294739815367));
#2223=CARTESIAN_POINT('Ctrl Pts',(26.6554213110072,16.5186230103545,78.1471992971614));
#2224=CARTESIAN_POINT('Ctrl Pts',(26.772070936581,16.5926642688738,78.2642240954805));
#2225=CARTESIAN_POINT('Ctrl Pts',(26.9485629864132,16.6794097972764,78.5203225724548));
#2226=CARTESIAN_POINT('Ctrl Pts',(27.0124401550347,16.7000000000011,78.6468181680727));
#2227=CARTESIAN_POINT('Ctrl Pts',(27.0578485966374,16.7,78.7830110450425));
#2228=CARTESIAN_POINT('Origin',(-8.88178419700125E-15,16.7,0.));
#2229=CARTESIAN_POINT('Origin',(21.4401501098503,16.7,82.1354293121643));
#2230=CARTESIAN_POINT('Origin',(25.6348575558379,16.7,79.2574544007812));
#2231=CARTESIAN_POINT('Origin',(25.6348575558379,3.,79.2574544007812));
#2232=CARTESIAN_POINT('',(25.1732454750005,3.,77.8302493395426));
#2233=CARTESIAN_POINT('Origin',(23.7884092324883,3.,73.5486341558269));
#2234=CARTESIAN_POINT('Origin',(25.6348575558379,3.,79.2574544007812));
#2235=CARTESIAN_POINT('Origin',(-8.88178419700125E-15,3.,0.));
#2236=CARTESIAN_POINT('Origin',(-27.0644118959631,3.,72.4072345054391));
#2237=CARTESIAN_POINT('Origin',(-8.88178419700125E-15,3.,0.));
#2238=CARTESIAN_POINT('Origin',(-29.1651424441621,3.,78.0274596934422));
#2239=CARTESIAN_POINT('Origin',(25.6348575558379,9.1,79.2574544007812));
#2240=CARTESIAN_POINT('',(25.1732454750005,9.1,77.8302493395426));
#2241=CARTESIAN_POINT('Origin',(0.,0.,0.));
#2242=CARTESIAN_POINT('Origin',(-8.88178419700125E-15,9.1,0.));
#2243=CARTESIAN_POINT('Origin',(-32.1651424441621,-8.5,158.084459398212));
#2244=CARTESIAN_POINT('',(-32.1651424441621,17.7,149.884459398212));
#2245=CARTESIAN_POINT('',(-32.1651424441621,-8.5,149.884459398212));
#2246=CARTESIAN_POINT('',(-32.1651424441621,17.7,78.0274596934422));
#2247=CARTESIAN_POINT('',(-32.1651424441621,17.7,120.109944355188));
#2248=CARTESIAN_POINT('',(-32.1651424441621,3.,78.0274596934422));
#2249=CARTESIAN_POINT('',(-32.1651424441621,9.1,78.0274596934422));
#2250=CARTESIAN_POINT('Ctrl Pts',(-32.1651424441621,4.62223186652937E-32,
72.8313072707355));
#2251=CARTESIAN_POINT('Ctrl Pts',(-32.1651424441621,-9.39109283503754E-16,
73.2136234035489));
#2252=CARTESIAN_POINT('Ctrl Pts',(-32.1651424441621,0.0583629843941602,
73.6266066156528));
#2253=CARTESIAN_POINT('Ctrl Pts',(-32.1651424441621,0.283743392570334,74.4246352922153));
#2254=CARTESIAN_POINT('Ctrl Pts',(-32.1651424441621,0.449906732474399,74.8099217215638));
#2255=CARTESIAN_POINT('Ctrl Pts',(-32.1651424441621,0.909679658344668,75.6641825229841));
#2256=CARTESIAN_POINT('Ctrl Pts',(-32.1651424441621,1.28681630483024,76.1828903099896));
#2257=CARTESIAN_POINT('Ctrl Pts',(-32.1651424441621,2.12597703793183,77.1551336854977));
#2258=CARTESIAN_POINT('Ctrl Pts',(-32.1651424441621,2.58435266687856,77.6118123603207));
#2259=CARTESIAN_POINT('Ctrl Pts',(-32.1651424441621,3.,78.0274596934422));
#2260=CARTESIAN_POINT('Origin',(-23.9651424441621,-8.5,149.884459398212));
#2261=CARTESIAN_POINT('Origin',(-23.9651424441621,17.7,149.884459398212));
#2262=CARTESIAN_POINT('Origin',(20.4348575558379,-8.5,149.884459398212));
#2263=CARTESIAN_POINT('',(28.6348575558379,17.7,149.884459398212));
#2264=CARTESIAN_POINT('',(28.6348575558379,-8.5,149.884459398212));
#2265=CARTESIAN_POINT('Origin',(20.4348575558379,17.7,149.884459398212));
#2266=CARTESIAN_POINT('Ctrl Pts',(24.7116333941631,15.2,76.4030442783041));
#2267=CARTESIAN_POINT('Ctrl Pts',(24.7137657015645,15.2027475688003,76.4023546094658));
#2268=CARTESIAN_POINT('Ctrl Pts',(24.7158989978197,15.2054950018994,76.401668372014));
#2269=CARTESIAN_POINT('Ctrl Pts',(24.9269496779036,15.4771466700355,76.3341891536641));
#2270=CARTESIAN_POINT('Ctrl Pts',(25.3678884929766,16.0166213118486,76.2675740571938));
#2271=CARTESIAN_POINT('Ctrl Pts',(26.0741266213813,16.7932432466495,76.3824464039547));
#2272=CARTESIAN_POINT('Ctrl Pts',(26.8075572751942,17.4986752893046,76.7499388530221));
#2273=CARTESIAN_POINT('Ctrl Pts',(27.5137633938486,18.04732774171,77.4213516367822));
#2274=CARTESIAN_POINT('Ctrl Pts',(27.8793144846768,18.2,78.0955102941002));
#2275=CARTESIAN_POINT('Ctrl Pts',(28.0017199076767,18.2,78.4524931548516));
#2276=CARTESIAN_POINT('Ctrl Pts',(24.7116333941631,15.2,76.4030442783041));
#2277=CARTESIAN_POINT('Ctrl Pts',(24.7139149842524,15.2025966018349,76.4023067240522));
#2278=CARTESIAN_POINT('Ctrl Pts',(24.7161917415956,15.2051879228976,76.4015726951456));
#2279=CARTESIAN_POINT('Ctrl Pts',(24.9419194729519,15.4618319125353,76.3293123461872));
#2280=CARTESIAN_POINT('Ctrl Pts',(25.4088707513073,15.9710923558161,76.2450438955331));
#2281=CARTESIAN_POINT('Ctrl Pts',(26.152400767588,16.7185216873206,76.3113754110495));
#2282=CARTESIAN_POINT('Ctrl Pts',(26.9291408263841,17.4247356703517,76.6200389503556));
#2283=CARTESIAN_POINT('Ctrl Pts',(27.7014177934503,18.0181094181437,77.259318284792));
#2284=CARTESIAN_POINT('Ctrl Pts',(28.1171600973131,18.201584152237,77.9782155832587));
#2285=CARTESIAN_POINT('Ctrl Pts',(28.2495771535631,18.2,78.368197810297));
#2286=CARTESIAN_POINT('Ctrl Pts',(24.7116333941631,15.2,76.4030442783041));
#2287=CARTESIAN_POINT('Ctrl Pts',(24.7140623418529,15.2024440635259,76.4022590539295));
#2288=CARTESIAN_POINT('Ctrl Pts',(24.7164868368621,15.2048824723302,76.401477255752));
#2289=CARTESIAN_POINT('Ctrl Pts',(24.9567664371626,15.4464623726882,76.3245074480725));
#2290=CARTESIAN_POINT('Ctrl Pts',(25.4526333510439,15.9257533146811,76.2307587860093));
#2291=CARTESIAN_POINT('Ctrl Pts',(26.2439822813422,16.6233340870225,76.2810077791447));
#2292=CARTESIAN_POINT('Ctrl Pts',(27.0760063420037,17.2714467799044,76.5707211521279));
#2293=CARTESIAN_POINT('Ctrl Pts',(27.9068662365686,17.8024942024219,77.1896377506855));
#2294=CARTESIAN_POINT('Ctrl Pts',(28.3434898595651,17.9629707634825,77.9012374907414));
#2295=CARTESIAN_POINT('Ctrl Pts',(28.4750923780444,17.9617993877991,78.2915009056657));
#2296=CARTESIAN_POINT('Ctrl Pts',(24.7116333941631,15.2,76.4030442783041));
#2297=CARTESIAN_POINT('Ctrl Pts',(24.7142080956013,15.2022896406648,76.402211522507));
#2298=CARTESIAN_POINT('Ctrl Pts',(24.7167837583278,15.2045791682495,76.4013821855267));
#2299=CARTESIAN_POINT('Ctrl Pts',(24.9715726314843,15.430955558363,76.3197524901568));
#2300=CARTESIAN_POINT('Ctrl Pts',(25.499253029311,15.8805177598738,76.2246766574228));
#2301=CARTESIAN_POINT('Ctrl Pts',(26.3295859663338,16.5277027055412,76.2977042672717));
#2302=CARTESIAN_POINT('Ctrl Pts',(27.1745443295165,17.1155627410872,76.6266375951228));
#2303=CARTESIAN_POINT('Ctrl Pts',(27.9658473523474,17.5727731180916,77.2679852731078));
#2304=CARTESIAN_POINT('Ctrl Pts',(28.353575901727,17.7,77.9342007568968));
#2305=CARTESIAN_POINT('Ctrl Pts',(28.4750923780444,17.7,78.2915009056657));
#2306=CARTESIAN_POINT('',(28.0017199076767,18.2,78.4524931548516));
#2307=CARTESIAN_POINT('',(28.4750923780444,17.7,78.2915009056657));
#2308=CARTESIAN_POINT('Origin',(28.0017199076767,17.7,78.4524931548516));
#2309=CARTESIAN_POINT('',(24.7116333941631,15.2,76.403044278304));
#2310=CARTESIAN_POINT('Ctrl Pts',(28.4750923780444,17.7,78.2915009056657));
#2311=CARTESIAN_POINT('Ctrl Pts',(28.353575901727,17.7,77.9342007568968));
#2312=CARTESIAN_POINT('Ctrl Pts',(27.9658473523474,17.5727731180916,77.2679852731078));
#2313=CARTESIAN_POINT('Ctrl Pts',(27.1745443295165,17.1155627410872,76.6266375951228));
#2314=CARTESIAN_POINT('Ctrl Pts',(26.3295859663338,16.5277027055412,76.2977042672717));
#2315=CARTESIAN_POINT('Ctrl Pts',(25.499253029311,15.8805177598738,76.2246766574228));
#2316=CARTESIAN_POINT('Ctrl Pts',(24.9715726314843,15.430955558363,76.3197524901568));
#2317=CARTESIAN_POINT('Ctrl Pts',(24.7167837583278,15.2045791682495,76.4013821855267));
#2318=CARTESIAN_POINT('Ctrl Pts',(24.7142080956013,15.2022896406648,76.402211522507));
#2319=CARTESIAN_POINT('Ctrl Pts',(24.7116333941631,15.2,76.4030442783041));
#2320=CARTESIAN_POINT('Ctrl Pts',(24.7116333941631,15.2,76.4030442783041));
#2321=CARTESIAN_POINT('Ctrl Pts',(24.7137657015645,15.2027475688003,76.4023546094658));
#2322=CARTESIAN_POINT('Ctrl Pts',(24.7158989978197,15.2054950018994,76.401668372014));
#2323=CARTESIAN_POINT('Ctrl Pts',(24.9269496779036,15.4771466700355,76.3341891536641));
#2324=CARTESIAN_POINT('Ctrl Pts',(25.3678884929766,16.0166213118486,76.2675740571938));
#2325=CARTESIAN_POINT('Ctrl Pts',(26.0741266213813,16.7932432466495,76.3824464039547));
#2326=CARTESIAN_POINT('Ctrl Pts',(26.8075572751942,17.4986752893046,76.7499388530221));
#2327=CARTESIAN_POINT('Ctrl Pts',(27.5137633938486,18.04732774171,77.4213516367822));
#2328=CARTESIAN_POINT('Ctrl Pts',(27.8793144846768,18.2,78.0955102941002));
#2329=CARTESIAN_POINT('Ctrl Pts',(28.0017199076767,18.2,78.4524931548516));
#2330=CARTESIAN_POINT('Origin',(25.6348575558379,17.7,79.2574544007812));
#2331=CARTESIAN_POINT('',(28.1348575558379,18.2,79.2574544007812));
#2332=CARTESIAN_POINT('',(28.634857555838,17.7,79.2574544007812));
#2333=CARTESIAN_POINT('Origin',(28.1348575558379,17.7,79.2574544007812));
#2334=CARTESIAN_POINT('Origin',(25.6348575558379,17.7,79.2574544007812));
#2335=CARTESIAN_POINT('Origin',(25.6348575558379,18.2,79.2574544007812));
#2336=CARTESIAN_POINT('Origin',(28.134857555838,17.7,75.8891697260418));
#2337=CARTESIAN_POINT('',(28.1348575558379,18.2,149.884459398212));
#2338=CARTESIAN_POINT('Origin',(28.1348575558379,17.7,149.884459398212));
#2339=CARTESIAN_POINT('',(28.634857555838,17.7,75.8891697260418));
#2340=CARTESIAN_POINT('',(28.134857555838,18.2,75.8891697260418));
#2341=CARTESIAN_POINT('Origin',(20.4348575558379,17.7,149.884459398212));
#2342=CARTESIAN_POINT('',(20.4348575558379,18.2,157.584459398212));
#2343=CARTESIAN_POINT('Origin',(20.4348575558379,17.7,157.584459398212));
#2344=CARTESIAN_POINT('Origin',(20.4348575558379,18.2,149.884459398212));
#2345=CARTESIAN_POINT('Origin',(25.0375038328441,17.7,157.584459398212));
#2346=CARTESIAN_POINT('',(-23.9651424441621,18.2,157.584459398212));
#2347=CARTESIAN_POINT('Origin',(-23.9651424441621,17.7,157.584459398212));
#2348=CARTESIAN_POINT('',(25.0375038328441,18.2,157.584459398212));
#2349=CARTESIAN_POINT('Origin',(-23.9651424441621,17.7,149.884459398212));
#2350=CARTESIAN_POINT('',(-31.6651424441621,18.2,149.884459398212));
#2351=CARTESIAN_POINT('Origin',(-31.6651424441621,17.7,149.884459398212));
#2352=CARTESIAN_POINT('Origin',(-23.9651424441621,18.2,149.884459398212));
#2353=CARTESIAN_POINT('Origin',(-31.6651424441621,17.7,120.109944355188));
#2354=CARTESIAN_POINT('',(-31.6651424441621,18.2,78.0274596934422));
#2355=CARTESIAN_POINT('Origin',(-31.6651424441621,17.7,78.0274596934422));
#2356=CARTESIAN_POINT('',(-31.6651424441621,18.2,120.109944355188));
#2357=CARTESIAN_POINT('Origin',(-29.1651424441621,17.7,78.0274596934422));
#2358=CARTESIAN_POINT('',(-31.493504445524,18.2,77.1171133908665));
#2359=CARTESIAN_POINT('',(-31.9591768457966,17.7,76.9350441303514));
#2360=CARTESIAN_POINT('Origin',(-31.4935044455241,17.7,77.1171133908665));
#2361=CARTESIAN_POINT('Origin',(-29.1651424441621,17.7,78.0274596934422));
#2362=CARTESIAN_POINT('Origin',(-29.1651424441621,18.2,78.0274596934422));
#2363=CARTESIAN_POINT('Ctrl Pts',(-28.1147771700626,15.2,75.2173470994407));
#2364=CARTESIAN_POINT('Ctrl Pts',(-28.117311999113,15.2022897168482,75.2163996297855));
#2365=CARTESIAN_POINT('Ctrl Pts',(-28.1198543039017,15.2045869165158,75.2154464930211));
#2366=CARTESIAN_POINT('Ctrl Pts',(-28.8647117564174,15.875940564565,74.9421933370075));
#2367=CARTESIAN_POINT('Ctrl Pts',(-30.0316109494135,16.8035077905368,74.9316630359179));
#2368=CARTESIAN_POINT('Ctrl Pts',(-31.4060892817859,17.5753016999676,75.9310133400578));
#2369=CARTESIAN_POINT('Ctrl Pts',(-31.8217515137353,17.7,76.5835559985375));
#2370=CARTESIAN_POINT('Ctrl Pts',(-31.9591768457966,17.7,76.9350441303514));
#2371=CARTESIAN_POINT('Ctrl Pts',(-28.1147771700626,15.2,75.2173470994407));
#2372=CARTESIAN_POINT('Ctrl Pts',(-28.1172813063852,15.2024147795762,75.2168181244685));
#2373=CARTESIAN_POINT('Ctrl Pts',(-28.1194566966319,15.2049178680669,75.2152138882766));
#2374=CARTESIAN_POINT('Ctrl Pts',(-28.8234568100768,15.9209011072398,74.9640884659184));
#2375=CARTESIAN_POINT('Ctrl Pts',(-29.9073239407327,16.909850425231,74.9027321698776));
#2376=CARTESIAN_POINT('Ctrl Pts',(-31.3426797187659,17.8051441912728,75.8527596294719));
#2377=CARTESIAN_POINT('Ctrl Pts',(-31.8107888199568,17.9629692476346,76.5524394256582));
#2378=CARTESIAN_POINT('Ctrl Pts',(-31.9591768457966,17.9617993877991,76.9350441303514));
#2379=CARTESIAN_POINT('Ctrl Pts',(-28.1147771700626,15.2,75.2173470994407));
#2380=CARTESIAN_POINT('Ctrl Pts',(-28.1171456528896,15.2025622367139,75.2168735795144));
#2381=CARTESIAN_POINT('Ctrl Pts',(-28.1191559289133,15.2052296651611,75.2153219939455));
#2382=CARTESIAN_POINT('Ctrl Pts',(-28.7812649690526,15.965315492951,74.9798972702901));
#2383=CARTESIAN_POINT('Ctrl Pts',(-29.8025947963684,17.0201782014078,74.94274986414));
#2384=CARTESIAN_POINT('Ctrl Pts',(-31.1400828516175,18.0212483369685,75.9317764274149));
#2385=CARTESIAN_POINT('Ctrl Pts',(-31.5881348418551,18.2016120840751,76.6395172424591));
#2386=CARTESIAN_POINT('Ctrl Pts',(-31.7373299441367,18.2,77.0217821489867));
#2387=CARTESIAN_POINT('Ctrl Pts',(-28.1147771700626,15.2,75.2173470994407));
#2388=CARTESIAN_POINT('Ctrl Pts',(-28.1168764560887,15.2027476602217,75.2165624272724));
#2389=CARTESIAN_POINT('Ctrl Pts',(-28.1189818755084,15.205504299819,75.2157727445863));
#2390=CARTESIAN_POINT('Ctrl Pts',(-28.736109265455,16.0111286774784,74.9902183891377));
#2391=CARTESIAN_POINT('Ctrl Pts',(-29.7276233197182,17.1242093486441,75.0481497196785));
#2392=CARTESIAN_POINT('Ctrl Pts',(-30.9608801743372,18.0503620399613,76.1047239448319));
#2393=CARTESIAN_POINT('Ctrl Pts',(-31.3552052980601,18.2,76.7659821125197));
#2394=CARTESIAN_POINT('Ctrl Pts',(-31.4935044455241,18.2,77.1171133908665));
#2395=CARTESIAN_POINT('',(-28.1147771700626,15.2,75.2173470994407));
#2396=CARTESIAN_POINT('Ctrl Pts',(-31.4935044455241,18.2,77.1171133908665));
#2397=CARTESIAN_POINT('Ctrl Pts',(-31.3552052980601,18.2,76.7659821125197));
#2398=CARTESIAN_POINT('Ctrl Pts',(-30.9608801743372,18.0503620399613,76.1047239448319));
#2399=CARTESIAN_POINT('Ctrl Pts',(-29.7276233197182,17.1242093486441,75.0481497196785));
#2400=CARTESIAN_POINT('Ctrl Pts',(-28.736109265455,16.0111286774784,74.9902183891377));
#2401=CARTESIAN_POINT('Ctrl Pts',(-28.1189818755084,15.205504299819,75.2157727445863));
#2402=CARTESIAN_POINT('Ctrl Pts',(-28.1168764560887,15.2027476602217,75.2165624272724));
#2403=CARTESIAN_POINT('Ctrl Pts',(-28.1147771700626,15.2,75.2173470994407));
#2404=CARTESIAN_POINT('Ctrl Pts',(-28.1147771700626,15.2,75.2173470994407));
#2405=CARTESIAN_POINT('Ctrl Pts',(-28.117311999113,15.2022897168482,75.2163996297855));
#2406=CARTESIAN_POINT('Ctrl Pts',(-28.1198543039017,15.2045869165158,75.2154464930211));
#2407=CARTESIAN_POINT('Ctrl Pts',(-28.8647117564174,15.875940564565,74.9421933370075));
#2408=CARTESIAN_POINT('Ctrl Pts',(-30.0316109494135,16.8035077905368,74.9316630359179));
#2409=CARTESIAN_POINT('Ctrl Pts',(-31.4060892817859,17.5753016999676,75.9310133400578));
#2410=CARTESIAN_POINT('Ctrl Pts',(-31.8217515137353,17.7,76.5835559985375));
#2411=CARTESIAN_POINT('Ctrl Pts',(-31.9591768457966,17.7,76.9350441303514));
#2412=CARTESIAN_POINT('Origin',(21.4401501098503,18.2,82.1354293121643));
#2413=CARTESIAN_POINT('Origin',(-8.88178419700125E-15,18.2,0.));
#2414=CARTESIAN_POINT('Origin',(25.6348575558379,3.,79.2574544007812));
#2415=CARTESIAN_POINT('',(24.7116333941631,3.,76.4030442783041));
#2416=CARTESIAN_POINT('Origin',(23.7884092324883,3.,73.5486341558269));
#2417=CARTESIAN_POINT('',(28.634857555838,3.,79.2574544007812));
#2418=CARTESIAN_POINT('Origin',(25.6348575558379,3.,79.2574544007812));
#2419=CARTESIAN_POINT('Ctrl Pts',(28.634857555838,3.,79.2574544007812));
#2420=CARTESIAN_POINT('Ctrl Pts',(28.634857555838,2.58435266687857,78.8418070676597));
#2421=CARTESIAN_POINT('Ctrl Pts',(28.634857555838,2.1259770379318,78.3851283928368));
#2422=CARTESIAN_POINT('Ctrl Pts',(28.634857555838,1.28681630483023,77.4128850173286));
#2423=CARTESIAN_POINT('Ctrl Pts',(28.634857555838,0.909679658344661,76.8941772303231));
#2424=CARTESIAN_POINT('Ctrl Pts',(28.634857555838,0.449906732474396,76.0399164289028));
#2425=CARTESIAN_POINT('Ctrl Pts',(28.634857555838,0.283743392570336,75.6546299995543));
#2426=CARTESIAN_POINT('Ctrl Pts',(28.634857555838,0.0583629843941658,74.8566013229918));
#2427=CARTESIAN_POINT('Ctrl Pts',(28.634857555838,-4.24456173335029E-16,
74.4436181108879));
#2428=CARTESIAN_POINT('Ctrl Pts',(28.634857555838,-3.08148791101958E-32,
74.0613019780745));
#2429=CARTESIAN_POINT('Origin',(-8.88178419700125E-15,3.,0.));
#2430=CARTESIAN_POINT('',(-28.1147771700626,3.,75.2173470994407));
#2431=CARTESIAN_POINT('Origin',(-27.0644118959631,3.,72.4072345054391));
#2432=CARTESIAN_POINT('Origin',(-8.88178419700125E-15,3.,0.));
#2433=CARTESIAN_POINT('Origin',(-29.1651424441621,3.,78.0274596934422));
#2434=CARTESIAN_POINT('Origin',(-29.1651424441621,3.,78.0274596934422));
#2435=CARTESIAN_POINT('Origin',(25.6348575558379,9.1,79.2574544007812));
#2436=CARTESIAN_POINT('',(28.634857555838,9.1,79.2574544007812));
#2437=CARTESIAN_POINT('',(24.7116333941631,9.1,76.4030442783041));
#2438=CARTESIAN_POINT('Origin',(-8.88178419700125E-15,15.2,0.));
#2439=CARTESIAN_POINT('Origin',(-8.88178419700125E-15,15.2,0.));
#2440=CARTESIAN_POINT('Origin',(-29.1651424441621,9.1,78.0274596934422));
#2441=CARTESIAN_POINT('',(-28.1147771700626,9.1,75.2173470994407));
#2442=CARTESIAN_POINT('Origin',(28.634857555838,-8.5,69.6429101399193));
#2443=CARTESIAN_POINT('Origin',(-8.88178419700125E-15,9.1,0.));
#2444=CARTESIAN_POINT('polyline point',(-23.765142444162,-8.5,154.884459398212));
#2445=CARTESIAN_POINT('polyline point',(20.234857555838,-8.5,154.884459398212));
#2446=CARTESIAN_POINT('polyline point',(25.434857555838,-8.5,149.684459398212));
#2447=CARTESIAN_POINT('polyline point',(25.434857555838,-8.5,105.684459398212));
#2448=CARTESIAN_POINT('polyline point',(20.234857555838,-8.5,100.484459398212));
#2449=CARTESIAN_POINT('polyline point',(-23.7651424441621,-8.5,100.484459398212));
#2450=CARTESIAN_POINT('polyline point',(-28.9651424441621,-8.5,105.684459398212));
#2451=CARTESIAN_POINT('polyline point',(-28.9651424441621,-8.5,149.684459398212));
#2452=CARTESIAN_POINT('polyline point',(-32.1651424441621,-8.5,158.084459398212));
#2453=CARTESIAN_POINT('polyline point',(-32.1651424441621,-8.5,68.0844593982119));
#2454=CARTESIAN_POINT('polyline point',(-32.1651424441621,-8.5,158.084459398212));
#2455=CARTESIAN_POINT('polyline point',(28.6348575558379,-8.5,158.084459398212));
#2456=CARTESIAN_POINT('Origin',(-23.7651424441621,-8.5,149.684459398212));
#2457=CARTESIAN_POINT('',(-28.9651424441621,-8.5,149.684459398212));
#2458=CARTESIAN_POINT('',(-23.7651424441621,-8.5,154.884459398212));
#2459=CARTESIAN_POINT('Origin',(20.234857555838,-8.5,149.684459398212));
#2460=CARTESIAN_POINT('',(20.234857555838,-8.5,154.884459398212));
#2461=CARTESIAN_POINT('',(25.434857555838,-8.5,149.684459398212));
#2462=CARTESIAN_POINT('Origin',(20.234857555838,-8.5,105.684459398212));
#2463=CARTESIAN_POINT('',(25.434857555838,-8.5,105.684459398212));
#2464=CARTESIAN_POINT('',(20.234857555838,-8.5,100.484459398212));
#2465=CARTESIAN_POINT('Origin',(-23.7651424441621,-8.5,105.684459398212));
#2466=CARTESIAN_POINT('',(-23.7651424441621,-8.5,100.484459398212));
#2467=CARTESIAN_POINT('',(-28.9651424441621,-8.5,105.684459398212));
#2468=CARTESIAN_POINT('polyline point',(28.634857555838,-8.5,69.6429101399193));
#2469=CARTESIAN_POINT('polyline point',(28.6348575558379,-8.5,158.084459398212));
#2470=CARTESIAN_POINT('',(0.,-8.5,0.));
#2471=CARTESIAN_POINT('Origin',(0.,1.5,0.));
#2472=CARTESIAN_POINT('Origin',(0.,1.5,0.));
#2473=CARTESIAN_POINT('',(75.0454426638627,1.5,6.18639922611665));
#2474=CARTESIAN_POINT('',(-32.1651424441621,1.5,68.0844593982119));
#2475=CARTESIAN_POINT('',(0.,1.5,0.));
#2476=CARTESIAN_POINT('Origin',(-29.1651424441621,-1.5,78.0274596934422));
#2477=CARTESIAN_POINT('',(-30.6651424441621,-1.5,72.2179846741311));
#2478=CARTESIAN_POINT('',(-27.0644118959631,-1.5,72.4072345054391));
#2479=CARTESIAN_POINT('polyline point',(-30.6651424441621,-1.5,72.2179846741311));
#2480=CARTESIAN_POINT('polyline point',(-30.6651424441621,-1.5,67.1274089987037));
#2481=CARTESIAN_POINT('Origin',(0.,-1.5,0.));
#2482=CARTESIAN_POINT('',(-30.6651424441621,-1.5,67.1274089987037));
#2483=CARTESIAN_POINT('',(-31.3146375814997,-1.5,66.8268918410794));
#2484=CARTESIAN_POINT('Origin',(84.2267532727297,-1.5,145.885016024936));
#2485=CARTESIAN_POINT('',(-31.3146375814998,-1.5,66.8268918410795));
#2486=CARTESIAN_POINT('',(73.5311047810796,-1.5,6.29417426465815));
#2487=CARTESIAN_POINT('Origin',(0.,-1.5,0.));
#2488=CARTESIAN_POINT('',(73.5311047810797,-1.5,6.29417426465814));
#2489=CARTESIAN_POINT('',(27.1348575558379,-1.5,68.630456106778));
#2490=CARTESIAN_POINT('polyline point',(27.1348575558379,-1.5,68.630456106778));
#2491=CARTESIAN_POINT('polyline point',(27.1348575558379,-1.5,73.44797938147));
#2492=CARTESIAN_POINT('Origin',(25.6348575558379,-1.5,79.2574544007812));
#2493=CARTESIAN_POINT('',(23.7884092324883,-1.5,73.5486341558269));
#2494=CARTESIAN_POINT('',(27.1348575558379,-1.5,73.44797938147));
#2495=CARTESIAN_POINT('Origin',(-8.88178419700125E-15,-1.5,0.));
#2496=CARTESIAN_POINT('',(23.7884092324882,-1.5,73.5486341558269));
#2497=CARTESIAN_POINT('',(-27.0644118959631,-1.5,72.4072345054391));
#2498=CARTESIAN_POINT('',(0.,-1.5,0.));
#2499=CARTESIAN_POINT('polyline point',(-9.26514244416204,-4.,154.884459398212));
#2500=CARTESIAN_POINT('polyline point',(5.73485755583796,-4.,154.884459398212));
#2501=CARTESIAN_POINT('polyline point',(5.73485755583796,-4.,154.884459398212));
#2502=CARTESIAN_POINT('polyline point',(5.73485755583796,-5.5,154.884459398212));
#2503=CARTESIAN_POINT('polyline point',(5.73485755583796,-5.5,154.884459398212));
#2504=CARTESIAN_POINT('polyline point',(-9.26514244416204,-5.5,154.884459398212));
#2505=CARTESIAN_POINT('polyline point',(-9.26514244416204,-5.5,154.884459398212));
#2506=CARTESIAN_POINT('polyline point',(-9.26514244416204,-4.,154.884459398212));
#2507=CARTESIAN_POINT('',(-6.21724893790088E-14,0.,154.884459398212));
#2508=UNCERTAINTY_MEASURE_WITH_UNIT(LENGTH_MEASURE(0.01),#2512,
'DISTANCE_ACCURACY_VALUE',
'Maximum model space distance between geometric entities at asserted c
onnectivities');
#2509=UNCERTAINTY_MEASURE_WITH_UNIT(LENGTH_MEASURE(0.01),#2512,
'DISTANCE_ACCURACY_VALUE',
'Maximum model space distance between geometric entities at asserted c
onnectivities');
#2510=(
GEOMETRIC_REPRESENTATION_CONTEXT(3)
GLOBAL_UNCERTAINTY_ASSIGNED_CONTEXT((#2508))
GLOBAL_UNIT_ASSIGNED_CONTEXT((#2512,#2514,#2515))
REPRESENTATION_CONTEXT('','3D')
);
#2511=(
GEOMETRIC_REPRESENTATION_CONTEXT(3)
GLOBAL_UNCERTAINTY_ASSIGNED_CONTEXT((#2509))
GLOBAL_UNIT_ASSIGNED_CONTEXT((#2512,#2514,#2515))
REPRESENTATION_CONTEXT('','3D')
);
#2512=(
LENGTH_UNIT()
NAMED_UNIT(*)
SI_UNIT(.MILLI.,.METRE.)
);
#2513=(
LENGTH_UNIT()
NAMED_UNIT(*)
SI_UNIT(.CENTI.,.METRE.)
);
#2514=(
NAMED_UNIT(*)
PLANE_ANGLE_UNIT()
SI_UNIT($,.RADIAN.)
);
#2515=(
NAMED_UNIT(*)
SI_UNIT($,.STERADIAN.)
SOLID_ANGLE_UNIT()
);
#2516=SHAPE_DEFINITION_REPRESENTATION(#2517,#2518);
#2517=PRODUCT_DEFINITION_SHAPE('',$,#2520);
#2518=SHAPE_REPRESENTATION('',(#1314),#2510);
#2519=PRODUCT_DEFINITION_CONTEXT('part definition',#2524,'design');
#2520=PRODUCT_DEFINITION('bottom_replacement_housing_top',
'bottom_replacement_housing_top',#2521,#2519);
#2521=PRODUCT_DEFINITION_FORMATION('',$,#2526);
#2522=PRODUCT_RELATED_PRODUCT_CATEGORY('bottom_replacement_housing_top',
'bottom_replacement_housing_top',(#2526));
#2523=APPLICATION_PROTOCOL_DEFINITION('international standard',
'automotive_design',2009,#2524);
#2524=APPLICATION_CONTEXT(
'Core Data for Automotive Mechanical Design Process');
#2525=PRODUCT_CONTEXT('part definition',#2524,'mechanical');
#2526=PRODUCT('bottom_replacement_housing_top',
'bottom_replacement_housing_top',$,(#2525));
#2527=PRESENTATION_STYLE_ASSIGNMENT((#2531));
#2528=PRESENTATION_STYLE_ASSIGNMENT((#2532));
#2529=PRESENTATION_STYLE_ASSIGNMENT((#2533));
#2530=PRESENTATION_STYLE_ASSIGNMENT((#2534));
#2531=SURFACE_STYLE_USAGE(.BOTH.,#2539);
#2532=SURFACE_STYLE_USAGE(.BOTH.,#2540);
#2533=SURFACE_STYLE_USAGE(.BOTH.,#2541);
#2534=SURFACE_STYLE_USAGE(.BOTH.,#2542);
#2535=SURFACE_STYLE_RENDERING_WITH_PROPERTIES($,#2555,(#2537));
#2536=SURFACE_STYLE_RENDERING_WITH_PROPERTIES($,#2556,(#2538));
#2537=SURFACE_STYLE_TRANSPARENT(0.480000019073486);
#2538=SURFACE_STYLE_TRANSPARENT(0.);
#2539=SURFACE_SIDE_STYLE('',(#2543,#2535));
#2540=SURFACE_SIDE_STYLE('',(#2544,#2536));
#2541=SURFACE_SIDE_STYLE('',(#2545));
#2542=SURFACE_SIDE_STYLE('',(#2546));
#2543=SURFACE_STYLE_FILL_AREA(#2547);
#2544=SURFACE_STYLE_FILL_AREA(#2548);
#2545=SURFACE_STYLE_FILL_AREA(#2549);
#2546=SURFACE_STYLE_FILL_AREA(#2550);
#2547=FILL_AREA_STYLE('',(#2551));
#2548=FILL_AREA_STYLE('',(#2552));
#2549=FILL_AREA_STYLE('',(#2553));
#2550=FILL_AREA_STYLE('',(#2554));
#2551=FILL_AREA_STYLE_COLOUR('',#2555);
#2552=FILL_AREA_STYLE_COLOUR('',#2556);
#2553=FILL_AREA_STYLE_COLOUR('',#2557);
#2554=FILL_AREA_STYLE_COLOUR('',#2558);
#2555=COLOUR_RGB('',0.0627450980392157,0.670588235294118,0.290196078431373);
#2556=COLOUR_RGB('',0.749019607843137,0.749019607843137,0.749019607843137);
#2557=COLOUR_RGB('',0.913725490196078,0.913725490196078,0.);
#2558=COLOUR_RGB('',1.,1.,1.);
ENDSEC;
END-ISO-10303-21;
