ISO-10303-21;
HEADER;
/* Generated by software containing ST-Developer
 * from STEP Tools, Inc. (www.steptools.com) 
 */

FILE_DESCRIPTION(
/* description */ (''),
/* implementation_level */ '2;1');

FILE_NAME(
/* name */ 'bottom_replacement_housing_bottom.stp',
/* time_stamp */ '2026-04-07T10:56:54+02:00',
/* author */ ('Paul Juschitz'),
/* organization */ (''),
/* preprocessor_version */ 'ST-DEVELOPER v20.1',
/* originating_system */ 'Autodesk Inventor 2026',
/* authorisation */ '');

FILE_SCHEMA (('AUTOMOTIVE_DESIGN { 1 0 10303 214 3 1 1 }'));
ENDSEC;

DATA;
#10=MECHANICAL_DESIGN_GEOMETRIC_PRESENTATION_REPRESENTATION('',(#159,#160,
#161,#162,#163,#164,#165,#166,#167,#168,#169,#170,#171,#172,#173,#174,#175,
#176,#177,#178,#179,#180,#181,#182,#183,#184,#185,#186,#187,#188,#189,#190,
#191,#192,#193,#194,#195,#196,#197,#198,#199,#200,#201,#202,#203,#204,#205,
#206,#207,#208,#209,#210,#211,#212,#213,#214,#215,#216,#217,#218,#219,#220,
#221,#222,#223,#224,#225,#226,#227,#228,#229,#230,#231,#232,#233,#234,#235,
#236,#237,#238,#239,#240,#241,#242,#243,#244,#245,#246,#247,#248,#249,#250,
#251,#252,#253,#254),#6099);
#11=GEOMETRICALLY_BOUNDED_WIREFRAME_SHAPE_REPRESENTATION('',(#12,#13),#6098);
#12=GEOMETRIC_CURVE_SET('Sketch5',(#1387,#1388,#1389,#1390,#1391,#1392,
#6067,#6068));
#13=GEOMETRIC_CURVE_SET('Sketch13',(#21,#22,#23,#24,#25,#26,#17,#18,#19,
#20,#27,#6095));
#14=SHAPE_REPRESENTATION_RELATIONSHIP('SRR','None',#6106,#16);
#15=SHAPE_REPRESENTATION_RELATIONSHIP('SRR','None',#6106,#11);
#16=ADVANCED_BREP_SHAPE_REPRESENTATION('',(#28),#6098);
#17=TRIMMED_CURVE('',#1393,(#6082,PARAMETER_VALUE(3.14159265358979)),(#6083,
PARAMETER_VALUE(4.71238898038469)),.T.,.PARAMETER.);
#18=TRIMMED_CURVE('',#1394,(#6085,PARAMETER_VALUE(4.71238898038469)),(#6086,
PARAMETER_VALUE(6.28318530717959)),.T.,.PARAMETER.);
#19=TRIMMED_CURVE('',#1395,(#6088,PARAMETER_VALUE(0.)),(#6089,
PARAMETER_VALUE(1.5707963267949)),.T.,.PARAMETER.);
#20=TRIMMED_CURVE('',#1396,(#6091,PARAMETER_VALUE(1.5707963267949)),(#6092,
PARAMETER_VALUE(3.14159265358979)),.T.,.PARAMETER.);
#21=POLYLINE('',(#6069,#6070));
#22=POLYLINE('',(#6071,#6072));
#23=POLYLINE('',(#6073,#6074));
#24=POLYLINE('',(#6075,#6076));
#25=POLYLINE('',(#6077,#6078));
#26=POLYLINE('',(#6079,#6080));
#27=POLYLINE('',(#6093,#6094));
#28=MANIFOLD_SOLID_BREP('Solid1',#3260);
#29=ELLIPSE('',#3368,0.424264068711927,0.3);
#30=ELLIPSE('',#3371,0.424264068711932,0.3);
#31=ELLIPSE('',#3373,0.424264068711937,0.3);
#32=ELLIPSE('',#3375,0.424264068711928,0.3);
#33=ELLIPSE('',#3393,0.424264068711928,0.3);
#34=ELLIPSE('',#3394,0.424264068711931,0.3);
#35=ELLIPSE('',#3396,0.424264068711934,0.3);
#36=ELLIPSE('',#3398,0.424264068711929,0.3);
#37=ELLIPSE('',#3401,0.351219679342508,0.3);
#38=ELLIPSE('',#3402,0.351219679342508,0.3);
#39=ELLIPSE('',#3406,0.42426406871192,0.3);
#40=ELLIPSE('',#3407,0.424264068711924,0.3);
#41=ELLIPSE('',#3409,0.424264068711894,0.3);
#42=ELLIPSE('',#3410,0.42426406871193,0.3);
#43=ELLIPSE('',#3412,0.576923076921896,0.3);
#44=ELLIPSE('',#3414,0.576923076921896,0.3);
#45=ELLIPSE('',#3570,0.28284271247462,0.2);
#46=ELLIPSE('',#3571,0.22360679774998,0.1);
#47=ELLIPSE('',#3584,0.22360679774998,0.1);
#48=ELLIPSE('',#3585,0.282842712474621,0.2);
#49=CONICAL_SURFACE('',#3325,139.25,0.785398163397452);
#50=SPHERICAL_SURFACE('',#3311,0.2);
#51=SPHERICAL_SURFACE('',#3314,0.2);
#52=SPHERICAL_SURFACE('',#3328,2.35);
#53=SPHERICAL_SURFACE('',#3333,2.35);
#54=SPHERICAL_SURFACE('',#3338,2.35);
#55=SPHERICAL_SURFACE('',#3343,2.35);
#56=SPHERICAL_SURFACE('',#3348,2.35);
#57=SPHERICAL_SURFACE('',#3354,2.35);
#58=SPHERICAL_SURFACE('',#3559,0.1);
#59=SPHERICAL_SURFACE('',#3572,0.1);
#60=FACE_BOUND('',#972,.T.);
#61=FACE_BOUND('',#973,.T.);
#62=FACE_BOUND('',#974,.T.);
#63=FACE_BOUND('',#975,.T.);
#64=FACE_BOUND('',#976,.T.);
#65=FACE_BOUND('',#977,.T.);
#66=FACE_BOUND('',#978,.T.);
#67=FACE_BOUND('',#979,.T.);
#68=FACE_BOUND('',#1023,.T.);
#69=FACE_BOUND('',#1024,.T.);
#70=FACE_BOUND('',#1025,.T.);
#71=FACE_BOUND('',#1032,.T.);
#72=FACE_BOUND('',#1033,.T.);
#73=FACE_BOUND('',#1034,.T.);
#74=FACE_BOUND('',#1035,.T.);
#75=FACE_BOUND('',#1036,.T.);
#76=FACE_BOUND('',#1037,.T.);
#77=FACE_BOUND('',#1038,.T.);
#78=FACE_BOUND('',#1039,.T.);
#79=FACE_BOUND('',#1064,.T.);
#80=FACE_BOUND('',#1066,.T.);
#81=FACE_BOUND('',#1093,.T.);
#82=FACE_BOUND('',#1105,.T.);
#83=FACE_BOUND('',#1128,.T.);
#84=FACE_BOUND('',#1145,.T.);
#85=FACE_BOUND('',#1146,.T.);
#86=FACE_BOUND('',#1153,.T.);
#87=FACE_BOUND('',#1158,.T.);
#88=FACE_BOUND('',#1161,.T.);
#89=FACE_BOUND('',#1164,.T.);
#90=FACE_BOUND('',#1167,.T.);
#91=FACE_BOUND('',#1170,.T.);
#92=FACE_BOUND('',#1181,.T.);
#93=FACE_BOUND('',#1182,.T.);
#94=FACE_BOUND('',#1183,.T.);
#95=PLANE('',#3301);
#96=PLANE('',#3324);
#97=PLANE('',#3326);
#98=PLANE('',#3327);
#99=PLANE('',#3363);
#100=PLANE('',#3380);
#101=PLANE('',#3381);
#102=PLANE('',#3387);
#103=PLANE('',#3400);
#104=PLANE('',#3415);
#105=PLANE('',#3416);
#106=PLANE('',#3478);
#107=PLANE('',#3479);
#108=PLANE('',#3480);
#109=PLANE('',#3481);
#110=PLANE('',#3483);
#111=PLANE('',#3487);
#112=PLANE('',#3488);
#113=PLANE('',#3489);
#114=PLANE('',#3538);
#115=PLANE('',#3539);
#116=PLANE('',#3540);
#117=PLANE('',#3541);
#118=PLANE('',#3545);
#119=PLANE('',#3546);
#120=PLANE('',#3547);
#121=PLANE('',#3551);
#122=PLANE('',#3552);
#123=PLANE('',#3553);
#124=PLANE('',#3554);
#125=PLANE('',#3555);
#126=PLANE('',#3556);
#127=PLANE('',#3557);
#128=PLANE('',#3558);
#129=PLANE('',#3586);
#130=PLANE('',#3587);
#131=PLANE('',#3590);
#132=PLANE('',#3591);
#133=PLANE('',#3595);
#134=PLANE('',#3599);
#135=PLANE('',#3600);
#136=PLANE('',#3601);
#137=PLANE('',#3605);
#138=PLANE('',#3609);
#139=PLANE('',#3613);
#140=PLANE('',#3617);
#141=PLANE('',#3618);
#142=PLANE('',#3622);
#143=PLANE('',#3623);
#144=PLANE('',#3632);
#145=PLANE('',#3633);
#146=PLANE('',#3639);
#147=PLANE('',#3643);
#148=PLANE('',#3646);
#149=PLANE('',#3650);
#150=PLANE('',#3655);
#151=PLANE('',#3660);
#152=PLANE('',#3665);
#153=PLANE('',#3668);
#154=PLANE('',#3670);
#155=PLANE('',#3672);
#156=PLANE('',#3674);
#157=PLANE('',#3675);
#158=PLANE('',#3676);
#159=STYLED_ITEM('',(#6117),#3075);
#160=STYLED_ITEM('',(#6117),#3077);
#161=STYLED_ITEM('',(#6117),#3102);
#162=STYLED_ITEM('',(#6117),#3114);
#163=STYLED_ITEM('',(#6117),#3126);
#164=STYLED_ITEM('',(#6117),#3150);
#165=STYLED_ITEM('',(#6117),#3188);
#166=STYLED_ITEM('',(#6117),#3189);
#167=STYLED_ITEM('',(#6117),#3190);
#168=STYLED_ITEM('',(#6117),#3191);
#169=STYLED_ITEM('',(#6117),#3192);
#170=STYLED_ITEM('',(#6117),#3193);
#171=STYLED_ITEM('',(#6117),#3194);
#172=STYLED_ITEM('',(#6117),#3195);
#173=STYLED_ITEM('',(#6117),#3196);
#174=STYLED_ITEM('',(#6117),#3197);
#175=STYLED_ITEM('',(#6117),#3198);
#176=STYLED_ITEM('',(#6117),#3199);
#177=STYLED_ITEM('',(#6117),#3200);
#178=STYLED_ITEM('',(#6117),#3201);
#179=STYLED_ITEM('',(#6117),#3202);
#180=STYLED_ITEM('',(#6117),#3203);
#181=STYLED_ITEM('',(#6117),#3204);
#182=STYLED_ITEM('',(#6117),#3205);
#183=STYLED_ITEM('',(#6117),#3206);
#184=STYLED_ITEM('',(#6117),#3207);
#185=STYLED_ITEM('',(#6117),#3208);
#186=STYLED_ITEM('',(#6117),#3209);
#187=STYLED_ITEM('',(#6117),#3210);
#188=STYLED_ITEM('',(#6117),#3211);
#189=STYLED_ITEM('',(#6117),#3212);
#190=STYLED_ITEM('',(#6117),#3213);
#191=STYLED_ITEM('',(#6117),#3214);
#192=STYLED_ITEM('',(#6117),#3215);
#193=STYLED_ITEM('',(#6117),#3216);
#194=STYLED_ITEM('',(#6117),#3217);
#195=STYLED_ITEM('',(#6117),#3218);
#196=STYLED_ITEM('',(#6117),#3219);
#197=STYLED_ITEM('',(#6117),#3220);
#198=STYLED_ITEM('',(#6117),#3221);
#199=STYLED_ITEM('',(#6117),#3222);
#200=STYLED_ITEM('',(#6117),#3223);
#201=STYLED_ITEM('',(#6117),#3224);
#202=STYLED_ITEM('',(#6117),#3225);
#203=STYLED_ITEM('',(#6117),#3226);
#204=STYLED_ITEM('',(#6117),#3227);
#205=STYLED_ITEM('',(#6117),#3228);
#206=STYLED_ITEM('',(#6117),#3229);
#207=STYLED_ITEM('',(#6117),#3230);
#208=STYLED_ITEM('',(#6117),#3231);
#209=STYLED_ITEM('',(#6117),#3232);
#210=STYLED_ITEM('',(#6117),#3233);
#211=STYLED_ITEM('',(#6117),#3234);
#212=STYLED_ITEM('',(#6117),#3235);
#213=STYLED_ITEM('',(#6117),#3236);
#214=STYLED_ITEM('',(#6117),#3237);
#215=STYLED_ITEM('',(#6117),#3238);
#216=STYLED_ITEM('',(#6117),#3239);
#217=STYLED_ITEM('',(#6117),#3240);
#218=STYLED_ITEM('',(#6117),#3241);
#219=STYLED_ITEM('',(#6117),#3242);
#220=STYLED_ITEM('',(#6117),#3243);
#221=STYLED_ITEM('',(#6117),#3244);
#222=STYLED_ITEM('',(#6117),#3245);
#223=STYLED_ITEM('',(#6117),#3246);
#224=STYLED_ITEM('',(#6117),#3247);
#225=STYLED_ITEM('',(#6117),#3248);
#226=STYLED_ITEM('',(#6117),#3249);
#227=STYLED_ITEM('',(#6117),#3250);
#228=STYLED_ITEM('',(#6117),#3251);
#229=STYLED_ITEM('',(#6117),#3252);
#230=STYLED_ITEM('',(#6117),#3253);
#231=STYLED_ITEM('',(#6117),#3254);
#232=STYLED_ITEM('',(#6117),#3255);
#233=STYLED_ITEM('',(#6117),#3256);
#234=STYLED_ITEM('',(#6117),#3257);
#235=STYLED_ITEM('',(#6117),#3258);
#236=STYLED_ITEM('',(#6117),#3259);
#237=STYLED_ITEM('',(#6116),#28);
#238=STYLED_ITEM('',(#6118),#1387);
#239=STYLED_ITEM('',(#6118),#1388);
#240=STYLED_ITEM('',(#6118),#1389);
#241=STYLED_ITEM('',(#6118),#1390);
#242=STYLED_ITEM('',(#6118),#1391);
#243=STYLED_ITEM('',(#6118),#1392);
#244=STYLED_ITEM('',(#6118),#21);
#245=STYLED_ITEM('',(#6118),#22);
#246=STYLED_ITEM('',(#6118),#23);
#247=STYLED_ITEM('',(#6118),#24);
#248=STYLED_ITEM('',(#6118),#25);
#249=STYLED_ITEM('',(#6118),#26);
#250=STYLED_ITEM('',(#6118),#17);
#251=STYLED_ITEM('',(#6118),#18);
#252=STYLED_ITEM('',(#6118),#19);
#253=STYLED_ITEM('',(#6118),#20);
#254=STYLED_ITEM('',(#6118),#27);
#255=TOROIDAL_SURFACE('',#3287,139.8,0.2);
#256=TOROIDAL_SURFACE('',#3298,140.082842712474,0.2);
#257=TOROIDAL_SURFACE('',#3320,138.982842712474,0.2);
#258=TOROIDAL_SURFACE('',#3382,6.75,1.);
#259=TOROIDAL_SURFACE('',#3389,6.75,1.);
#260=TOROIDAL_SURFACE('',#3430,0.399999999999999,0.200000000000001);
#261=TOROIDAL_SURFACE('',#3437,0.399999999999999,0.199999999999999);
#262=TOROIDAL_SURFACE('',#3445,0.400000000000004,0.200000000000001);
#263=TOROIDAL_SURFACE('',#3452,0.400000000000008,0.200000000000001);
#264=TOROIDAL_SURFACE('',#3460,0.399999999999998,0.199999999999999);
#265=TOROIDAL_SURFACE('',#3467,0.399999999999997,0.200000000000001);
#266=TOROIDAL_SURFACE('',#3485,5.55,0.2);
#267=TOROIDAL_SURFACE('',#3490,0.400000000000003,0.200000000000001);
#268=TOROIDAL_SURFACE('',#3497,0.399999999999996,0.199999999999999);
#269=TOROIDAL_SURFACE('',#3504,0.400000000000002,0.199999999999998);
#270=TOROIDAL_SURFACE('',#3512,0.399999999999995,0.199999999999998);
#271=TOROIDAL_SURFACE('',#3519,0.399999999999999,0.199999999999998);
#272=TOROIDAL_SURFACE('',#3527,0.4,0.200000000000001);
#273=TOROIDAL_SURFACE('',#3543,5.55,0.2);
#274=TOROIDAL_SURFACE('',#3565,0.2,0.1);
#275=TOROIDAL_SURFACE('',#3576,0.2,0.1);
#276=LINE('',#4778,#480);
#277=LINE('',#4779,#481);
#278=LINE('',#4866,#482);
#279=LINE('',#4867,#483);
#280=LINE('',#4925,#484);
#281=LINE('',#4929,#485);
#282=LINE('',#4958,#486);
#283=LINE('',#4960,#487);
#284=LINE('',#4962,#488);
#285=LINE('',#4963,#489);
#286=LINE('',#5017,#490);
#287=LINE('',#5018,#491);
#288=LINE('',#5051,#492);
#289=LINE('',#5052,#493);
#290=LINE('',#5065,#494);
#291=LINE('',#5074,#495);
#292=LINE('',#5083,#496);
#293=LINE('',#5092,#497);
#294=LINE('',#5102,#498);
#295=LINE('',#5113,#499);
#296=LINE('',#5119,#500);
#297=LINE('',#5123,#501);
#298=LINE('',#5127,#502);
#299=LINE('',#5129,#503);
#300=LINE('',#5131,#504);
#301=LINE('',#5134,#505);
#302=LINE('',#5138,#506);
#303=LINE('',#5142,#507);
#304=LINE('',#5183,#508);
#305=LINE('',#5187,#509);
#306=LINE('',#5190,#510);
#307=LINE('',#5193,#511);
#308=LINE('',#5197,#512);
#309=LINE('',#5242,#513);
#310=LINE('',#5243,#514);
#311=LINE('',#5246,#515);
#312=LINE('',#5248,#516);
#313=LINE('',#5249,#517);
#314=LINE('',#5252,#518);
#315=LINE('',#5253,#519);
#316=LINE('',#5276,#520);
#317=LINE('',#5278,#521);
#318=LINE('',#5279,#522);
#319=LINE('',#5300,#523);
#320=LINE('',#5305,#524);
#321=LINE('',#5307,#525);
#322=LINE('',#5311,#526);
#323=LINE('',#5314,#527);
#324=LINE('',#5315,#528);
#325=LINE('',#5319,#529);
#326=LINE('',#5323,#530);
#327=LINE('',#5325,#531);
#328=LINE('',#5327,#532);
#329=LINE('',#5336,#533);
#330=LINE('',#5342,#534);
#331=LINE('',#5346,#535);
#332=LINE('',#5349,#536);
#333=LINE('',#5352,#537);
#334=LINE('',#5354,#538);
#335=LINE('',#5356,#539);
#336=LINE('',#5359,#540);
#337=LINE('',#5382,#541);
#338=LINE('',#5386,#542);
#339=LINE('',#5400,#543);
#340=LINE('',#5401,#544);
#341=LINE('',#5415,#545);
#342=LINE('',#5416,#546);
#343=LINE('',#5418,#547);
#344=LINE('',#5419,#548);
#345=LINE('',#5433,#549);
#346=LINE('',#5434,#550);
#347=LINE('',#5448,#551);
#348=LINE('',#5449,#552);
#349=LINE('',#5451,#553);
#350=LINE('',#5452,#554);
#351=LINE('',#5466,#555);
#352=LINE('',#5467,#556);
#353=LINE('',#5481,#557);
#354=LINE('',#5482,#558);
#355=LINE('',#5484,#559);
#356=LINE('',#5485,#560);
#357=LINE('',#5487,#561);
#358=LINE('',#5488,#562);
#359=LINE('',#5490,#563);
#360=LINE('',#5491,#564);
#361=LINE('',#5493,#565);
#362=LINE('',#5494,#566);
#363=LINE('',#5496,#567);
#364=LINE('',#5498,#568);
#365=LINE('',#5500,#569);
#366=LINE('',#5502,#570);
#367=LINE('',#5503,#571);
#368=LINE('',#5504,#572);
#369=LINE('',#5528,#573);
#370=LINE('',#5529,#574);
#371=LINE('',#5543,#575);
#372=LINE('',#5544,#576);
#373=LINE('',#5558,#577);
#374=LINE('',#5559,#578);
#375=LINE('',#5561,#579);
#376=LINE('',#5562,#580);
#377=LINE('',#5576,#581);
#378=LINE('',#5577,#582);
#379=LINE('',#5591,#583);
#380=LINE('',#5592,#584);
#381=LINE('',#5594,#585);
#382=LINE('',#5595,#586);
#383=LINE('',#5609,#587);
#384=LINE('',#5610,#588);
#385=LINE('',#5612,#589);
#386=LINE('',#5613,#590);
#387=LINE('',#5615,#591);
#388=LINE('',#5616,#592);
#389=LINE('',#5618,#593);
#390=LINE('',#5619,#594);
#391=LINE('',#5621,#595);
#392=LINE('',#5622,#596);
#393=LINE('',#5624,#597);
#394=LINE('',#5626,#598);
#395=LINE('',#5628,#599);
#396=LINE('',#5635,#600);
#397=LINE('',#5637,#601);
#398=LINE('',#5639,#602);
#399=LINE('',#5643,#603);
#400=LINE('',#5645,#604);
#401=LINE('',#5647,#605);
#402=LINE('',#5650,#606);
#403=LINE('',#5654,#607);
#404=LINE('',#5655,#608);
#405=LINE('',#5669,#609);
#406=LINE('',#5670,#610);
#407=LINE('',#5686,#611);
#408=LINE('',#5687,#612);
#409=LINE('',#5767,#613);
#410=LINE('',#5768,#614);
#411=LINE('',#5770,#615);
#412=LINE('',#5771,#616);
#413=LINE('',#5776,#617);
#414=LINE('',#5777,#618);
#415=LINE('',#5839,#619);
#416=LINE('',#5841,#620);
#417=LINE('',#5843,#621);
#418=LINE('',#5845,#622);
#419=LINE('',#5846,#623);
#420=LINE('',#5849,#624);
#421=LINE('',#5855,#625);
#422=LINE('',#5858,#626);
#423=LINE('',#5861,#627);
#424=LINE('',#5863,#628);
#425=LINE('',#5864,#629);
#426=LINE('',#5870,#630);
#427=LINE('',#5873,#631);
#428=LINE('',#5875,#632);
#429=LINE('',#5876,#633);
#430=LINE('',#5879,#634);
#431=LINE('',#5881,#635);
#432=LINE('',#5882,#636);
#433=LINE('',#5885,#637);
#434=LINE('',#5887,#638);
#435=LINE('',#5888,#639);
#436=LINE('',#5894,#640);
#437=LINE('',#5897,#641);
#438=LINE('',#5899,#642);
#439=LINE('',#5900,#643);
#440=LINE('',#5906,#644);
#441=LINE('',#5909,#645);
#442=LINE('',#5911,#646);
#443=LINE('',#5912,#647);
#444=LINE('',#5918,#648);
#445=LINE('',#5921,#649);
#446=LINE('',#5923,#650);
#447=LINE('',#5924,#651);
#448=LINE('',#5930,#652);
#449=LINE('',#5932,#653);
#450=LINE('',#5933,#654);
#451=LINE('',#5940,#655);
#452=LINE('',#5943,#656);
#453=LINE('',#5946,#657);
#454=LINE('',#5948,#658);
#455=LINE('',#5949,#659);
#456=LINE('',#5952,#660);
#457=LINE('',#5960,#661);
#458=LINE('',#5968,#662);
#459=LINE('',#5972,#663);
#460=LINE('',#5973,#664);
#461=LINE('',#5980,#665);
#462=LINE('',#5984,#666);
#463=LINE('',#5990,#667);
#464=LINE('',#5996,#668);
#465=LINE('',#6002,#669);
#466=LINE('',#6011,#670);
#467=LINE('',#6020,#671);
#468=LINE('',#6029,#672);
#469=LINE('',#6035,#673);
#470=LINE('',#6038,#674);
#471=LINE('',#6041,#675);
#472=LINE('',#6044,#676);
#473=LINE('',#6047,#677);
#474=LINE('',#6048,#678);
#475=LINE('',#6052,#679);
#476=LINE('',#6053,#680);
#477=LINE('',#6056,#681);
#478=LINE('',#6058,#682);
#479=LINE('',#6060,#683);
#480=VECTOR('',#3701,10.);
#481=VECTOR('',#3702,10.);
#482=VECTOR('',#3719,10.);
#483=VECTOR('',#3720,10.);
#484=VECTOR('',#3725,10.);
#485=VECTOR('',#3728,10.);
#486=VECTOR('',#3747,10.);
#487=VECTOR('',#3748,10.);
#488=VECTOR('',#3749,10.);
#489=VECTOR('',#3750,10.);
#490=VECTOR('',#3779,10.);
#491=VECTOR('',#3780,10.);
#492=VECTOR('',#3789,10.);
#493=VECTOR('',#3790,10.);
#494=VECTOR('',#3809,2.35);
#495=VECTOR('',#3820,2.35);
#496=VECTOR('',#3831,2.35);
#497=VECTOR('',#3842,2.35);
#498=VECTOR('',#3853,2.35);
#499=VECTOR('',#3866,2.35);
#500=VECTOR('',#3873,10.);
#501=VECTOR('',#3878,10.);
#502=VECTOR('',#3881,10.);
#503=VECTOR('',#3882,10.);
#504=VECTOR('',#3883,10.);
#505=VECTOR('',#3886,10.);
#506=VECTOR('',#3889,10.);
#507=VECTOR('',#3892,10.);
#508=VECTOR('',#3899,10.);
#509=VECTOR('',#3904,10.);
#510=VECTOR('',#3907,10.);
#511=VECTOR('',#3910,10.);
#512=VECTOR('',#3915,10.);
#513=VECTOR('',#3922,10.);
#514=VECTOR('',#3923,10.);
#515=VECTOR('',#3926,10.);
#516=VECTOR('',#3927,10.);
#517=VECTOR('',#3928,10.);
#518=VECTOR('',#3931,10.);
#519=VECTOR('',#3932,10.);
#520=VECTOR('',#3947,10.);
#521=VECTOR('',#3948,10.);
#522=VECTOR('',#3949,10.);
#523=VECTOR('',#3958,10.);
#524=VECTOR('',#3965,10.);
#525=VECTOR('',#3966,10.);
#526=VECTOR('',#3971,10.);
#527=VECTOR('',#3976,10.);
#528=VECTOR('',#3977,10.);
#529=VECTOR('',#3980,10.);
#530=VECTOR('',#3983,10.);
#531=VECTOR('',#3984,10.);
#532=VECTOR('',#3985,10.);
#533=VECTOR('',#3994,10.);
#534=VECTOR('',#4001,10.);
#535=VECTOR('',#4004,10.);
#536=VECTOR('',#4009,10.);
#537=VECTOR('',#4012,10.);
#538=VECTOR('',#4015,10.);
#539=VECTOR('',#4016,10.);
#540=VECTOR('',#4021,10.);
#541=VECTOR('',#4046,5.75);
#542=VECTOR('',#4051,5.75);
#543=VECTOR('',#4066,10.);
#544=VECTOR('',#4067,10.);
#545=VECTOR('',#4082,10.);
#546=VECTOR('',#4083,10.);
#547=VECTOR('',#4086,10.);
#548=VECTOR('',#4087,10.);
#549=VECTOR('',#4102,10.);
#550=VECTOR('',#4103,10.);
#551=VECTOR('',#4118,10.);
#552=VECTOR('',#4119,10.);
#553=VECTOR('',#4122,10.);
#554=VECTOR('',#4123,10.);
#555=VECTOR('',#4138,10.);
#556=VECTOR('',#4139,10.);
#557=VECTOR('',#4154,10.);
#558=VECTOR('',#4155,10.);
#559=VECTOR('',#4158,10.);
#560=VECTOR('',#4159,10.);
#561=VECTOR('',#4162,10.);
#562=VECTOR('',#4163,10.);
#563=VECTOR('',#4166,10.);
#564=VECTOR('',#4167,10.);
#565=VECTOR('',#4170,10.);
#566=VECTOR('',#4171,10.);
#567=VECTOR('',#4174,10.);
#568=VECTOR('',#4177,10.);
#569=VECTOR('',#4180,10.);
#570=VECTOR('',#4183,10.);
#571=VECTOR('',#4184,10.);
#572=VECTOR('',#4185,10.);
#573=VECTOR('',#4216,10.);
#574=VECTOR('',#4217,10.);
#575=VECTOR('',#4232,10.);
#576=VECTOR('',#4233,10.);
#577=VECTOR('',#4248,10.);
#578=VECTOR('',#4249,10.);
#579=VECTOR('',#4252,10.);
#580=VECTOR('',#4253,10.);
#581=VECTOR('',#4268,10.);
#582=VECTOR('',#4269,10.);
#583=VECTOR('',#4284,10.);
#584=VECTOR('',#4285,10.);
#585=VECTOR('',#4288,10.);
#586=VECTOR('',#4289,10.);
#587=VECTOR('',#4304,10.);
#588=VECTOR('',#4305,10.);
#589=VECTOR('',#4308,10.);
#590=VECTOR('',#4309,10.);
#591=VECTOR('',#4312,10.);
#592=VECTOR('',#4313,10.);
#593=VECTOR('',#4316,10.);
#594=VECTOR('',#4317,10.);
#595=VECTOR('',#4320,10.);
#596=VECTOR('',#4321,10.);
#597=VECTOR('',#4324,10.);
#598=VECTOR('',#4327,10.);
#599=VECTOR('',#4330,10.);
#600=VECTOR('',#4341,10.);
#601=VECTOR('',#4344,10.);
#602=VECTOR('',#4347,10.);
#603=VECTOR('',#4352,2.);
#604=VECTOR('',#4355,2.);
#605=VECTOR('',#4358,10.);
#606=VECTOR('',#4363,10.);
#607=VECTOR('',#4370,10.);
#608=VECTOR('',#4371,10.);
#609=VECTOR('',#4388,10.);
#610=VECTOR('',#4389,10.);
#611=VECTOR('',#4400,10.);
#612=VECTOR('',#4401,10.);
#613=VECTOR('',#4424,10.);
#614=VECTOR('',#4425,10.);
#615=VECTOR('',#4428,10.);
#616=VECTOR('',#4429,10.);
#617=VECTOR('',#4434,10.);
#618=VECTOR('',#4435,10.);
#619=VECTOR('',#4442,10.);
#620=VECTOR('',#4445,10.);
#621=VECTOR('',#4448,10.);
#622=VECTOR('',#4451,10.);
#623=VECTOR('',#4452,10.);
#624=VECTOR('',#4457,10.);
#625=VECTOR('',#4462,10.);
#626=VECTOR('',#4465,10.);
#627=VECTOR('',#4468,10.);
#628=VECTOR('',#4469,10.);
#629=VECTOR('',#4470,10.);
#630=VECTOR('',#4477,10.);
#631=VECTOR('',#4480,10.);
#632=VECTOR('',#4481,10.);
#633=VECTOR('',#4482,10.);
#634=VECTOR('',#4485,10.);
#635=VECTOR('',#4486,10.);
#636=VECTOR('',#4487,10.);
#637=VECTOR('',#4490,10.);
#638=VECTOR('',#4491,10.);
#639=VECTOR('',#4492,10.);
#640=VECTOR('',#4499,10.);
#641=VECTOR('',#4502,10.);
#642=VECTOR('',#4503,10.);
#643=VECTOR('',#4504,10.);
#644=VECTOR('',#4511,10.);
#645=VECTOR('',#4514,10.);
#646=VECTOR('',#4515,10.);
#647=VECTOR('',#4516,10.);
#648=VECTOR('',#4523,10.);
#649=VECTOR('',#4526,10.);
#650=VECTOR('',#4527,10.);
#651=VECTOR('',#4528,10.);
#652=VECTOR('',#4535,10.);
#653=VECTOR('',#4538,10.);
#654=VECTOR('',#4539,10.);
#655=VECTOR('',#4546,10.);
#656=VECTOR('',#4549,10.);
#657=VECTOR('',#4552,10.);
#658=VECTOR('',#4553,10.);
#659=VECTOR('',#4554,10.);
#660=VECTOR('',#4557,10.);
#661=VECTOR('',#4564,10.);
#662=VECTOR('',#4573,10.);
#663=VECTOR('',#4578,10.);
#664=VECTOR('',#4579,10.);
#665=VECTOR('',#4588,5.25);
#666=VECTOR('',#4593,6.25);
#667=VECTOR('',#4600,5.25);
#668=VECTOR('',#4609,6.25);
#669=VECTOR('',#4616,5.25);
#670=VECTOR('',#4627,5.25);
#671=VECTOR('',#4638,5.25);
#672=VECTOR('',#4649,5.25);
#673=VECTOR('',#4658,6.25);
#674=VECTOR('',#4663,6.25);
#675=VECTOR('',#4668,6.25);
#676=VECTOR('',#4673,6.25);
#677=VECTOR('',#4678,10.);
#678=VECTOR('',#4679,10.);
#679=VECTOR('',#4686,10.);
#680=VECTOR('',#4687,10.);
#681=VECTOR('',#4692,1.25);
#682=VECTOR('',#4695,1.25);
#683=VECTOR('',#4698,1.25);
#684=CYLINDRICAL_SURFACE('',#3284,0.2);
#685=CYLINDRICAL_SURFACE('',#3292,0.2);
#686=CYLINDRICAL_SURFACE('',#3294,140.);
#687=CYLINDRICAL_SURFACE('',#3319,0.2);
#688=CYLINDRICAL_SURFACE('',#3323,0.2);
#689=CYLINDRICAL_SURFACE('',#3332,2.35);
#690=CYLINDRICAL_SURFACE('',#3337,2.35);
#691=CYLINDRICAL_SURFACE('',#3342,2.35);
#692=CYLINDRICAL_SURFACE('',#3347,2.35);
#693=CYLINDRICAL_SURFACE('',#3352,2.35);
#694=CYLINDRICAL_SURFACE('',#3358,2.35);
#695=CYLINDRICAL_SURFACE('',#3360,0.3);
#696=CYLINDRICAL_SURFACE('',#3366,0.3);
#697=CYLINDRICAL_SURFACE('',#3370,0.3);
#698=CYLINDRICAL_SURFACE('',#3372,0.3);
#699=CYLINDRICAL_SURFACE('',#3374,0.3);
#700=CYLINDRICAL_SURFACE('',#3376,0.3);
#701=CYLINDRICAL_SURFACE('',#3379,0.3);
#702=CYLINDRICAL_SURFACE('',#3392,0.3);
#703=CYLINDRICAL_SURFACE('',#3395,0.3);
#704=CYLINDRICAL_SURFACE('',#3397,0.3);
#705=CYLINDRICAL_SURFACE('',#3399,0.3);
#706=CYLINDRICAL_SURFACE('',#3405,0.3);
#707=CYLINDRICAL_SURFACE('',#3408,0.3);
#708=CYLINDRICAL_SURFACE('',#3411,0.3);
#709=CYLINDRICAL_SURFACE('',#3413,0.3);
#710=CYLINDRICAL_SURFACE('',#3426,5.75);
#711=CYLINDRICAL_SURFACE('',#3428,5.75);
#712=CYLINDRICAL_SURFACE('',#3435,0.2);
#713=CYLINDRICAL_SURFACE('',#3442,0.2);
#714=CYLINDRICAL_SURFACE('',#3444,0.2);
#715=CYLINDRICAL_SURFACE('',#3450,0.2);
#716=CYLINDRICAL_SURFACE('',#3457,0.2);
#717=CYLINDRICAL_SURFACE('',#3459,0.2);
#718=CYLINDRICAL_SURFACE('',#3465,0.2);
#719=CYLINDRICAL_SURFACE('',#3472,0.2);
#720=CYLINDRICAL_SURFACE('',#3474,0.2);
#721=CYLINDRICAL_SURFACE('',#3475,0.2);
#722=CYLINDRICAL_SURFACE('',#3476,0.2);
#723=CYLINDRICAL_SURFACE('',#3477,0.2);
#724=CYLINDRICAL_SURFACE('',#3495,0.2);
#725=CYLINDRICAL_SURFACE('',#3502,0.2);
#726=CYLINDRICAL_SURFACE('',#3509,0.2);
#727=CYLINDRICAL_SURFACE('',#3511,0.2);
#728=CYLINDRICAL_SURFACE('',#3517,0.2);
#729=CYLINDRICAL_SURFACE('',#3524,0.2);
#730=CYLINDRICAL_SURFACE('',#3526,0.2);
#731=CYLINDRICAL_SURFACE('',#3532,0.2);
#732=CYLINDRICAL_SURFACE('',#3534,0.2);
#733=CYLINDRICAL_SURFACE('',#3535,0.2);
#734=CYLINDRICAL_SURFACE('',#3536,0.2);
#735=CYLINDRICAL_SURFACE('',#3537,0.2);
#736=CYLINDRICAL_SURFACE('',#3548,2.);
#737=CYLINDRICAL_SURFACE('',#3550,2.);
#738=CYLINDRICAL_SURFACE('',#3563,0.1);
#739=CYLINDRICAL_SURFACE('',#3568,0.1);
#740=CYLINDRICAL_SURFACE('',#3580,0.1);
#741=CYLINDRICAL_SURFACE('',#3581,0.1);
#742=CYLINDRICAL_SURFACE('',#3582,0.1);
#743=CYLINDRICAL_SURFACE('',#3588,0.1);
#744=CYLINDRICAL_SURFACE('',#3589,0.1);
#745=CYLINDRICAL_SURFACE('',#3592,6.69999999999999);
#746=CYLINDRICAL_SURFACE('',#3596,6.69999999999999);
#747=CYLINDRICAL_SURFACE('',#3602,5.2);
#748=CYLINDRICAL_SURFACE('',#3606,5.19999999999998);
#749=CYLINDRICAL_SURFACE('',#3610,72.3);
#750=CYLINDRICAL_SURFACE('',#3614,73.8000000000001);
#751=CYLINDRICAL_SURFACE('',#3619,8.2);
#752=CYLINDRICAL_SURFACE('',#3630,8.2);
#753=CYLINDRICAL_SURFACE('',#3635,5.25);
#754=CYLINDRICAL_SURFACE('',#3637,6.25);
#755=CYLINDRICAL_SURFACE('',#3640,5.25);
#756=CYLINDRICAL_SURFACE('',#3644,6.25);
#757=CYLINDRICAL_SURFACE('',#3647,5.25);
#758=CYLINDRICAL_SURFACE('',#3652,5.25);
#759=CYLINDRICAL_SURFACE('',#3657,5.25);
#760=CYLINDRICAL_SURFACE('',#3662,5.25);
#761=CYLINDRICAL_SURFACE('',#3667,6.25);
#762=CYLINDRICAL_SURFACE('',#3669,6.25);
#763=CYLINDRICAL_SURFACE('',#3671,6.25);
#764=CYLINDRICAL_SURFACE('',#3673,6.25);
#765=CYLINDRICAL_SURFACE('',#3678,141.5);
#766=CYLINDRICAL_SURFACE('',#3679,75.3);
#767=CYLINDRICAL_SURFACE('',#3680,1.25);
#768=CYLINDRICAL_SURFACE('',#3681,1.25);
#769=CYLINDRICAL_SURFACE('',#3682,1.25);
#770=FACE_OUTER_BOUND('',#962,.T.);
#771=FACE_OUTER_BOUND('',#963,.T.);
#772=FACE_OUTER_BOUND('',#964,.T.);
#773=FACE_OUTER_BOUND('',#965,.T.);
#774=FACE_OUTER_BOUND('',#966,.T.);
#775=FACE_OUTER_BOUND('',#967,.T.);
#776=FACE_OUTER_BOUND('',#968,.T.);
#777=FACE_OUTER_BOUND('',#969,.T.);
#778=FACE_OUTER_BOUND('',#970,.T.);
#779=FACE_OUTER_BOUND('',#971,.T.);
#780=FACE_OUTER_BOUND('',#980,.T.);
#781=FACE_OUTER_BOUND('',#981,.T.);
#782=FACE_OUTER_BOUND('',#982,.T.);
#783=FACE_OUTER_BOUND('',#983,.T.);
#784=FACE_OUTER_BOUND('',#984,.T.);
#785=FACE_OUTER_BOUND('',#985,.T.);
#786=FACE_OUTER_BOUND('',#986,.T.);
#787=FACE_OUTER_BOUND('',#987,.T.);
#788=FACE_OUTER_BOUND('',#988,.T.);
#789=FACE_OUTER_BOUND('',#989,.T.);
#790=FACE_OUTER_BOUND('',#990,.T.);
#791=FACE_OUTER_BOUND('',#991,.T.);
#792=FACE_OUTER_BOUND('',#992,.T.);
#793=FACE_OUTER_BOUND('',#993,.T.);
#794=FACE_OUTER_BOUND('',#994,.T.);
#795=FACE_OUTER_BOUND('',#995,.T.);
#796=FACE_OUTER_BOUND('',#996,.T.);
#797=FACE_OUTER_BOUND('',#997,.T.);
#798=FACE_OUTER_BOUND('',#998,.T.);
#799=FACE_OUTER_BOUND('',#999,.T.);
#800=FACE_OUTER_BOUND('',#1000,.T.);
#801=FACE_OUTER_BOUND('',#1001,.T.);
#802=FACE_OUTER_BOUND('',#1002,.T.);
#803=FACE_OUTER_BOUND('',#1003,.T.);
#804=FACE_OUTER_BOUND('',#1004,.T.);
#805=FACE_OUTER_BOUND('',#1005,.T.);
#806=FACE_OUTER_BOUND('',#1006,.T.);
#807=FACE_OUTER_BOUND('',#1007,.T.);
#808=FACE_OUTER_BOUND('',#1008,.T.);
#809=FACE_OUTER_BOUND('',#1009,.T.);
#810=FACE_OUTER_BOUND('',#1010,.T.);
#811=FACE_OUTER_BOUND('',#1011,.T.);
#812=FACE_OUTER_BOUND('',#1012,.T.);
#813=FACE_OUTER_BOUND('',#1013,.T.);
#814=FACE_OUTER_BOUND('',#1014,.T.);
#815=FACE_OUTER_BOUND('',#1015,.T.);
#816=FACE_OUTER_BOUND('',#1016,.T.);
#817=FACE_OUTER_BOUND('',#1017,.T.);
#818=FACE_OUTER_BOUND('',#1018,.T.);
#819=FACE_OUTER_BOUND('',#1019,.T.);
#820=FACE_OUTER_BOUND('',#1020,.T.);
#821=FACE_OUTER_BOUND('',#1021,.T.);
#822=FACE_OUTER_BOUND('',#1022,.T.);
#823=FACE_OUTER_BOUND('',#1026,.T.);
#824=FACE_OUTER_BOUND('',#1027,.T.);
#825=FACE_OUTER_BOUND('',#1028,.T.);
#826=FACE_OUTER_BOUND('',#1029,.T.);
#827=FACE_OUTER_BOUND('',#1030,.T.);
#828=FACE_OUTER_BOUND('',#1031,.T.);
#829=FACE_OUTER_BOUND('',#1040,.T.);
#830=FACE_OUTER_BOUND('',#1041,.T.);
#831=FACE_OUTER_BOUND('',#1042,.T.);
#832=FACE_OUTER_BOUND('',#1043,.T.);
#833=FACE_OUTER_BOUND('',#1044,.T.);
#834=FACE_OUTER_BOUND('',#1045,.T.);
#835=FACE_OUTER_BOUND('',#1046,.T.);
#836=FACE_OUTER_BOUND('',#1047,.T.);
#837=FACE_OUTER_BOUND('',#1048,.T.);
#838=FACE_OUTER_BOUND('',#1049,.T.);
#839=FACE_OUTER_BOUND('',#1050,.T.);
#840=FACE_OUTER_BOUND('',#1051,.T.);
#841=FACE_OUTER_BOUND('',#1052,.T.);
#842=FACE_OUTER_BOUND('',#1053,.T.);
#843=FACE_OUTER_BOUND('',#1054,.T.);
#844=FACE_OUTER_BOUND('',#1055,.T.);
#845=FACE_OUTER_BOUND('',#1056,.T.);
#846=FACE_OUTER_BOUND('',#1057,.T.);
#847=FACE_OUTER_BOUND('',#1058,.T.);
#848=FACE_OUTER_BOUND('',#1059,.T.);
#849=FACE_OUTER_BOUND('',#1060,.T.);
#850=FACE_OUTER_BOUND('',#1061,.T.);
#851=FACE_OUTER_BOUND('',#1062,.T.);
#852=FACE_OUTER_BOUND('',#1063,.T.);
#853=FACE_OUTER_BOUND('',#1065,.T.);
#854=FACE_OUTER_BOUND('',#1067,.T.);
#855=FACE_OUTER_BOUND('',#1068,.T.);
#856=FACE_OUTER_BOUND('',#1069,.T.);
#857=FACE_OUTER_BOUND('',#1070,.T.);
#858=FACE_OUTER_BOUND('',#1071,.T.);
#859=FACE_OUTER_BOUND('',#1072,.T.);
#860=FACE_OUTER_BOUND('',#1073,.T.);
#861=FACE_OUTER_BOUND('',#1074,.T.);
#862=FACE_OUTER_BOUND('',#1075,.T.);
#863=FACE_OUTER_BOUND('',#1076,.T.);
#864=FACE_OUTER_BOUND('',#1077,.T.);
#865=FACE_OUTER_BOUND('',#1078,.T.);
#866=FACE_OUTER_BOUND('',#1079,.T.);
#867=FACE_OUTER_BOUND('',#1080,.T.);
#868=FACE_OUTER_BOUND('',#1081,.T.);
#869=FACE_OUTER_BOUND('',#1082,.T.);
#870=FACE_OUTER_BOUND('',#1083,.T.);
#871=FACE_OUTER_BOUND('',#1084,.T.);
#872=FACE_OUTER_BOUND('',#1085,.T.);
#873=FACE_OUTER_BOUND('',#1086,.T.);
#874=FACE_OUTER_BOUND('',#1087,.T.);
#875=FACE_OUTER_BOUND('',#1088,.T.);
#876=FACE_OUTER_BOUND('',#1089,.T.);
#877=FACE_OUTER_BOUND('',#1090,.T.);
#878=FACE_OUTER_BOUND('',#1091,.T.);
#879=FACE_OUTER_BOUND('',#1092,.T.);
#880=FACE_OUTER_BOUND('',#1094,.T.);
#881=FACE_OUTER_BOUND('',#1095,.T.);
#882=FACE_OUTER_BOUND('',#1096,.T.);
#883=FACE_OUTER_BOUND('',#1097,.T.);
#884=FACE_OUTER_BOUND('',#1098,.T.);
#885=FACE_OUTER_BOUND('',#1099,.T.);
#886=FACE_OUTER_BOUND('',#1100,.T.);
#887=FACE_OUTER_BOUND('',#1101,.T.);
#888=FACE_OUTER_BOUND('',#1102,.T.);
#889=FACE_OUTER_BOUND('',#1103,.T.);
#890=FACE_OUTER_BOUND('',#1104,.T.);
#891=FACE_OUTER_BOUND('',#1106,.T.);
#892=FACE_OUTER_BOUND('',#1107,.T.);
#893=FACE_OUTER_BOUND('',#1108,.T.);
#894=FACE_OUTER_BOUND('',#1109,.T.);
#895=FACE_OUTER_BOUND('',#1110,.T.);
#896=FACE_OUTER_BOUND('',#1111,.T.);
#897=FACE_OUTER_BOUND('',#1112,.T.);
#898=FACE_OUTER_BOUND('',#1113,.T.);
#899=FACE_OUTER_BOUND('',#1114,.T.);
#900=FACE_OUTER_BOUND('',#1115,.T.);
#901=FACE_OUTER_BOUND('',#1116,.T.);
#902=FACE_OUTER_BOUND('',#1117,.T.);
#903=FACE_OUTER_BOUND('',#1118,.T.);
#904=FACE_OUTER_BOUND('',#1119,.T.);
#905=FACE_OUTER_BOUND('',#1120,.T.);
#906=FACE_OUTER_BOUND('',#1121,.T.);
#907=FACE_OUTER_BOUND('',#1122,.T.);
#908=FACE_OUTER_BOUND('',#1123,.T.);
#909=FACE_OUTER_BOUND('',#1124,.T.);
#910=FACE_OUTER_BOUND('',#1125,.T.);
#911=FACE_OUTER_BOUND('',#1126,.T.);
#912=FACE_OUTER_BOUND('',#1127,.T.);
#913=FACE_OUTER_BOUND('',#1129,.T.);
#914=FACE_OUTER_BOUND('',#1130,.T.);
#915=FACE_OUTER_BOUND('',#1131,.T.);
#916=FACE_OUTER_BOUND('',#1132,.T.);
#917=FACE_OUTER_BOUND('',#1133,.T.);
#918=FACE_OUTER_BOUND('',#1134,.T.);
#919=FACE_OUTER_BOUND('',#1135,.T.);
#920=FACE_OUTER_BOUND('',#1136,.T.);
#921=FACE_OUTER_BOUND('',#1137,.T.);
#922=FACE_OUTER_BOUND('',#1138,.T.);
#923=FACE_OUTER_BOUND('',#1139,.T.);
#924=FACE_OUTER_BOUND('',#1140,.T.);
#925=FACE_OUTER_BOUND('',#1141,.T.);
#926=FACE_OUTER_BOUND('',#1142,.T.);
#927=FACE_OUTER_BOUND('',#1143,.T.);
#928=FACE_OUTER_BOUND('',#1144,.T.);
#929=FACE_OUTER_BOUND('',#1147,.T.);
#930=FACE_OUTER_BOUND('',#1148,.T.);
#931=FACE_OUTER_BOUND('',#1149,.T.);
#932=FACE_OUTER_BOUND('',#1150,.T.);
#933=FACE_OUTER_BOUND('',#1151,.T.);
#934=FACE_OUTER_BOUND('',#1152,.T.);
#935=FACE_OUTER_BOUND('',#1154,.T.);
#936=FACE_OUTER_BOUND('',#1155,.T.);
#937=FACE_OUTER_BOUND('',#1156,.T.);
#938=FACE_OUTER_BOUND('',#1157,.T.);
#939=FACE_OUTER_BOUND('',#1159,.T.);
#940=FACE_OUTER_BOUND('',#1160,.T.);
#941=FACE_OUTER_BOUND('',#1162,.T.);
#942=FACE_OUTER_BOUND('',#1163,.T.);
#943=FACE_OUTER_BOUND('',#1165,.T.);
#944=FACE_OUTER_BOUND('',#1166,.T.);
#945=FACE_OUTER_BOUND('',#1168,.T.);
#946=FACE_OUTER_BOUND('',#1169,.T.);
#947=FACE_OUTER_BOUND('',#1171,.T.);
#948=FACE_OUTER_BOUND('',#1172,.T.);
#949=FACE_OUTER_BOUND('',#1173,.T.);
#950=FACE_OUTER_BOUND('',#1174,.T.);
#951=FACE_OUTER_BOUND('',#1175,.T.);
#952=FACE_OUTER_BOUND('',#1176,.T.);
#953=FACE_OUTER_BOUND('',#1177,.T.);
#954=FACE_OUTER_BOUND('',#1178,.T.);
#955=FACE_OUTER_BOUND('',#1179,.T.);
#956=FACE_OUTER_BOUND('',#1180,.T.);
#957=FACE_OUTER_BOUND('',#1184,.T.);
#958=FACE_OUTER_BOUND('',#1185,.T.);
#959=FACE_OUTER_BOUND('',#1186,.T.);
#960=FACE_OUTER_BOUND('',#1187,.T.);
#961=FACE_OUTER_BOUND('',#1188,.T.);
#962=EDGE_LOOP('',(#2158,#2159,#2160,#2161));
#963=EDGE_LOOP('',(#2162,#2163,#2164,#2165));
#964=EDGE_LOOP('',(#2166,#2167,#2168,#2169));
#965=EDGE_LOOP('',(#2170,#2171,#2172,#2173));
#966=EDGE_LOOP('',(#2174,#2175,#2176,#2177));
#967=EDGE_LOOP('',(#2178,#2179,#2180,#2181));
#968=EDGE_LOOP('',(#2182,#2183,#2184,#2185));
#969=EDGE_LOOP('',(#2186,#2187,#2188,#2189,#2190,#2191,#2192,#2193,#2194,
#2195,#2196,#2197));
#970=EDGE_LOOP('',(#2198,#2199,#2200,#2201,#2202,#2203,#2204,#2205));
#971=EDGE_LOOP('',(#2206,#2207));
#972=EDGE_LOOP('',(#2208));
#973=EDGE_LOOP('',(#2209));
#974=EDGE_LOOP('',(#2210));
#975=EDGE_LOOP('',(#2211,#2212,#2213,#2214));
#976=EDGE_LOOP('',(#2215));
#977=EDGE_LOOP('',(#2216));
#978=EDGE_LOOP('',(#2217));
#979=EDGE_LOOP('',(#2218));
#980=EDGE_LOOP('',(#2219,#2220,#2221,#2222));
#981=EDGE_LOOP('',(#2223,#2224,#2225));
#982=EDGE_LOOP('',(#2226,#2227,#2228,#2229,#2230));
#983=EDGE_LOOP('',(#2231,#2232,#2233,#2234));
#984=EDGE_LOOP('',(#2235,#2236,#2237,#2238));
#985=EDGE_LOOP('',(#2239,#2240,#2241,#2242));
#986=EDGE_LOOP('',(#2243,#2244,#2245,#2246));
#987=EDGE_LOOP('',(#2247,#2248,#2249));
#988=EDGE_LOOP('',(#2250,#2251,#2252,#2253));
#989=EDGE_LOOP('',(#2254,#2255,#2256,#2257));
#990=EDGE_LOOP('',(#2258,#2259,#2260));
#991=EDGE_LOOP('',(#2261,#2262,#2263,#2264));
#992=EDGE_LOOP('',(#2265,#2266,#2267,#2268,#2269));
#993=EDGE_LOOP('',(#2270,#2271,#2272,#2273));
#994=EDGE_LOOP('',(#2274,#2275,#2276,#2277,#2278));
#995=EDGE_LOOP('',(#2279,#2280,#2281,#2282));
#996=EDGE_LOOP('',(#2283,#2284,#2285,#2286,#2287));
#997=EDGE_LOOP('',(#2288,#2289,#2290,#2291));
#998=EDGE_LOOP('',(#2292,#2293,#2294,#2295,#2296));
#999=EDGE_LOOP('',(#2297,#2298,#2299,#2300));
#1000=EDGE_LOOP('',(#2301,#2302,#2303,#2304,#2305));
#1001=EDGE_LOOP('',(#2306,#2307,#2308,#2309));
#1002=EDGE_LOOP('',(#2310,#2311,#2312,#2313,#2314));
#1003=EDGE_LOOP('',(#2315,#2316,#2317,#2318));
#1004=EDGE_LOOP('',(#2319,#2320,#2321,#2322,#2323,#2324,#2325,#2326));
#1005=EDGE_LOOP('',(#2327,#2328,#2329,#2330));
#1006=EDGE_LOOP('',(#2331,#2332,#2333,#2334));
#1007=EDGE_LOOP('',(#2335,#2336,#2337,#2338));
#1008=EDGE_LOOP('',(#2339,#2340,#2341,#2342));
#1009=EDGE_LOOP('',(#2343,#2344,#2345,#2346));
#1010=EDGE_LOOP('',(#2347,#2348,#2349,#2350));
#1011=EDGE_LOOP('',(#2351,#2352,#2353,#2354,#2355));
#1012=EDGE_LOOP('',(#2356,#2357,#2358,#2359));
#1013=EDGE_LOOP('',(#2360,#2361,#2362,#2363));
#1014=EDGE_LOOP('',(#2364,#2365,#2366,#2367,#2368,#2369));
#1015=EDGE_LOOP('',(#2370,#2371,#2372,#2373,#2374,#2375,#2376,#2377,#2378));
#1016=EDGE_LOOP('',(#2379,#2380,#2381,#2382,#2383,#2384,#2385,#2386));
#1017=EDGE_LOOP('',(#2387,#2388,#2389,#2390,#2391,#2392,#2393,#2394));
#1018=EDGE_LOOP('',(#2395,#2396,#2397,#2398));
#1019=EDGE_LOOP('',(#2399,#2400,#2401,#2402));
#1020=EDGE_LOOP('',(#2403,#2404,#2405,#2406));
#1021=EDGE_LOOP('',(#2407,#2408,#2409,#2410));
#1022=EDGE_LOOP('',(#2411,#2412,#2413,#2414,#2415,#2416));
#1023=EDGE_LOOP('',(#2417));
#1024=EDGE_LOOP('',(#2418));
#1025=EDGE_LOOP('',(#2419,#2420,#2421,#2422));
#1026=EDGE_LOOP('',(#2423,#2424,#2425,#2426));
#1027=EDGE_LOOP('',(#2427,#2428,#2429,#2430));
#1028=EDGE_LOOP('',(#2431,#2432,#2433,#2434,#2435,#2436));
#1029=EDGE_LOOP('',(#2437,#2438,#2439,#2440,#2441,#2442));
#1030=EDGE_LOOP('',(#2443,#2444,#2445));
#1031=EDGE_LOOP('',(#2446,#2447));
#1032=EDGE_LOOP('',(#2448));
#1033=EDGE_LOOP('',(#2449));
#1034=EDGE_LOOP('',(#2450));
#1035=EDGE_LOOP('',(#2451));
#1036=EDGE_LOOP('',(#2452));
#1037=EDGE_LOOP('',(#2453));
#1038=EDGE_LOOP('',(#2454));
#1039=EDGE_LOOP('',(#2455,#2456,#2457,#2458));
#1040=EDGE_LOOP('',(#2459,#2460,#2461,#2462));
#1041=EDGE_LOOP('',(#2463,#2464,#2465,#2466,#2467));
#1042=EDGE_LOOP('',(#2468,#2469,#2470,#2471));
#1043=EDGE_LOOP('',(#2472,#2473,#2474,#2475));
#1044=EDGE_LOOP('',(#2476,#2477,#2478,#2479));
#1045=EDGE_LOOP('',(#2480,#2481,#2482,#2483));
#1046=EDGE_LOOP('',(#2484,#2485,#2486,#2487));
#1047=EDGE_LOOP('',(#2488,#2489,#2490,#2491));
#1048=EDGE_LOOP('',(#2492,#2493,#2494,#2495));
#1049=EDGE_LOOP('',(#2496,#2497,#2498,#2499));
#1050=EDGE_LOOP('',(#2500,#2501,#2502,#2503));
#1051=EDGE_LOOP('',(#2504,#2505,#2506,#2507));
#1052=EDGE_LOOP('',(#2508,#2509,#2510,#2511));
#1053=EDGE_LOOP('',(#2512,#2513,#2514,#2515));
#1054=EDGE_LOOP('',(#2516,#2517,#2518,#2519));
#1055=EDGE_LOOP('',(#2520,#2521,#2522,#2523));
#1056=EDGE_LOOP('',(#2524,#2525,#2526,#2527));
#1057=EDGE_LOOP('',(#2528,#2529,#2530,#2531));
#1058=EDGE_LOOP('',(#2532,#2533,#2534,#2535));
#1059=EDGE_LOOP('',(#2536,#2537,#2538,#2539));
#1060=EDGE_LOOP('',(#2540,#2541,#2542,#2543));
#1061=EDGE_LOOP('',(#2544,#2545,#2546,#2547));
#1062=EDGE_LOOP('',(#2548,#2549,#2550,#2551));
#1063=EDGE_LOOP('',(#2552,#2553,#2554,#2555,#2556,#2557,#2558,#2559,#2560,
#2561,#2562,#2563));
#1064=EDGE_LOOP('',(#2564));
#1065=EDGE_LOOP('',(#2565));
#1066=EDGE_LOOP('',(#2566,#2567,#2568,#2569,#2570,#2571,#2572,#2573,#2574,
#2575,#2576,#2577));
#1067=EDGE_LOOP('',(#2578,#2579,#2580,#2581));
#1068=EDGE_LOOP('',(#2582,#2583,#2584,#2585));
#1069=EDGE_LOOP('',(#2586,#2587,#2588,#2589));
#1070=EDGE_LOOP('',(#2590,#2591,#2592,#2593));
#1071=EDGE_LOOP('',(#2594,#2595,#2596,#2597));
#1072=EDGE_LOOP('',(#2598,#2599,#2600,#2601));
#1073=EDGE_LOOP('',(#2602,#2603,#2604,#2605));
#1074=EDGE_LOOP('',(#2606,#2607,#2608,#2609));
#1075=EDGE_LOOP('',(#2610,#2611,#2612,#2613));
#1076=EDGE_LOOP('',(#2614,#2615,#2616,#2617));
#1077=EDGE_LOOP('',(#2618,#2619,#2620,#2621));
#1078=EDGE_LOOP('',(#2622,#2623,#2624,#2625));
#1079=EDGE_LOOP('',(#2626,#2627,#2628,#2629));
#1080=EDGE_LOOP('',(#2630,#2631,#2632,#2633));
#1081=EDGE_LOOP('',(#2634,#2635,#2636,#2637));
#1082=EDGE_LOOP('',(#2638,#2639,#2640,#2641));
#1083=EDGE_LOOP('',(#2642,#2643,#2644,#2645));
#1084=EDGE_LOOP('',(#2646,#2647,#2648,#2649));
#1085=EDGE_LOOP('',(#2650,#2651,#2652,#2653));
#1086=EDGE_LOOP('',(#2654,#2655,#2656,#2657));
#1087=EDGE_LOOP('',(#2658,#2659,#2660,#2661));
#1088=EDGE_LOOP('',(#2662,#2663,#2664,#2665));
#1089=EDGE_LOOP('',(#2666,#2667,#2668,#2669));
#1090=EDGE_LOOP('',(#2670,#2671,#2672,#2673));
#1091=EDGE_LOOP('',(#2674,#2675,#2676,#2677));
#1092=EDGE_LOOP('',(#2678));
#1093=EDGE_LOOP('',(#2679,#2680,#2681,#2682,#2683,#2684,#2685,#2686,#2687,
#2688,#2689,#2690));
#1094=EDGE_LOOP('',(#2691,#2692,#2693,#2694));
#1095=EDGE_LOOP('',(#2695,#2696,#2697,#2698));
#1096=EDGE_LOOP('',(#2699,#2700,#2701,#2702));
#1097=EDGE_LOOP('',(#2703,#2704,#2705,#2706));
#1098=EDGE_LOOP('',(#2707,#2708,#2709,#2710));
#1099=EDGE_LOOP('',(#2711,#2712,#2713,#2714));
#1100=EDGE_LOOP('',(#2715,#2716,#2717,#2718));
#1101=EDGE_LOOP('',(#2719,#2720,#2721,#2722,#2723,#2724));
#1102=EDGE_LOOP('',(#2725,#2726,#2727,#2728,#2729,#2730));
#1103=EDGE_LOOP('',(#2731,#2732,#2733));
#1104=EDGE_LOOP('',(#2734,#2735,#2736,#2737,#2738,#2739,#2740,#2741,#2742,
#2743,#2744,#2745));
#1105=EDGE_LOOP('',(#2746));
#1106=EDGE_LOOP('',(#2747,#2748,#2749,#2750));
#1107=EDGE_LOOP('',(#2751,#2752,#2753,#2754,#2755,#2756,#2757));
#1108=EDGE_LOOP('',(#2758,#2759,#2760,#2761,#2762,#2763));
#1109=EDGE_LOOP('',(#2764,#2765,#2766));
#1110=EDGE_LOOP('',(#2767,#2768,#2769,#2770));
#1111=EDGE_LOOP('',(#2771,#2772,#2773,#2774));
#1112=EDGE_LOOP('',(#2775,#2776,#2777,#2778));
#1113=EDGE_LOOP('',(#2779,#2780,#2781,#2782));
#1114=EDGE_LOOP('',(#2783,#2784,#2785));
#1115=EDGE_LOOP('',(#2786,#2787,#2788,#2789));
#1116=EDGE_LOOP('',(#2790,#2791,#2792,#2793));
#1117=EDGE_LOOP('',(#2794,#2795,#2796,#2797));
#1118=EDGE_LOOP('',(#2798,#2799,#2800,#2801));
#1119=EDGE_LOOP('',(#2802,#2803,#2804,#2805));
#1120=EDGE_LOOP('',(#2806,#2807,#2808,#2809,#2810,#2811));
#1121=EDGE_LOOP('',(#2812,#2813,#2814));
#1122=EDGE_LOOP('',(#2815,#2816,#2817,#2818));
#1123=EDGE_LOOP('',(#2819,#2820,#2821,#2822));
#1124=EDGE_LOOP('',(#2823,#2824,#2825));
#1125=EDGE_LOOP('',(#2826,#2827,#2828,#2829,#2830,#2831));
#1126=EDGE_LOOP('',(#2832,#2833,#2834,#2835));
#1127=EDGE_LOOP('',(#2836,#2837,#2838,#2839));
#1128=EDGE_LOOP('',(#2840,#2841,#2842,#2843,#2844,#2845,#2846,#2847));
#1129=EDGE_LOOP('',(#2848,#2849,#2850,#2851));
#1130=EDGE_LOOP('',(#2852,#2853,#2854,#2855));
#1131=EDGE_LOOP('',(#2856,#2857,#2858,#2859));
#1132=EDGE_LOOP('',(#2860,#2861,#2862,#2863));
#1133=EDGE_LOOP('',(#2864,#2865,#2866,#2867));
#1134=EDGE_LOOP('',(#2868,#2869,#2870,#2871));
#1135=EDGE_LOOP('',(#2872,#2873,#2874,#2875));
#1136=EDGE_LOOP('',(#2876,#2877,#2878,#2879));
#1137=EDGE_LOOP('',(#2880,#2881,#2882,#2883));
#1138=EDGE_LOOP('',(#2884,#2885,#2886,#2887));
#1139=EDGE_LOOP('',(#2888,#2889,#2890,#2891));
#1140=EDGE_LOOP('',(#2892,#2893,#2894,#2895));
#1141=EDGE_LOOP('',(#2896,#2897,#2898,#2899,#2900,#2901,#2902,#2903,#2904,
#2905,#2906,#2907,#2908,#2909));
#1142=EDGE_LOOP('',(#2910,#2911,#2912,#2913));
#1143=EDGE_LOOP('',(#2914,#2915,#2916,#2917));
#1144=EDGE_LOOP('',(#2918,#2919,#2920,#2921,#2922,#2923,#2924,#2925));
#1145=EDGE_LOOP('',(#2926));
#1146=EDGE_LOOP('',(#2927));
#1147=EDGE_LOOP('',(#2928,#2929,#2930,#2931));
#1148=EDGE_LOOP('',(#2932,#2933,#2934,#2935));
#1149=EDGE_LOOP('',(#2936));
#1150=EDGE_LOOP('',(#2937,#2938,#2939,#2940));
#1151=EDGE_LOOP('',(#2941,#2942,#2943,#2944));
#1152=EDGE_LOOP('',(#2945));
#1153=EDGE_LOOP('',(#2946));
#1154=EDGE_LOOP('',(#2947,#2948,#2949,#2950));
#1155=EDGE_LOOP('',(#2951));
#1156=EDGE_LOOP('',(#2952,#2953,#2954,#2955));
#1157=EDGE_LOOP('',(#2956));
#1158=EDGE_LOOP('',(#2957));
#1159=EDGE_LOOP('',(#2958,#2959,#2960,#2961));
#1160=EDGE_LOOP('',(#2962));
#1161=EDGE_LOOP('',(#2963));
#1162=EDGE_LOOP('',(#2964,#2965,#2966,#2967));
#1163=EDGE_LOOP('',(#2968));
#1164=EDGE_LOOP('',(#2969));
#1165=EDGE_LOOP('',(#2970,#2971,#2972,#2973));
#1166=EDGE_LOOP('',(#2974));
#1167=EDGE_LOOP('',(#2975));
#1168=EDGE_LOOP('',(#2976,#2977,#2978,#2979));
#1169=EDGE_LOOP('',(#2980));
#1170=EDGE_LOOP('',(#2981));
#1171=EDGE_LOOP('',(#2982,#2983,#2984,#2985));
#1172=EDGE_LOOP('',(#2986));
#1173=EDGE_LOOP('',(#2987,#2988,#2989,#2990));
#1174=EDGE_LOOP('',(#2991));
#1175=EDGE_LOOP('',(#2992,#2993,#2994,#2995));
#1176=EDGE_LOOP('',(#2996));
#1177=EDGE_LOOP('',(#2997,#2998,#2999,#3000));
#1178=EDGE_LOOP('',(#3001));
#1179=EDGE_LOOP('',(#3002,#3003,#3004,#3005));
#1180=EDGE_LOOP('',(#3006,#3007,#3008,#3009,#3010,#3011,#3012));
#1181=EDGE_LOOP('',(#3013));
#1182=EDGE_LOOP('',(#3014));
#1183=EDGE_LOOP('',(#3015,#3016,#3017,#3018,#3019,#3020,#3021,#3022,#3023,
#3024,#3025,#3026,#3027,#3028));
#1184=EDGE_LOOP('',(#3029,#3030,#3031,#3032));
#1185=EDGE_LOOP('',(#3033,#3034,#3035,#3036,#3037,#3038,#3039,#3040,#3041,
#3042,#3043,#3044,#3045));
#1186=EDGE_LOOP('',(#3046,#3047,#3048,#3049));
#1187=EDGE_LOOP('',(#3050,#3051,#3052,#3053));
#1188=EDGE_LOOP('',(#3054,#3055,#3056,#3057));
#1189=CIRCLE('',#3283,0.20000000000001);
#1190=CIRCLE('',#3285,0.199999999999988);
#1191=CIRCLE('',#3286,0.199999999999999);
#1192=CIRCLE('',#3288,0.199999999999985);
#1193=CIRCLE('',#3289,139.8);
#1194=CIRCLE('',#3290,140.);
#1195=CIRCLE('',#3291,0.199999999999993);
#1196=CIRCLE('',#3293,0.200000000000001);
#1197=CIRCLE('',#3295,140.);
#1198=CIRCLE('',#3296,140.);
#1199=CIRCLE('',#3297,140.);
#1200=CIRCLE('',#3299,140.082842712474);
#1201=CIRCLE('',#3300,139.941421356237);
#1202=CIRCLE('',#3302,75.3);
#1203=CIRCLE('',#3303,1.25);
#1204=CIRCLE('',#3304,1.25);
#1205=CIRCLE('',#3305,1.25);
#1206=CIRCLE('',#3306,2.35);
#1207=CIRCLE('',#3307,2.35);
#1208=CIRCLE('',#3308,2.35);
#1209=CIRCLE('',#3309,2.35);
#1210=CIRCLE('',#3310,0.200000000000003);
#1211=CIRCLE('',#3312,0.2);
#1212=CIRCLE('',#3313,0.200000000000001);
#1213=CIRCLE('',#3315,0.199999999999998);
#1214=CIRCLE('',#3316,0.2);
#1215=CIRCLE('',#3317,0.2);
#1216=CIRCLE('',#3318,0.200000000000027);
#1217=CIRCLE('',#3321,138.841421356237);
#1218=CIRCLE('',#3322,138.982842712474);
#1219=CIRCLE('',#3329,2.35);
#1220=CIRCLE('',#3330,2.35);
#1221=CIRCLE('',#3331,2.35);
#1222=CIRCLE('',#3334,2.35);
#1223=CIRCLE('',#3335,2.35);
#1224=CIRCLE('',#3336,2.35);
#1225=CIRCLE('',#3339,2.35);
#1226=CIRCLE('',#3340,2.35);
#1227=CIRCLE('',#3341,2.35);
#1228=CIRCLE('',#3344,2.35);
#1229=CIRCLE('',#3345,2.35);
#1230=CIRCLE('',#3346,2.35);
#1231=CIRCLE('',#3349,2.35);
#1232=CIRCLE('',#3350,2.35);
#1233=CIRCLE('',#3351,2.35);
#1234=CIRCLE('',#3353,2.35);
#1235=CIRCLE('',#3355,2.35);
#1236=CIRCLE('',#3356,2.35);
#1237=CIRCLE('',#3357,2.35);
#1238=CIRCLE('',#3359,2.35);
#1239=CIRCLE('',#3361,0.3);
#1240=CIRCLE('',#3362,0.3);
#1241=CIRCLE('',#3364,6.75);
#1242=CIRCLE('',#3365,6.75);
#1243=CIRCLE('',#3367,0.300000000000001);
#1244=CIRCLE('',#3369,0.299999999999999);
#1245=CIRCLE('',#3377,0.300000000000006);
#1246=CIRCLE('',#3378,0.3);
#1247=CIRCLE('',#3383,5.75);
#1248=CIRCLE('',#3384,5.75);
#1249=CIRCLE('',#3385,1.);
#1250=CIRCLE('',#3386,6.75);
#1251=CIRCLE('',#3388,6.75);
#1252=CIRCLE('',#3390,5.75);
#1253=CIRCLE('',#3391,1.);
#1254=CIRCLE('',#3403,2.);
#1255=CIRCLE('',#3404,2.);
#1256=CIRCLE('',#3417,141.5);
#1257=CIRCLE('',#3418,75.3);
#1258=CIRCLE('',#3419,1.25);
#1259=CIRCLE('',#3420,1.25);
#1260=CIRCLE('',#3421,1.25);
#1261=CIRCLE('',#3422,6.25);
#1262=CIRCLE('',#3423,6.25);
#1263=CIRCLE('',#3424,6.25);
#1264=CIRCLE('',#3425,6.25);
#1265=CIRCLE('',#3427,5.75);
#1266=CIRCLE('',#3429,5.75);
#1267=CIRCLE('',#3431,0.200000000000001);
#1268=CIRCLE('',#3432,0.200000000000001);
#1269=CIRCLE('',#3433,0.200000000000001);
#1270=CIRCLE('',#3434,0.400000000000007);
#1271=CIRCLE('',#3436,0.2);
#1272=CIRCLE('',#3438,0.199999999999999);
#1273=CIRCLE('',#3439,0.199999999999999);
#1274=CIRCLE('',#3440,0.200000000000003);
#1275=CIRCLE('',#3441,0.4);
#1276=CIRCLE('',#3443,0.2);
#1277=CIRCLE('',#3446,0.200000000000001);
#1278=CIRCLE('',#3447,0.199999999999997);
#1279=CIRCLE('',#3448,0.200000000000001);
#1280=CIRCLE('',#3449,0.4);
#1281=CIRCLE('',#3451,0.2);
#1282=CIRCLE('',#3453,0.200000000000001);
#1283=CIRCLE('',#3454,0.199999999999998);
#1284=CIRCLE('',#3455,0.200000000000003);
#1285=CIRCLE('',#3456,0.4);
#1286=CIRCLE('',#3458,0.2);
#1287=CIRCLE('',#3461,0.199999999999999);
#1288=CIRCLE('',#3462,0.200000000000001);
#1289=CIRCLE('',#3463,0.200000000000001);
#1290=CIRCLE('',#3464,0.4);
#1291=CIRCLE('',#3466,0.2);
#1292=CIRCLE('',#3468,0.200000000000001);
#1293=CIRCLE('',#3469,0.200000000000001);
#1294=CIRCLE('',#3470,0.200000000000001);
#1295=CIRCLE('',#3471,0.400000000000002);
#1296=CIRCLE('',#3473,0.2);
#1297=CIRCLE('',#3482,2.);
#1298=CIRCLE('',#3484,5.55);
#1299=CIRCLE('',#3486,0.2);
#1300=CIRCLE('',#3491,0.200000000000001);
#1301=CIRCLE('',#3492,0.199999999999999);
#1302=CIRCLE('',#3493,0.199999999999996);
#1303=CIRCLE('',#3494,0.400000000000002);
#1304=CIRCLE('',#3496,0.2);
#1305=CIRCLE('',#3498,0.199999999999999);
#1306=CIRCLE('',#3499,0.199999999999998);
#1307=CIRCLE('',#3500,0.199999999999998);
#1308=CIRCLE('',#3501,0.399999999999995);
#1309=CIRCLE('',#3503,0.2);
#1310=CIRCLE('',#3505,0.199999999999998);
#1311=CIRCLE('',#3506,0.200000000000001);
#1312=CIRCLE('',#3507,0.199999999999996);
#1313=CIRCLE('',#3508,0.4);
#1314=CIRCLE('',#3510,0.2);
#1315=CIRCLE('',#3513,0.199999999999998);
#1316=CIRCLE('',#3514,0.199999999999999);
#1317=CIRCLE('',#3515,0.199999999999996);
#1318=CIRCLE('',#3516,0.400000000000001);
#1319=CIRCLE('',#3518,0.2);
#1320=CIRCLE('',#3520,0.199999999999998);
#1321=CIRCLE('',#3521,0.199999999999998);
#1322=CIRCLE('',#3522,0.199999999999999);
#1323=CIRCLE('',#3523,0.399999999999997);
#1324=CIRCLE('',#3525,0.2);
#1325=CIRCLE('',#3528,0.200000000000001);
#1326=CIRCLE('',#3529,0.2);
#1327=CIRCLE('',#3530,0.199999999999998);
#1328=CIRCLE('',#3531,0.399999999999993);
#1329=CIRCLE('',#3533,0.2);
#1330=CIRCLE('',#3542,5.55);
#1331=CIRCLE('',#3544,0.2);
#1332=CIRCLE('',#3549,2.);
#1333=CIRCLE('',#3560,0.1);
#1334=CIRCLE('',#3561,0.1);
#1335=CIRCLE('',#3562,0.100000000000009);
#1336=CIRCLE('',#3564,0.1);
#1337=CIRCLE('',#3566,0.1);
#1338=CIRCLE('',#3567,0.2);
#1339=CIRCLE('',#3569,0.1);
#1340=CIRCLE('',#3573,0.0999999999999979);
#1341=CIRCLE('',#3574,0.1);
#1342=CIRCLE('',#3575,0.100000000000009);
#1343=CIRCLE('',#3577,0.1);
#1344=CIRCLE('',#3578,0.1);
#1345=CIRCLE('',#3579,0.2);
#1346=CIRCLE('',#3583,0.100000000000012);
#1347=CIRCLE('',#3593,6.69999999999999);
#1348=CIRCLE('',#3594,6.69999999999999);
#1349=CIRCLE('',#3597,6.69999999999999);
#1350=CIRCLE('',#3598,6.69999999999999);
#1351=CIRCLE('',#3603,5.2);
#1352=CIRCLE('',#3604,5.2);
#1353=CIRCLE('',#3607,5.19999999999998);
#1354=CIRCLE('',#3608,5.19999999999998);
#1355=CIRCLE('',#3611,72.3);
#1356=CIRCLE('',#3612,72.3);
#1357=CIRCLE('',#3615,73.8000000000001);
#1358=CIRCLE('',#3616,73.8000000000001);
#1359=CIRCLE('',#3620,8.2);
#1360=CIRCLE('',#3621,8.2);
#1361=CIRCLE('',#3624,75.3);
#1362=CIRCLE('',#3625,141.5);
#1363=CIRCLE('',#3626,75.3);
#1364=CIRCLE('',#3627,8.2);
#1365=CIRCLE('',#3628,6.25);
#1366=CIRCLE('',#3629,6.25);
#1367=CIRCLE('',#3631,8.2);
#1368=CIRCLE('',#3634,5.25);
#1369=CIRCLE('',#3636,5.25);
#1370=CIRCLE('',#3638,6.25);
#1371=CIRCLE('',#3641,5.25);
#1372=CIRCLE('',#3642,5.25);
#1373=CIRCLE('',#3645,6.25);
#1374=CIRCLE('',#3648,5.25);
#1375=CIRCLE('',#3649,5.25);
#1376=CIRCLE('',#3651,6.25);
#1377=CIRCLE('',#3653,5.25);
#1378=CIRCLE('',#3654,5.25);
#1379=CIRCLE('',#3656,6.25);
#1380=CIRCLE('',#3658,5.25);
#1381=CIRCLE('',#3659,5.25);
#1382=CIRCLE('',#3661,6.25);
#1383=CIRCLE('',#3663,5.25);
#1384=CIRCLE('',#3664,5.25);
#1385=CIRCLE('',#3666,6.25);
#1386=CIRCLE('',#3677,75.3);
#1387=CIRCLE('',#3683,6.25);
#1388=CIRCLE('',#3684,1.25);
#1389=CIRCLE('',#3685,6.25);
#1390=CIRCLE('',#3686,6.25);
#1391=CIRCLE('',#3687,6.25);
#1392=CIRCLE('',#3688,6.25);
#1393=CIRCLE('',#3689,5.2);
#1394=CIRCLE('',#3690,5.2);
#1395=CIRCLE('',#3691,5.2);
#1396=CIRCLE('',#3692,5.2);
#1397=B_SPLINE_CURVE_WITH_KNOTS('',3,(#4752,#4753,#4754,#4755,#4756,#4757,
#4758,#4759),.UNSPECIFIED.,.F.,.F.,(4,2,2,4),(-0.000124366984262626,0.,
0.0116569903640441,0.0234512226590762),.UNSPECIFIED.);
#1398=B_SPLINE_CURVE_WITH_KNOTS('',3,(#4761,#4762,#4763,#4764,#4765),
 .UNSPECIFIED.,.F.,.F.,(4,1,4),(0.0255622252725142,0.0327319120813959,0.0763744615232572),
 .UNSPECIFIED.);
#1399=B_SPLINE_CURVE_WITH_KNOTS('',3,(#4768,#4769,#4770,#4771,#4772,#4773),
 .UNSPECIFIED.,.F.,.F.,(4,1,1,4),(-0.0763744615232572,-0.0327319120813959,
-0.0218212747209306,5.55111512312578E-17),.UNSPECIFIED.);
#1400=B_SPLINE_CURVE_WITH_KNOTS('',3,(#4808,#4809,#4810,#4811,#4812),
 .UNSPECIFIED.,.F.,.F.,(4,1,4),(-0.0628296606366339,-0.0314148303183173,
-7.40579827813031E-16),.UNSPECIFIED.);
#1401=B_SPLINE_CURVE_WITH_KNOTS('',3,(#4813,#4814,#4815,#4816,#4817),
 .UNSPECIFIED.,.F.,.F.,(4,1,4),(7.40579827813031E-16,0.0314148303183173,
0.0628296606366339),.UNSPECIFIED.);
#1402=B_SPLINE_CURVE_WITH_KNOTS('',3,(#4852,#4853,#4854,#4855,#4856),
 .UNSPECIFIED.,.F.,.F.,(4,1,4),(-0.062830254912268,-0.0314151274561346,
-1.24129682507139E-15),.UNSPECIFIED.);
#1403=B_SPLINE_CURVE_WITH_KNOTS('',3,(#4857,#4858,#4859,#4860,#4861),
 .UNSPECIFIED.,.F.,.F.,(4,1,4),(1.24129682507139E-15,0.0314151274561346,
0.062830254912268),.UNSPECIFIED.);
#1404=B_SPLINE_CURVE_WITH_KNOTS('',3,(#4900,#4901,#4902,#4903,#4904,#4905,
#4906,#4907,#4908,#4909),.UNSPECIFIED.,.F.,.F.,(4,2,2,2,4),(0.,0.00375491273254692,
0.0141907126057724,0.0242304448986175,0.0243553159719693),.UNSPECIFIED.);
#1405=B_SPLINE_CURVE_WITH_KNOTS('',3,(#4910,#4911,#4912,#4913,#4914,#4915),
 .UNSPECIFIED.,.F.,.F.,(4,1,1,4),(-1.38777878078145E-17,0.0218212747188316,
0.0327319120782474,0.0763744615159105),.UNSPECIFIED.);
#1406=B_SPLINE_CURVE_WITH_KNOTS('',3,(#4916,#4917,#4918,#4919,#4920),
 .UNSPECIFIED.,.F.,.F.,(4,1,4),(-0.0763744615159105,-0.0327319120782474,
-0.0255622346880999),.UNSPECIFIED.);
#1407=B_SPLINE_CURVE_WITH_KNOTS('',3,(#4933,#4934,#4935,#4936,#4937,#4938),
 .UNSPECIFIED.,.F.,.F.,(4,2,4),(0.11811537618053,0.122249438382438,0.126753545077364),
 .UNSPECIFIED.);
#1408=B_SPLINE_CURVE_WITH_KNOTS('',3,(#4941,#4942,#4943,#4944,#4945,#4946),
 .UNSPECIFIED.,.F.,.F.,(4,2,4),(0.126753358524163,0.134731896615501,0.135407342265347),
 .UNSPECIFIED.);
#1409=B_SPLINE_CURVE_WITH_KNOTS('',3,(#4993,#4994,#4995,#4996),
 .UNSPECIFIED.,.F.,.F.,(4,4),(0.0508120115025215,0.206375583266427),
 .UNSPECIFIED.);
#1410=B_SPLINE_CURVE_WITH_KNOTS('',3,(#4999,#5000,#5001,#5002),
 .UNSPECIFIED.,.F.,.F.,(4,4),(-0.206375583266427,-0.0908120319278367),
 .UNSPECIFIED.);
#1411=B_SPLINE_CURVE_WITH_KNOTS('',3,(#5042,#5043,#5044,#5045),
 .UNSPECIFIED.,.F.,.F.,(4,4),(0.0965685916708814,0.212132143004172),
 .UNSPECIFIED.);
#1412=B_SPLINE_CURVE_WITH_KNOTS('',3,(#5046,#5047,#5048,#5049),
 .UNSPECIFIED.,.F.,.F.,(4,4),(-0.212132143004172,-0.0565685712402697),
 .UNSPECIFIED.);
#1413=B_SPLINE_CURVE_WITH_KNOTS('',3,(#5171,#5172,#5173,#5174,#5175),
 .UNSPECIFIED.,.F.,.F.,(4,1,4),(-0.28302604276554,-0.14151302138277,0.),
 .UNSPECIFIED.);
#1414=B_SPLINE_CURVE_WITH_KNOTS('',3,(#5176,#5177,#5178,#5179,#5180),
 .UNSPECIFIED.,.F.,.F.,(4,1,4),(0.,0.14151302138277,0.28302604276554),
 .UNSPECIFIED.);
#1415=B_SPLINE_CURVE_WITH_KNOTS('',3,(#5228,#5229,#5230,#5231),
 .UNSPECIFIED.,.F.,.F.,(4,4),(-0.283026061715125,-0.141513030857563),
 .UNSPECIFIED.);
#1416=B_SPLINE_CURVE_WITH_KNOTS('',3,(#5232,#5233,#5234,#5235),
 .UNSPECIFIED.,.F.,.F.,(4,4),(-0.141513030857563,0.),.UNSPECIFIED.);
#1417=B_SPLINE_CURVE_WITH_KNOTS('',3,(#5236,#5237,#5238,#5239,#5240),
 .UNSPECIFIED.,.F.,.F.,(4,1,4),(0.,0.141513030857563,0.283026061715125),
 .UNSPECIFIED.);
#1418=B_SPLINE_CURVE_WITH_KNOTS('',3,(#5262,#5263,#5264,#5265,#5266,#5267,
#5268,#5269,#5270,#5271),.UNSPECIFIED.,.F.,.F.,(4,2,2,2,4),(0.703562144859789,
0.754604304723564,0.874228297159639,0.993852289595715,1.04489444945949),
 .UNSPECIFIED.);
#1419=B_SPLINE_CURVE_WITH_KNOTS('',3,(#5285,#5286,#5287,#5288,#5289,#5290),
 .UNSPECIFIED.,.F.,.F.,(4,2,4),(0.877159396606719,0.996783389042797,1.04782554890657),
 .UNSPECIFIED.);
#1420=B_SPLINE_CURVE_WITH_KNOTS('',3,(#5291,#5292,#5293,#5294,#5295,#5296),
 .UNSPECIFIED.,.F.,.F.,(4,2,4),(0.706493244306864,0.757535404170641,0.877159396606719),
 .UNSPECIFIED.);
#1421=B_SPLINE_CURVE_WITH_KNOTS('',3,(#5674,#5675,#5676,#5677,#5678,#5679),
 .UNSPECIFIED.,.F.,.F.,(4,2,4),(0.,0.0117562819132911,0.0194026045695579),
 .UNSPECIFIED.);
#1422=B_SPLINE_CURVE_WITH_KNOTS('',3,(#5715,#5716,#5717,#5718,#5719,#5720,
#5721,#5722,#5723,#5724,#5725,#5726,#5727,#5728,#5729,#5730,#5731,#5732,
#5733,#5734,#5735,#5736,#5737,#5738,#5739,#5740,#5741,#5742),
 .UNSPECIFIED.,.F.,.F.,(4,3,3,3,3,3,3,3,3,4),(0.,0.00234297824939497,0.00443561205454274,
0.00534700944796043,0.00699650076322747,0.00805370779457291,0.00953369000949068,
0.0108821877925572,0.0114811152671983,0.0115319350485941),.UNSPECIFIED.);
#1423=B_SPLINE_CURVE_WITH_KNOTS('',3,(#5759,#5760,#5761,#5762,#5763,#5764),
 .UNSPECIFIED.,.F.,.F.,(4,2,4),(0.0505532240038509,0.0581995466601178,0.0699558285734089),
 .UNSPECIFIED.);
#1424=B_SPLINE_CURVE_WITH_KNOTS('',3,(#5805,#5806,#5807,#5808,#5809,#5810,
#5811,#5812,#5813,#5814,#5815,#5816,#5817,#5818,#5819,#5820,#5821,#5822,
#5823,#5824,#5825,#5826,#5827,#5828,#5829,#5830,#5831,#5832,#5833,#5834,
#5835),.UNSPECIFIED.,.F.,.F.,(4,3,3,3,3,3,3,3,3,3,4),(-5.1068616289093E-5,
0.,0.00138714642601382,0.00265085941692422,0.00426067116470953,0.00449154433807238,
0.00530535801855383,0.00730834377278225,0.00821456695340457,0.0105129003206862,
0.0115080837113785),.UNSPECIFIED.);
#1425=VERTEX_POINT('',#4750);
#1426=VERTEX_POINT('',#4751);
#1427=VERTEX_POINT('',#4760);
#1428=VERTEX_POINT('',#4766);
#1429=VERTEX_POINT('',#4775);
#1430=VERTEX_POINT('',#4776);
#1431=VERTEX_POINT('',#4805);
#1432=VERTEX_POINT('',#4806);
#1433=VERTEX_POINT('',#4819);
#1434=VERTEX_POINT('',#4820);
#1435=VERTEX_POINT('',#4849);
#1436=VERTEX_POINT('',#4850);
#1437=VERTEX_POINT('',#4863);
#1438=VERTEX_POINT('',#4864);
#1439=VERTEX_POINT('',#4898);
#1440=VERTEX_POINT('',#4899);
#1441=VERTEX_POINT('',#4922);
#1442=VERTEX_POINT('',#4924);
#1443=VERTEX_POINT('',#4926);
#1444=VERTEX_POINT('',#4928);
#1445=VERTEX_POINT('',#4932);
#1446=VERTEX_POINT('',#4939);
#1447=VERTEX_POINT('',#4950);
#1448=VERTEX_POINT('',#4952);
#1449=VERTEX_POINT('',#4954);
#1450=VERTEX_POINT('',#4956);
#1451=VERTEX_POINT('',#4957);
#1452=VERTEX_POINT('',#4959);
#1453=VERTEX_POINT('',#4961);
#1454=VERTEX_POINT('',#4964);
#1455=VERTEX_POINT('',#4966);
#1456=VERTEX_POINT('',#4968);
#1457=VERTEX_POINT('',#4970);
#1458=VERTEX_POINT('',#4992);
#1459=VERTEX_POINT('',#4997);
#1460=VERTEX_POINT('',#5004);
#1461=VERTEX_POINT('',#5008);
#1462=VERTEX_POINT('',#5009);
#1463=VERTEX_POINT('',#5011);
#1464=VERTEX_POINT('',#5013);
#1465=VERTEX_POINT('',#5058);
#1466=VERTEX_POINT('',#5059);
#1467=VERTEX_POINT('',#5061);
#1468=VERTEX_POINT('',#5067);
#1469=VERTEX_POINT('',#5068);
#1470=VERTEX_POINT('',#5070);
#1471=VERTEX_POINT('',#5076);
#1472=VERTEX_POINT('',#5077);
#1473=VERTEX_POINT('',#5079);
#1474=VERTEX_POINT('',#5085);
#1475=VERTEX_POINT('',#5086);
#1476=VERTEX_POINT('',#5088);
#1477=VERTEX_POINT('',#5094);
#1478=VERTEX_POINT('',#5095);
#1479=VERTEX_POINT('',#5097);
#1480=VERTEX_POINT('',#5101);
#1481=VERTEX_POINT('',#5105);
#1482=VERTEX_POINT('',#5106);
#1483=VERTEX_POINT('',#5108);
#1484=VERTEX_POINT('',#5112);
#1485=VERTEX_POINT('',#5116);
#1486=VERTEX_POINT('',#5118);
#1487=VERTEX_POINT('',#5122);
#1488=VERTEX_POINT('',#5124);
#1489=VERTEX_POINT('',#5126);
#1490=VERTEX_POINT('',#5128);
#1491=VERTEX_POINT('',#5130);
#1492=VERTEX_POINT('',#5132);
#1493=VERTEX_POINT('',#5136);
#1494=VERTEX_POINT('',#5137);
#1495=VERTEX_POINT('',#5139);
#1496=VERTEX_POINT('',#5141);
#1497=VERTEX_POINT('',#5169);
#1498=VERTEX_POINT('',#5182);
#1499=VERTEX_POINT('',#5186);
#1500=VERTEX_POINT('',#5188);
#1501=VERTEX_POINT('',#5192);
#1502=VERTEX_POINT('',#5196);
#1503=VERTEX_POINT('',#5224);
#1504=VERTEX_POINT('',#5225);
#1505=VERTEX_POINT('',#5227);
#1506=VERTEX_POINT('',#5245);
#1507=VERTEX_POINT('',#5247);
#1508=VERTEX_POINT('',#5251);
#1509=VERTEX_POINT('',#5255);
#1510=VERTEX_POINT('',#5256);
#1511=VERTEX_POINT('',#5260);
#1512=VERTEX_POINT('',#5273);
#1513=VERTEX_POINT('',#5275);
#1514=VERTEX_POINT('',#5277);
#1515=VERTEX_POINT('',#5281);
#1516=VERTEX_POINT('',#5283);
#1517=VERTEX_POINT('',#5298);
#1518=VERTEX_POINT('',#5299);
#1519=VERTEX_POINT('',#5304);
#1520=VERTEX_POINT('',#5306);
#1521=VERTEX_POINT('',#5310);
#1522=VERTEX_POINT('',#5317);
#1523=VERTEX_POINT('',#5318);
#1524=VERTEX_POINT('',#5320);
#1525=VERTEX_POINT('',#5322);
#1526=VERTEX_POINT('',#5324);
#1527=VERTEX_POINT('',#5326);
#1528=VERTEX_POINT('',#5329);
#1529=VERTEX_POINT('',#5331);
#1530=VERTEX_POINT('',#5334);
#1531=VERTEX_POINT('',#5335);
#1532=VERTEX_POINT('',#5340);
#1533=VERTEX_POINT('',#5341);
#1534=VERTEX_POINT('',#5343);
#1535=VERTEX_POINT('',#5345);
#1536=VERTEX_POINT('',#5350);
#1537=VERTEX_POINT('',#5355);
#1538=VERTEX_POINT('',#5361);
#1539=VERTEX_POINT('',#5362);
#1540=VERTEX_POINT('',#5365);
#1541=VERTEX_POINT('',#5367);
#1542=VERTEX_POINT('',#5369);
#1543=VERTEX_POINT('',#5371);
#1544=VERTEX_POINT('',#5373);
#1545=VERTEX_POINT('',#5375);
#1546=VERTEX_POINT('',#5377);
#1547=VERTEX_POINT('',#5380);
#1548=VERTEX_POINT('',#5384);
#1549=VERTEX_POINT('',#5388);
#1550=VERTEX_POINT('',#5389);
#1551=VERTEX_POINT('',#5391);
#1552=VERTEX_POINT('',#5393);
#1553=VERTEX_POINT('',#5397);
#1554=VERTEX_POINT('',#5398);
#1555=VERTEX_POINT('',#5403);
#1556=VERTEX_POINT('',#5404);
#1557=VERTEX_POINT('',#5406);
#1558=VERTEX_POINT('',#5408);
#1559=VERTEX_POINT('',#5412);
#1560=VERTEX_POINT('',#5413);
#1561=VERTEX_POINT('',#5421);
#1562=VERTEX_POINT('',#5422);
#1563=VERTEX_POINT('',#5424);
#1564=VERTEX_POINT('',#5426);
#1565=VERTEX_POINT('',#5430);
#1566=VERTEX_POINT('',#5431);
#1567=VERTEX_POINT('',#5436);
#1568=VERTEX_POINT('',#5437);
#1569=VERTEX_POINT('',#5439);
#1570=VERTEX_POINT('',#5441);
#1571=VERTEX_POINT('',#5445);
#1572=VERTEX_POINT('',#5446);
#1573=VERTEX_POINT('',#5454);
#1574=VERTEX_POINT('',#5455);
#1575=VERTEX_POINT('',#5457);
#1576=VERTEX_POINT('',#5459);
#1577=VERTEX_POINT('',#5463);
#1578=VERTEX_POINT('',#5464);
#1579=VERTEX_POINT('',#5469);
#1580=VERTEX_POINT('',#5470);
#1581=VERTEX_POINT('',#5472);
#1582=VERTEX_POINT('',#5474);
#1583=VERTEX_POINT('',#5478);
#1584=VERTEX_POINT('',#5479);
#1585=VERTEX_POINT('',#5505);
#1586=VERTEX_POINT('',#5508);
#1587=VERTEX_POINT('',#5516);
#1588=VERTEX_POINT('',#5517);
#1589=VERTEX_POINT('',#5519);
#1590=VERTEX_POINT('',#5521);
#1591=VERTEX_POINT('',#5525);
#1592=VERTEX_POINT('',#5526);
#1593=VERTEX_POINT('',#5531);
#1594=VERTEX_POINT('',#5532);
#1595=VERTEX_POINT('',#5534);
#1596=VERTEX_POINT('',#5536);
#1597=VERTEX_POINT('',#5540);
#1598=VERTEX_POINT('',#5541);
#1599=VERTEX_POINT('',#5546);
#1600=VERTEX_POINT('',#5547);
#1601=VERTEX_POINT('',#5549);
#1602=VERTEX_POINT('',#5551);
#1603=VERTEX_POINT('',#5555);
#1604=VERTEX_POINT('',#5556);
#1605=VERTEX_POINT('',#5564);
#1606=VERTEX_POINT('',#5565);
#1607=VERTEX_POINT('',#5567);
#1608=VERTEX_POINT('',#5569);
#1609=VERTEX_POINT('',#5573);
#1610=VERTEX_POINT('',#5574);
#1611=VERTEX_POINT('',#5579);
#1612=VERTEX_POINT('',#5580);
#1613=VERTEX_POINT('',#5582);
#1614=VERTEX_POINT('',#5584);
#1615=VERTEX_POINT('',#5588);
#1616=VERTEX_POINT('',#5589);
#1617=VERTEX_POINT('',#5597);
#1618=VERTEX_POINT('',#5598);
#1619=VERTEX_POINT('',#5600);
#1620=VERTEX_POINT('',#5602);
#1621=VERTEX_POINT('',#5606);
#1622=VERTEX_POINT('',#5607);
#1623=VERTEX_POINT('',#5630);
#1624=VERTEX_POINT('',#5641);
#1625=VERTEX_POINT('',#5659);
#1626=VERTEX_POINT('',#5660);
#1627=VERTEX_POINT('',#5662);
#1628=VERTEX_POINT('',#5666);
#1629=VERTEX_POINT('',#5667);
#1630=VERTEX_POINT('',#5672);
#1631=VERTEX_POINT('',#5673);
#1632=VERTEX_POINT('',#5683);
#1633=VERTEX_POINT('',#5684);
#1634=VERTEX_POINT('',#5713);
#1635=VERTEX_POINT('',#5714);
#1636=VERTEX_POINT('',#5746);
#1637=VERTEX_POINT('',#5747);
#1638=VERTEX_POINT('',#5749);
#1639=VERTEX_POINT('',#5753);
#1640=VERTEX_POINT('',#5754);
#1641=VERTEX_POINT('',#5756);
#1642=VERTEX_POINT('',#5758);
#1643=VERTEX_POINT('',#5773);
#1644=VERTEX_POINT('',#5774);
#1645=VERTEX_POINT('',#5803);
#1646=VERTEX_POINT('',#5804);
#1647=VERTEX_POINT('',#5851);
#1648=VERTEX_POINT('',#5852);
#1649=VERTEX_POINT('',#5854);
#1650=VERTEX_POINT('',#5856);
#1651=VERTEX_POINT('',#5860);
#1652=VERTEX_POINT('',#5862);
#1653=VERTEX_POINT('',#5866);
#1654=VERTEX_POINT('',#5868);
#1655=VERTEX_POINT('',#5872);
#1656=VERTEX_POINT('',#5874);
#1657=VERTEX_POINT('',#5878);
#1658=VERTEX_POINT('',#5880);
#1659=VERTEX_POINT('',#5884);
#1660=VERTEX_POINT('',#5886);
#1661=VERTEX_POINT('',#5890);
#1662=VERTEX_POINT('',#5892);
#1663=VERTEX_POINT('',#5896);
#1664=VERTEX_POINT('',#5898);
#1665=VERTEX_POINT('',#5902);
#1666=VERTEX_POINT('',#5904);
#1667=VERTEX_POINT('',#5908);
#1668=VERTEX_POINT('',#5910);
#1669=VERTEX_POINT('',#5914);
#1670=VERTEX_POINT('',#5916);
#1671=VERTEX_POINT('',#5920);
#1672=VERTEX_POINT('',#5922);
#1673=VERTEX_POINT('',#5926);
#1674=VERTEX_POINT('',#5928);
#1675=VERTEX_POINT('',#5936);
#1676=VERTEX_POINT('',#5937);
#1677=VERTEX_POINT('',#5939);
#1678=VERTEX_POINT('',#5941);
#1679=VERTEX_POINT('',#5945);
#1680=VERTEX_POINT('',#5947);
#1681=VERTEX_POINT('',#5951);
#1682=VERTEX_POINT('',#5953);
#1683=VERTEX_POINT('',#5955);
#1684=VERTEX_POINT('',#5957);
#1685=VERTEX_POINT('',#5959);
#1686=VERTEX_POINT('',#5962);
#1687=VERTEX_POINT('',#5964);
#1688=VERTEX_POINT('',#5967);
#1689=VERTEX_POINT('',#5971);
#1690=VERTEX_POINT('',#5975);
#1691=VERTEX_POINT('',#5978);
#1692=VERTEX_POINT('',#5982);
#1693=VERTEX_POINT('',#5987);
#1694=VERTEX_POINT('',#5989);
#1695=VERTEX_POINT('',#5994);
#1696=VERTEX_POINT('',#5999);
#1697=VERTEX_POINT('',#6001);
#1698=VERTEX_POINT('',#6005);
#1699=VERTEX_POINT('',#6008);
#1700=VERTEX_POINT('',#6010);
#1701=VERTEX_POINT('',#6014);
#1702=VERTEX_POINT('',#6017);
#1703=VERTEX_POINT('',#6019);
#1704=VERTEX_POINT('',#6023);
#1705=VERTEX_POINT('',#6026);
#1706=VERTEX_POINT('',#6028);
#1707=VERTEX_POINT('',#6032);
#1708=EDGE_CURVE('',#1425,#1426,#1397,.T.);
#1709=EDGE_CURVE('',#1426,#1427,#1398,.T.);
#1710=EDGE_CURVE('',#1427,#1428,#1189,.T.);
#1711=EDGE_CURVE('',#1428,#1425,#1399,.T.);
#1712=EDGE_CURVE('',#1429,#1430,#1190,.T.);
#1713=EDGE_CURVE('',#1430,#1428,#276,.T.);
#1714=EDGE_CURVE('',#1427,#1429,#277,.T.);
#1715=EDGE_CURVE('',#1431,#1432,#1191,.T.);
#1716=EDGE_CURVE('',#1432,#1430,#1400,.T.);
#1717=EDGE_CURVE('',#1429,#1431,#1401,.T.);
#1718=EDGE_CURVE('',#1433,#1434,#1192,.T.);
#1719=EDGE_CURVE('',#1434,#1432,#1193,.T.);
#1720=EDGE_CURVE('',#1431,#1433,#1194,.T.);
#1721=EDGE_CURVE('',#1435,#1436,#1195,.T.);
#1722=EDGE_CURVE('',#1436,#1434,#1402,.T.);
#1723=EDGE_CURVE('',#1433,#1435,#1403,.T.);
#1724=EDGE_CURVE('',#1437,#1438,#1196,.T.);
#1725=EDGE_CURVE('',#1438,#1436,#278,.T.);
#1726=EDGE_CURVE('',#1435,#1437,#279,.T.);
#1727=EDGE_CURVE('',#1439,#1440,#1404,.T.);
#1728=EDGE_CURVE('',#1440,#1438,#1405,.T.);
#1729=EDGE_CURVE('',#1437,#1439,#1406,.T.);
#1730=EDGE_CURVE('',#1441,#1426,#1197,.T.);
#1731=EDGE_CURVE('',#1442,#1441,#280,.T.);
#1732=EDGE_CURVE('',#1442,#1443,#1198,.T.);
#1733=EDGE_CURVE('',#1444,#1443,#281,.T.);
#1734=EDGE_CURVE('',#1439,#1444,#1199,.T.);
#1735=EDGE_CURVE('',#1444,#1445,#1407,.T.);
#1736=EDGE_CURVE('',#1445,#1446,#1200,.T.);
#1737=EDGE_CURVE('',#1446,#1441,#1408,.T.);
#1738=EDGE_CURVE('',#1425,#1440,#1201,.T.);
#1739=EDGE_CURVE('',#1445,#1446,#1202,.T.);
#1740=EDGE_CURVE('',#1447,#1447,#1203,.T.);
#1741=EDGE_CURVE('',#1448,#1448,#1204,.T.);
#1742=EDGE_CURVE('',#1449,#1449,#1205,.T.);
#1743=EDGE_CURVE('',#1450,#1451,#282,.T.);
#1744=EDGE_CURVE('',#1451,#1452,#283,.T.);
#1745=EDGE_CURVE('',#1452,#1453,#284,.T.);
#1746=EDGE_CURVE('',#1450,#1453,#285,.T.);
#1747=EDGE_CURVE('',#1454,#1454,#1206,.T.);
#1748=EDGE_CURVE('',#1455,#1455,#1207,.T.);
#1749=EDGE_CURVE('',#1456,#1456,#1208,.T.);
#1750=EDGE_CURVE('',#1457,#1457,#1209,.T.);
#1751=EDGE_CURVE('',#1440,#1458,#1409,.T.);
#1752=EDGE_CURVE('',#1458,#1459,#1210,.F.);
#1753=EDGE_CURVE('',#1459,#1438,#1410,.T.);
#1754=EDGE_CURVE('',#1460,#1458,#1211,.F.);
#1755=EDGE_CURVE('',#1459,#1460,#1212,.F.);
#1756=EDGE_CURVE('',#1461,#1462,#1213,.F.);
#1757=EDGE_CURVE('',#1463,#1461,#1214,.T.);
#1758=EDGE_CURVE('',#1464,#1461,#1215,.F.);
#1759=EDGE_CURVE('',#1462,#1464,#1216,.F.);
#1760=EDGE_CURVE('',#1432,#1464,#286,.T.);
#1761=EDGE_CURVE('',#1461,#1430,#287,.T.);
#1762=EDGE_CURVE('',#1458,#1462,#1217,.T.);
#1763=EDGE_CURVE('',#1464,#1460,#1218,.T.);
#1764=EDGE_CURVE('',#1428,#1461,#1411,.T.);
#1765=EDGE_CURVE('',#1462,#1425,#1412,.T.);
#1766=EDGE_CURVE('',#1436,#1459,#288,.T.);
#1767=EDGE_CURVE('',#1460,#1434,#289,.T.);
#1768=EDGE_CURVE('',#1465,#1466,#1219,.T.);
#1769=EDGE_CURVE('',#1467,#1466,#1220,.T.);
#1770=EDGE_CURVE('',#1466,#1465,#1221,.T.);
#1771=EDGE_CURVE('',#1465,#1455,#290,.T.);
#1772=EDGE_CURVE('',#1468,#1469,#1222,.T.);
#1773=EDGE_CURVE('',#1470,#1469,#1223,.T.);
#1774=EDGE_CURVE('',#1469,#1468,#1224,.T.);
#1775=EDGE_CURVE('',#1468,#1457,#291,.T.);
#1776=EDGE_CURVE('',#1471,#1472,#1225,.T.);
#1777=EDGE_CURVE('',#1473,#1472,#1226,.T.);
#1778=EDGE_CURVE('',#1472,#1471,#1227,.T.);
#1779=EDGE_CURVE('',#1471,#1456,#292,.T.);
#1780=EDGE_CURVE('',#1474,#1475,#1228,.T.);
#1781=EDGE_CURVE('',#1476,#1475,#1229,.T.);
#1782=EDGE_CURVE('',#1475,#1474,#1230,.T.);
#1783=EDGE_CURVE('',#1474,#1454,#293,.T.);
#1784=EDGE_CURVE('',#1477,#1478,#1231,.T.);
#1785=EDGE_CURVE('',#1479,#1478,#1232,.T.);
#1786=EDGE_CURVE('',#1478,#1477,#1233,.T.);
#1787=EDGE_CURVE('',#1477,#1480,#294,.T.);
#1788=EDGE_CURVE('',#1480,#1480,#1234,.T.);
#1789=EDGE_CURVE('',#1481,#1482,#1235,.T.);
#1790=EDGE_CURVE('',#1483,#1482,#1236,.T.);
#1791=EDGE_CURVE('',#1482,#1481,#1237,.T.);
#1792=EDGE_CURVE('',#1481,#1484,#295,.T.);
#1793=EDGE_CURVE('',#1484,#1484,#1238,.T.);
#1794=EDGE_CURVE('',#1453,#1485,#1239,.T.);
#1795=EDGE_CURVE('',#1485,#1486,#296,.T.);
#1796=EDGE_CURVE('',#1486,#1450,#1240,.T.);
#1797=EDGE_CURVE('',#1487,#1485,#297,.T.);
#1798=EDGE_CURVE('',#1488,#1487,#1241,.T.);
#1799=EDGE_CURVE('',#1489,#1488,#298,.T.);
#1800=EDGE_CURVE('',#1490,#1489,#299,.T.);
#1801=EDGE_CURVE('',#1491,#1490,#300,.T.);
#1802=EDGE_CURVE('',#1492,#1491,#1242,.T.);
#1803=EDGE_CURVE('',#1486,#1492,#301,.T.);
#1804=EDGE_CURVE('',#1493,#1494,#302,.T.);
#1805=EDGE_CURVE('',#1494,#1495,#1243,.T.);
#1806=EDGE_CURVE('',#1495,#1496,#303,.T.);
#1807=EDGE_CURVE('',#1496,#1493,#29,.T.);
#1808=EDGE_CURVE('',#1497,#1488,#1244,.T.);
#1809=EDGE_CURVE('',#1488,#1495,#1413,.T.);
#1810=EDGE_CURVE('',#1494,#1497,#1414,.T.);
#1811=EDGE_CURVE('',#1497,#1498,#304,.T.);
#1812=EDGE_CURVE('',#1489,#1498,#30,.T.);
#1813=EDGE_CURVE('',#1496,#1499,#305,.T.);
#1814=EDGE_CURVE('',#1499,#1500,#31,.T.);
#1815=EDGE_CURVE('',#1500,#1493,#306,.T.);
#1816=EDGE_CURVE('',#1498,#1501,#307,.T.);
#1817=EDGE_CURVE('',#1501,#1490,#32,.T.);
#1818=EDGE_CURVE('',#1501,#1502,#308,.T.);
#1819=EDGE_CURVE('',#1502,#1491,#1245,.T.);
#1820=EDGE_CURVE('',#1503,#1504,#1246,.T.);
#1821=EDGE_CURVE('',#1504,#1505,#1415,.T.);
#1822=EDGE_CURVE('',#1505,#1491,#1416,.T.);
#1823=EDGE_CURVE('',#1502,#1503,#1417,.T.);
#1824=EDGE_CURVE('',#1499,#1504,#309,.T.);
#1825=EDGE_CURVE('',#1503,#1500,#310,.T.);
#1826=EDGE_CURVE('',#1498,#1506,#311,.T.);
#1827=EDGE_CURVE('',#1507,#1506,#312,.T.);
#1828=EDGE_CURVE('',#1501,#1507,#313,.T.);
#1829=EDGE_CURVE('',#1493,#1508,#314,.T.);
#1830=EDGE_CURVE('',#1506,#1508,#315,.T.);
#1831=EDGE_CURVE('',#1509,#1510,#1247,.T.);
#1832=EDGE_CURVE('',#1510,#1509,#1248,.T.);
#1833=EDGE_CURVE('',#1509,#1505,#1249,.T.);
#1834=EDGE_CURVE('',#1504,#1511,#1250,.T.);
#1835=EDGE_CURVE('',#1492,#1511,#1418,.F.);
#1836=EDGE_CURVE('',#1512,#1495,#1251,.T.);
#1837=EDGE_CURVE('',#1513,#1512,#316,.T.);
#1838=EDGE_CURVE('',#1513,#1514,#317,.T.);
#1839=EDGE_CURVE('',#1511,#1514,#318,.T.);
#1840=EDGE_CURVE('',#1515,#1515,#1252,.T.);
#1841=EDGE_CURVE('',#1515,#1516,#1253,.T.);
#1842=EDGE_CURVE('',#1512,#1516,#1419,.F.);
#1843=EDGE_CURVE('',#1516,#1487,#1420,.F.);
#1844=EDGE_CURVE('',#1517,#1518,#319,.T.);
#1845=EDGE_CURVE('',#1518,#1507,#33,.T.);
#1846=EDGE_CURVE('',#1506,#1517,#34,.T.);
#1847=EDGE_CURVE('',#1519,#1507,#320,.T.);
#1848=EDGE_CURVE('',#1518,#1520,#321,.T.);
#1849=EDGE_CURVE('',#1519,#1520,#35,.T.);
#1850=EDGE_CURVE('',#1521,#1517,#322,.T.);
#1851=EDGE_CURVE('',#1508,#1521,#36,.T.);
#1852=EDGE_CURVE('',#1520,#1521,#323,.T.);
#1853=EDGE_CURVE('',#1508,#1519,#324,.T.);
#1854=EDGE_CURVE('',#1522,#1523,#325,.T.);
#1855=EDGE_CURVE('',#1524,#1522,#37,.T.);
#1856=EDGE_CURVE('',#1525,#1524,#326,.T.);
#1857=EDGE_CURVE('',#1526,#1525,#327,.T.);
#1858=EDGE_CURVE('',#1526,#1527,#328,.T.);
#1859=EDGE_CURVE('',#1523,#1527,#38,.T.);
#1860=EDGE_CURVE('',#1528,#1528,#1254,.T.);
#1861=EDGE_CURVE('',#1529,#1529,#1255,.T.);
#1862=EDGE_CURVE('',#1530,#1531,#329,.T.);
#1863=EDGE_CURVE('',#1531,#1522,#39,.T.);
#1864=EDGE_CURVE('',#1523,#1530,#40,.T.);
#1865=EDGE_CURVE('',#1532,#1533,#330,.T.);
#1866=EDGE_CURVE('',#1533,#1534,#41,.T.);
#1867=EDGE_CURVE('',#1534,#1535,#331,.T.);
#1868=EDGE_CURVE('',#1535,#1532,#42,.T.);
#1869=EDGE_CURVE('',#1531,#1534,#332,.T.);
#1870=EDGE_CURVE('',#1533,#1536,#43,.T.);
#1871=EDGE_CURVE('',#1536,#1524,#333,.T.);
#1872=EDGE_CURVE('',#1535,#1530,#334,.T.);
#1873=EDGE_CURVE('',#1527,#1537,#335,.T.);
#1874=EDGE_CURVE('',#1537,#1532,#44,.T.);
#1875=EDGE_CURVE('',#1537,#1526,#336,.T.);
#1876=EDGE_CURVE('',#1538,#1539,#1256,.T.);
#1877=EDGE_CURVE('',#1538,#1539,#1257,.T.);
#1878=EDGE_CURVE('',#1540,#1540,#1258,.T.);
#1879=EDGE_CURVE('',#1541,#1541,#1259,.T.);
#1880=EDGE_CURVE('',#1542,#1542,#1260,.T.);
#1881=EDGE_CURVE('',#1543,#1543,#1261,.T.);
#1882=EDGE_CURVE('',#1544,#1544,#1262,.T.);
#1883=EDGE_CURVE('',#1545,#1545,#1263,.T.);
#1884=EDGE_CURVE('',#1546,#1546,#1264,.T.);
#1885=EDGE_CURVE('',#1547,#1547,#1265,.T.);
#1886=EDGE_CURVE('',#1547,#1515,#337,.T.);
#1887=EDGE_CURVE('',#1548,#1548,#1266,.T.);
#1888=EDGE_CURVE('',#1548,#1510,#338,.T.);
#1889=EDGE_CURVE('',#1549,#1550,#1267,.T.);
#1890=EDGE_CURVE('',#1551,#1549,#1268,.F.);
#1891=EDGE_CURVE('',#1552,#1551,#1269,.T.);
#1892=EDGE_CURVE('',#1552,#1550,#1270,.T.);
#1893=EDGE_CURVE('',#1553,#1554,#1271,.T.);
#1894=EDGE_CURVE('',#1553,#1551,#339,.T.);
#1895=EDGE_CURVE('',#1549,#1554,#340,.T.);
#1896=EDGE_CURVE('',#1555,#1556,#1272,.T.);
#1897=EDGE_CURVE('',#1557,#1555,#1273,.F.);
#1898=EDGE_CURVE('',#1558,#1557,#1274,.T.);
#1899=EDGE_CURVE('',#1558,#1556,#1275,.T.);
#1900=EDGE_CURVE('',#1559,#1560,#1276,.T.);
#1901=EDGE_CURVE('',#1559,#1557,#341,.T.);
#1902=EDGE_CURVE('',#1555,#1560,#342,.T.);
#1903=EDGE_CURVE('',#1557,#1549,#343,.T.);
#1904=EDGE_CURVE('',#1550,#1558,#344,.T.);
#1905=EDGE_CURVE('',#1561,#1562,#1277,.T.);
#1906=EDGE_CURVE('',#1563,#1561,#1278,.F.);
#1907=EDGE_CURVE('',#1564,#1563,#1279,.T.);
#1908=EDGE_CURVE('',#1564,#1562,#1280,.T.);
#1909=EDGE_CURVE('',#1565,#1566,#1281,.T.);
#1910=EDGE_CURVE('',#1565,#1563,#345,.T.);
#1911=EDGE_CURVE('',#1561,#1566,#346,.T.);
#1912=EDGE_CURVE('',#1567,#1568,#1282,.T.);
#1913=EDGE_CURVE('',#1569,#1567,#1283,.F.);
#1914=EDGE_CURVE('',#1570,#1569,#1284,.T.);
#1915=EDGE_CURVE('',#1570,#1568,#1285,.T.);
#1916=EDGE_CURVE('',#1571,#1572,#1286,.T.);
#1917=EDGE_CURVE('',#1571,#1569,#347,.T.);
#1918=EDGE_CURVE('',#1567,#1572,#348,.T.);
#1919=EDGE_CURVE('',#1569,#1555,#349,.T.);
#1920=EDGE_CURVE('',#1556,#1570,#350,.T.);
#1921=EDGE_CURVE('',#1573,#1574,#1287,.T.);
#1922=EDGE_CURVE('',#1575,#1573,#1288,.F.);
#1923=EDGE_CURVE('',#1576,#1575,#1289,.T.);
#1924=EDGE_CURVE('',#1576,#1574,#1290,.T.);
#1925=EDGE_CURVE('',#1577,#1578,#1291,.T.);
#1926=EDGE_CURVE('',#1577,#1575,#351,.T.);
#1927=EDGE_CURVE('',#1573,#1578,#352,.T.);
#1928=EDGE_CURVE('',#1579,#1580,#1292,.T.);
#1929=EDGE_CURVE('',#1581,#1579,#1293,.F.);
#1930=EDGE_CURVE('',#1582,#1581,#1294,.T.);
#1931=EDGE_CURVE('',#1582,#1580,#1295,.T.);
#1932=EDGE_CURVE('',#1583,#1584,#1296,.T.);
#1933=EDGE_CURVE('',#1583,#1581,#353,.T.);
#1934=EDGE_CURVE('',#1579,#1584,#354,.T.);
#1935=EDGE_CURVE('',#1581,#1567,#355,.T.);
#1936=EDGE_CURVE('',#1568,#1582,#356,.T.);
#1937=EDGE_CURVE('',#1575,#1579,#357,.T.);
#1938=EDGE_CURVE('',#1580,#1576,#358,.T.);
#1939=EDGE_CURVE('',#1563,#1573,#359,.T.);
#1940=EDGE_CURVE('',#1574,#1564,#360,.T.);
#1941=EDGE_CURVE('',#1551,#1561,#361,.T.);
#1942=EDGE_CURVE('',#1562,#1552,#362,.T.);
#1943=EDGE_CURVE('',#1554,#1559,#363,.T.);
#1944=EDGE_CURVE('',#1560,#1571,#364,.T.);
#1945=EDGE_CURVE('',#1572,#1583,#365,.T.);
#1946=EDGE_CURVE('',#1584,#1577,#366,.T.);
#1947=EDGE_CURVE('',#1578,#1565,#367,.T.);
#1948=EDGE_CURVE('',#1566,#1553,#368,.T.);
#1949=EDGE_CURVE('',#1585,#1585,#1297,.T.);
#1950=EDGE_CURVE('',#1586,#1586,#1298,.T.);
#1951=EDGE_CURVE('',#1547,#1586,#1299,.T.);
#1952=EDGE_CURVE('',#1587,#1588,#1300,.T.);
#1953=EDGE_CURVE('',#1589,#1587,#1301,.F.);
#1954=EDGE_CURVE('',#1590,#1589,#1302,.T.);
#1955=EDGE_CURVE('',#1590,#1588,#1303,.T.);
#1956=EDGE_CURVE('',#1591,#1592,#1304,.T.);
#1957=EDGE_CURVE('',#1591,#1589,#369,.T.);
#1958=EDGE_CURVE('',#1587,#1592,#370,.T.);
#1959=EDGE_CURVE('',#1593,#1594,#1305,.T.);
#1960=EDGE_CURVE('',#1595,#1593,#1306,.F.);
#1961=EDGE_CURVE('',#1596,#1595,#1307,.T.);
#1962=EDGE_CURVE('',#1596,#1594,#1308,.T.);
#1963=EDGE_CURVE('',#1597,#1598,#1309,.T.);
#1964=EDGE_CURVE('',#1597,#1595,#371,.T.);
#1965=EDGE_CURVE('',#1593,#1598,#372,.T.);
#1966=EDGE_CURVE('',#1599,#1600,#1310,.T.);
#1967=EDGE_CURVE('',#1601,#1599,#1311,.F.);
#1968=EDGE_CURVE('',#1602,#1601,#1312,.T.);
#1969=EDGE_CURVE('',#1602,#1600,#1313,.T.);
#1970=EDGE_CURVE('',#1603,#1604,#1314,.T.);
#1971=EDGE_CURVE('',#1603,#1601,#373,.T.);
#1972=EDGE_CURVE('',#1599,#1604,#374,.T.);
#1973=EDGE_CURVE('',#1588,#1602,#375,.T.);
#1974=EDGE_CURVE('',#1601,#1587,#376,.T.);
#1975=EDGE_CURVE('',#1605,#1606,#1315,.T.);
#1976=EDGE_CURVE('',#1607,#1605,#1316,.F.);
#1977=EDGE_CURVE('',#1608,#1607,#1317,.T.);
#1978=EDGE_CURVE('',#1608,#1606,#1318,.T.);
#1979=EDGE_CURVE('',#1609,#1610,#1319,.T.);
#1980=EDGE_CURVE('',#1609,#1607,#377,.T.);
#1981=EDGE_CURVE('',#1605,#1610,#378,.T.);
#1982=EDGE_CURVE('',#1611,#1612,#1320,.T.);
#1983=EDGE_CURVE('',#1613,#1611,#1321,.F.);
#1984=EDGE_CURVE('',#1614,#1613,#1322,.T.);
#1985=EDGE_CURVE('',#1614,#1612,#1323,.T.);
#1986=EDGE_CURVE('',#1615,#1616,#1324,.T.);
#1987=EDGE_CURVE('',#1615,#1613,#379,.T.);
#1988=EDGE_CURVE('',#1611,#1616,#380,.T.);
#1989=EDGE_CURVE('',#1600,#1614,#381,.T.);
#1990=EDGE_CURVE('',#1613,#1599,#382,.T.);
#1991=EDGE_CURVE('',#1617,#1618,#1325,.T.);
#1992=EDGE_CURVE('',#1619,#1617,#1326,.F.);
#1993=EDGE_CURVE('',#1620,#1619,#1327,.T.);
#1994=EDGE_CURVE('',#1620,#1618,#1328,.T.);
#1995=EDGE_CURVE('',#1621,#1622,#1329,.T.);
#1996=EDGE_CURVE('',#1621,#1619,#383,.T.);
#1997=EDGE_CURVE('',#1617,#1622,#384,.T.);
#1998=EDGE_CURVE('',#1612,#1620,#385,.T.);
#1999=EDGE_CURVE('',#1619,#1611,#386,.T.);
#2000=EDGE_CURVE('',#1618,#1608,#387,.T.);
#2001=EDGE_CURVE('',#1607,#1617,#388,.T.);
#2002=EDGE_CURVE('',#1606,#1596,#389,.T.);
#2003=EDGE_CURVE('',#1595,#1605,#390,.T.);
#2004=EDGE_CURVE('',#1594,#1590,#391,.T.);
#2005=EDGE_CURVE('',#1589,#1593,#392,.T.);
#2006=EDGE_CURVE('',#1592,#1603,#393,.T.);
#2007=EDGE_CURVE('',#1604,#1615,#394,.T.);
#2008=EDGE_CURVE('',#1616,#1621,#395,.T.);
#2009=EDGE_CURVE('',#1623,#1623,#1330,.T.);
#2010=EDGE_CURVE('',#1623,#1548,#1331,.T.);
#2011=EDGE_CURVE('',#1622,#1609,#396,.T.);
#2012=EDGE_CURVE('',#1610,#1597,#397,.T.);
#2013=EDGE_CURVE('',#1598,#1591,#398,.T.);
#2014=EDGE_CURVE('',#1624,#1624,#1332,.T.);
#2015=EDGE_CURVE('',#1624,#1528,#399,.T.);
#2016=EDGE_CURVE('',#1585,#1529,#400,.T.);
#2017=EDGE_CURVE('',#1500,#1519,#401,.T.);
#2018=EDGE_CURVE('',#1536,#1525,#402,.T.);
#2019=EDGE_CURVE('',#1514,#1451,#403,.T.);
#2020=EDGE_CURVE('',#1452,#1513,#404,.T.);
#2021=EDGE_CURVE('',#1625,#1626,#1333,.F.);
#2022=EDGE_CURVE('',#1627,#1625,#1334,.F.);
#2023=EDGE_CURVE('',#1626,#1627,#1335,.F.);
#2024=EDGE_CURVE('',#1628,#1629,#1336,.T.);
#2025=EDGE_CURVE('',#1629,#1627,#405,.T.);
#2026=EDGE_CURVE('',#1625,#1628,#406,.T.);
#2027=EDGE_CURVE('',#1630,#1631,#1421,.F.);
#2028=EDGE_CURVE('',#1631,#1629,#1337,.T.);
#2029=EDGE_CURVE('',#1628,#1630,#1338,.T.);
#2030=EDGE_CURVE('',#1632,#1633,#1339,.T.);
#2031=EDGE_CURVE('',#1633,#1626,#407,.T.);
#2032=EDGE_CURVE('',#1627,#1632,#408,.T.);
#2033=EDGE_CURVE('',#1634,#1635,#1422,.F.);
#2034=EDGE_CURVE('',#1635,#1633,#45,.T.);
#2035=EDGE_CURVE('',#1632,#1634,#46,.T.);
#2036=EDGE_CURVE('',#1636,#1637,#1340,.F.);
#2037=EDGE_CURVE('',#1638,#1636,#1341,.F.);
#2038=EDGE_CURVE('',#1637,#1638,#1342,.F.);
#2039=EDGE_CURVE('',#1639,#1640,#1343,.T.);
#2040=EDGE_CURVE('',#1640,#1641,#1344,.T.);
#2041=EDGE_CURVE('',#1641,#1642,#1423,.F.);
#2042=EDGE_CURVE('',#1642,#1639,#1345,.T.);
#2043=EDGE_CURVE('',#1636,#1640,#409,.T.);
#2044=EDGE_CURVE('',#1639,#1638,#410,.T.);
#2045=EDGE_CURVE('',#1626,#1637,#411,.T.);
#2046=EDGE_CURVE('',#1638,#1625,#412,.T.);
#2047=EDGE_CURVE('',#1643,#1644,#1346,.T.);
#2048=EDGE_CURVE('',#1644,#1636,#413,.T.);
#2049=EDGE_CURVE('',#1637,#1643,#414,.T.);
#2050=EDGE_CURVE('',#1645,#1646,#1424,.F.);
#2051=EDGE_CURVE('',#1646,#1644,#47,.T.);
#2052=EDGE_CURVE('',#1643,#1645,#48,.T.);
#2053=EDGE_CURVE('',#1630,#1642,#415,.T.);
#2054=EDGE_CURVE('',#1640,#1644,#416,.T.);
#2055=EDGE_CURVE('',#1646,#1641,#417,.T.);
#2056=EDGE_CURVE('',#1631,#1634,#418,.T.);
#2057=EDGE_CURVE('',#1632,#1629,#419,.T.);
#2058=EDGE_CURVE('',#1645,#1635,#420,.T.);
#2059=EDGE_CURVE('',#1647,#1648,#1347,.T.);
#2060=EDGE_CURVE('',#1647,#1649,#421,.T.);
#2061=EDGE_CURVE('',#1650,#1649,#1348,.T.);
#2062=EDGE_CURVE('',#1648,#1650,#422,.T.);
#2063=EDGE_CURVE('',#1648,#1651,#423,.T.);
#2064=EDGE_CURVE('',#1652,#1650,#424,.T.);
#2065=EDGE_CURVE('',#1651,#1652,#425,.T.);
#2066=EDGE_CURVE('',#1651,#1653,#1349,.T.);
#2067=EDGE_CURVE('',#1654,#1652,#1350,.T.);
#2068=EDGE_CURVE('',#1653,#1654,#426,.T.);
#2069=EDGE_CURVE('',#1653,#1655,#427,.T.);
#2070=EDGE_CURVE('',#1656,#1654,#428,.T.);
#2071=EDGE_CURVE('',#1655,#1656,#429,.T.);
#2072=EDGE_CURVE('',#1655,#1657,#430,.T.);
#2073=EDGE_CURVE('',#1658,#1656,#431,.T.);
#2074=EDGE_CURVE('',#1657,#1658,#432,.T.);
#2075=EDGE_CURVE('',#1657,#1659,#433,.T.);
#2076=EDGE_CURVE('',#1660,#1658,#434,.T.);
#2077=EDGE_CURVE('',#1659,#1660,#435,.T.);
#2078=EDGE_CURVE('',#1659,#1661,#1351,.T.);
#2079=EDGE_CURVE('',#1662,#1660,#1352,.T.);
#2080=EDGE_CURVE('',#1661,#1662,#436,.T.);
#2081=EDGE_CURVE('',#1661,#1663,#437,.T.);
#2082=EDGE_CURVE('',#1664,#1662,#438,.T.);
#2083=EDGE_CURVE('',#1663,#1664,#439,.T.);
#2084=EDGE_CURVE('',#1663,#1665,#1353,.T.);
#2085=EDGE_CURVE('',#1666,#1664,#1354,.T.);
#2086=EDGE_CURVE('',#1665,#1666,#440,.T.);
#2087=EDGE_CURVE('',#1665,#1667,#441,.T.);
#2088=EDGE_CURVE('',#1668,#1666,#442,.T.);
#2089=EDGE_CURVE('',#1667,#1668,#443,.T.);
#2090=EDGE_CURVE('',#1667,#1669,#1355,.T.);
#2091=EDGE_CURVE('',#1670,#1668,#1356,.T.);
#2092=EDGE_CURVE('',#1669,#1670,#444,.T.);
#2093=EDGE_CURVE('',#1669,#1671,#445,.T.);
#2094=EDGE_CURVE('',#1672,#1670,#446,.T.);
#2095=EDGE_CURVE('',#1671,#1672,#447,.T.);
#2096=EDGE_CURVE('',#1671,#1673,#1357,.T.);
#2097=EDGE_CURVE('',#1674,#1672,#1358,.T.);
#2098=EDGE_CURVE('',#1673,#1674,#448,.T.);
#2099=EDGE_CURVE('',#1673,#1647,#449,.T.);
#2100=EDGE_CURVE('',#1649,#1674,#450,.T.);
#2101=EDGE_CURVE('',#1675,#1676,#1359,.T.);
#2102=EDGE_CURVE('',#1676,#1677,#451,.T.);
#2103=EDGE_CURVE('',#1677,#1678,#1360,.T.);
#2104=EDGE_CURVE('',#1678,#1675,#452,.T.);
#2105=EDGE_CURVE('',#1676,#1679,#453,.T.);
#2106=EDGE_CURVE('',#1680,#1679,#454,.T.);
#2107=EDGE_CURVE('',#1680,#1677,#455,.T.);
#2108=EDGE_CURVE('',#1681,#1675,#456,.T.);
#2109=EDGE_CURVE('',#1681,#1682,#1361,.T.);
#2110=EDGE_CURVE('',#1682,#1683,#1362,.T.);
#2111=EDGE_CURVE('',#1683,#1684,#1363,.T.);
#2112=EDGE_CURVE('',#1685,#1684,#457,.T.);
#2113=EDGE_CURVE('',#1679,#1685,#1364,.T.);
#2114=EDGE_CURVE('',#1686,#1686,#1365,.T.);
#2115=EDGE_CURVE('',#1687,#1687,#1366,.T.);
#2116=EDGE_CURVE('',#1685,#1688,#458,.T.);
#2117=EDGE_CURVE('',#1688,#1680,#1367,.T.);
#2118=EDGE_CURVE('',#1689,#1684,#459,.T.);
#2119=EDGE_CURVE('',#1689,#1688,#460,.T.);
#2120=EDGE_CURVE('',#1690,#1690,#1368,.T.);
#2121=EDGE_CURVE('',#1691,#1691,#1369,.T.);
#2122=EDGE_CURVE('',#1691,#1690,#461,.T.);
#2123=EDGE_CURVE('',#1692,#1692,#1370,.T.);
#2124=EDGE_CURVE('',#1692,#1687,#462,.T.);
#2125=EDGE_CURVE('',#1693,#1693,#1371,.T.);
#2126=EDGE_CURVE('',#1693,#1694,#463,.T.);
#2127=EDGE_CURVE('',#1694,#1694,#1372,.T.);
#2128=EDGE_CURVE('',#1695,#1695,#1373,.T.);
#2129=EDGE_CURVE('',#1695,#1686,#464,.T.);
#2130=EDGE_CURVE('',#1696,#1696,#1374,.T.);
#2131=EDGE_CURVE('',#1696,#1697,#465,.T.);
#2132=EDGE_CURVE('',#1697,#1697,#1375,.T.);
#2133=EDGE_CURVE('',#1698,#1698,#1376,.T.);
#2134=EDGE_CURVE('',#1699,#1699,#1377,.T.);
#2135=EDGE_CURVE('',#1699,#1700,#466,.T.);
#2136=EDGE_CURVE('',#1700,#1700,#1378,.T.);
#2137=EDGE_CURVE('',#1701,#1701,#1379,.T.);
#2138=EDGE_CURVE('',#1702,#1702,#1380,.T.);
#2139=EDGE_CURVE('',#1702,#1703,#467,.T.);
#2140=EDGE_CURVE('',#1703,#1703,#1381,.T.);
#2141=EDGE_CURVE('',#1704,#1704,#1382,.T.);
#2142=EDGE_CURVE('',#1705,#1705,#1383,.T.);
#2143=EDGE_CURVE('',#1705,#1706,#468,.T.);
#2144=EDGE_CURVE('',#1706,#1706,#1384,.T.);
#2145=EDGE_CURVE('',#1707,#1707,#1385,.T.);
#2146=EDGE_CURVE('',#1698,#1546,#469,.T.);
#2147=EDGE_CURVE('',#1701,#1545,#470,.T.);
#2148=EDGE_CURVE('',#1704,#1544,#471,.T.);
#2149=EDGE_CURVE('',#1707,#1543,#472,.T.);
#2150=EDGE_CURVE('',#1678,#1442,#473,.T.);
#2151=EDGE_CURVE('',#1681,#1442,#474,.T.);
#2152=EDGE_CURVE('',#1443,#1689,#1386,.T.);
#2153=EDGE_CURVE('',#1538,#1683,#475,.T.);
#2154=EDGE_CURVE('',#1539,#1682,#476,.T.);
#2155=EDGE_CURVE('',#1447,#1542,#477,.T.);
#2156=EDGE_CURVE('',#1448,#1541,#478,.T.);
#2157=EDGE_CURVE('',#1449,#1540,#479,.T.);
#2158=ORIENTED_EDGE('',*,*,#1708,.T.);
#2159=ORIENTED_EDGE('',*,*,#1709,.T.);
#2160=ORIENTED_EDGE('',*,*,#1710,.T.);
#2161=ORIENTED_EDGE('',*,*,#1711,.T.);
#2162=ORIENTED_EDGE('',*,*,#1712,.T.);
#2163=ORIENTED_EDGE('',*,*,#1713,.T.);
#2164=ORIENTED_EDGE('',*,*,#1710,.F.);
#2165=ORIENTED_EDGE('',*,*,#1714,.T.);
#2166=ORIENTED_EDGE('',*,*,#1715,.T.);
#2167=ORIENTED_EDGE('',*,*,#1716,.T.);
#2168=ORIENTED_EDGE('',*,*,#1712,.F.);
#2169=ORIENTED_EDGE('',*,*,#1717,.T.);
#2170=ORIENTED_EDGE('',*,*,#1718,.T.);
#2171=ORIENTED_EDGE('',*,*,#1719,.T.);
#2172=ORIENTED_EDGE('',*,*,#1715,.F.);
#2173=ORIENTED_EDGE('',*,*,#1720,.T.);
#2174=ORIENTED_EDGE('',*,*,#1721,.T.);
#2175=ORIENTED_EDGE('',*,*,#1722,.T.);
#2176=ORIENTED_EDGE('',*,*,#1718,.F.);
#2177=ORIENTED_EDGE('',*,*,#1723,.T.);
#2178=ORIENTED_EDGE('',*,*,#1724,.T.);
#2179=ORIENTED_EDGE('',*,*,#1725,.T.);
#2180=ORIENTED_EDGE('',*,*,#1721,.F.);
#2181=ORIENTED_EDGE('',*,*,#1726,.T.);
#2182=ORIENTED_EDGE('',*,*,#1727,.T.);
#2183=ORIENTED_EDGE('',*,*,#1728,.T.);
#2184=ORIENTED_EDGE('',*,*,#1724,.F.);
#2185=ORIENTED_EDGE('',*,*,#1729,.T.);
#2186=ORIENTED_EDGE('',*,*,#1729,.F.);
#2187=ORIENTED_EDGE('',*,*,#1726,.F.);
#2188=ORIENTED_EDGE('',*,*,#1723,.F.);
#2189=ORIENTED_EDGE('',*,*,#1720,.F.);
#2190=ORIENTED_EDGE('',*,*,#1717,.F.);
#2191=ORIENTED_EDGE('',*,*,#1714,.F.);
#2192=ORIENTED_EDGE('',*,*,#1709,.F.);
#2193=ORIENTED_EDGE('',*,*,#1730,.F.);
#2194=ORIENTED_EDGE('',*,*,#1731,.F.);
#2195=ORIENTED_EDGE('',*,*,#1732,.T.);
#2196=ORIENTED_EDGE('',*,*,#1733,.F.);
#2197=ORIENTED_EDGE('',*,*,#1734,.F.);
#2198=ORIENTED_EDGE('',*,*,#1735,.T.);
#2199=ORIENTED_EDGE('',*,*,#1736,.T.);
#2200=ORIENTED_EDGE('',*,*,#1737,.T.);
#2201=ORIENTED_EDGE('',*,*,#1730,.T.);
#2202=ORIENTED_EDGE('',*,*,#1708,.F.);
#2203=ORIENTED_EDGE('',*,*,#1738,.T.);
#2204=ORIENTED_EDGE('',*,*,#1727,.F.);
#2205=ORIENTED_EDGE('',*,*,#1734,.T.);
#2206=ORIENTED_EDGE('',*,*,#1736,.F.);
#2207=ORIENTED_EDGE('',*,*,#1739,.T.);
#2208=ORIENTED_EDGE('',*,*,#1740,.T.);
#2209=ORIENTED_EDGE('',*,*,#1741,.T.);
#2210=ORIENTED_EDGE('',*,*,#1742,.T.);
#2211=ORIENTED_EDGE('',*,*,#1743,.T.);
#2212=ORIENTED_EDGE('',*,*,#1744,.T.);
#2213=ORIENTED_EDGE('',*,*,#1745,.T.);
#2214=ORIENTED_EDGE('',*,*,#1746,.F.);
#2215=ORIENTED_EDGE('',*,*,#1747,.T.);
#2216=ORIENTED_EDGE('',*,*,#1748,.T.);
#2217=ORIENTED_EDGE('',*,*,#1749,.T.);
#2218=ORIENTED_EDGE('',*,*,#1750,.T.);
#2219=ORIENTED_EDGE('',*,*,#1728,.F.);
#2220=ORIENTED_EDGE('',*,*,#1751,.T.);
#2221=ORIENTED_EDGE('',*,*,#1752,.T.);
#2222=ORIENTED_EDGE('',*,*,#1753,.T.);
#2223=ORIENTED_EDGE('',*,*,#1752,.F.);
#2224=ORIENTED_EDGE('',*,*,#1754,.F.);
#2225=ORIENTED_EDGE('',*,*,#1755,.F.);
#2226=ORIENTED_EDGE('',*,*,#1756,.F.);
#2227=ORIENTED_EDGE('',*,*,#1757,.F.);
#2228=ORIENTED_EDGE('',*,*,#1757,.T.);
#2229=ORIENTED_EDGE('',*,*,#1758,.F.);
#2230=ORIENTED_EDGE('',*,*,#1759,.F.);
#2231=ORIENTED_EDGE('',*,*,#1716,.F.);
#2232=ORIENTED_EDGE('',*,*,#1760,.T.);
#2233=ORIENTED_EDGE('',*,*,#1758,.T.);
#2234=ORIENTED_EDGE('',*,*,#1761,.T.);
#2235=ORIENTED_EDGE('',*,*,#1754,.T.);
#2236=ORIENTED_EDGE('',*,*,#1762,.T.);
#2237=ORIENTED_EDGE('',*,*,#1759,.T.);
#2238=ORIENTED_EDGE('',*,*,#1763,.T.);
#2239=ORIENTED_EDGE('',*,*,#1711,.F.);
#2240=ORIENTED_EDGE('',*,*,#1764,.T.);
#2241=ORIENTED_EDGE('',*,*,#1756,.T.);
#2242=ORIENTED_EDGE('',*,*,#1765,.T.);
#2243=ORIENTED_EDGE('',*,*,#1722,.F.);
#2244=ORIENTED_EDGE('',*,*,#1766,.T.);
#2245=ORIENTED_EDGE('',*,*,#1755,.T.);
#2246=ORIENTED_EDGE('',*,*,#1767,.T.);
#2247=ORIENTED_EDGE('',*,*,#1713,.F.);
#2248=ORIENTED_EDGE('',*,*,#1761,.F.);
#2249=ORIENTED_EDGE('',*,*,#1764,.F.);
#2250=ORIENTED_EDGE('',*,*,#1738,.F.);
#2251=ORIENTED_EDGE('',*,*,#1765,.F.);
#2252=ORIENTED_EDGE('',*,*,#1762,.F.);
#2253=ORIENTED_EDGE('',*,*,#1751,.F.);
#2254=ORIENTED_EDGE('',*,*,#1719,.F.);
#2255=ORIENTED_EDGE('',*,*,#1767,.F.);
#2256=ORIENTED_EDGE('',*,*,#1763,.F.);
#2257=ORIENTED_EDGE('',*,*,#1760,.F.);
#2258=ORIENTED_EDGE('',*,*,#1725,.F.);
#2259=ORIENTED_EDGE('',*,*,#1753,.F.);
#2260=ORIENTED_EDGE('',*,*,#1766,.F.);
#2261=ORIENTED_EDGE('',*,*,#1768,.T.);
#2262=ORIENTED_EDGE('',*,*,#1769,.F.);
#2263=ORIENTED_EDGE('',*,*,#1769,.T.);
#2264=ORIENTED_EDGE('',*,*,#1770,.T.);
#2265=ORIENTED_EDGE('',*,*,#1768,.F.);
#2266=ORIENTED_EDGE('',*,*,#1771,.T.);
#2267=ORIENTED_EDGE('',*,*,#1748,.F.);
#2268=ORIENTED_EDGE('',*,*,#1771,.F.);
#2269=ORIENTED_EDGE('',*,*,#1770,.F.);
#2270=ORIENTED_EDGE('',*,*,#1772,.T.);
#2271=ORIENTED_EDGE('',*,*,#1773,.F.);
#2272=ORIENTED_EDGE('',*,*,#1773,.T.);
#2273=ORIENTED_EDGE('',*,*,#1774,.T.);
#2274=ORIENTED_EDGE('',*,*,#1772,.F.);
#2275=ORIENTED_EDGE('',*,*,#1775,.T.);
#2276=ORIENTED_EDGE('',*,*,#1750,.F.);
#2277=ORIENTED_EDGE('',*,*,#1775,.F.);
#2278=ORIENTED_EDGE('',*,*,#1774,.F.);
#2279=ORIENTED_EDGE('',*,*,#1776,.T.);
#2280=ORIENTED_EDGE('',*,*,#1777,.F.);
#2281=ORIENTED_EDGE('',*,*,#1777,.T.);
#2282=ORIENTED_EDGE('',*,*,#1778,.T.);
#2283=ORIENTED_EDGE('',*,*,#1776,.F.);
#2284=ORIENTED_EDGE('',*,*,#1779,.T.);
#2285=ORIENTED_EDGE('',*,*,#1749,.F.);
#2286=ORIENTED_EDGE('',*,*,#1779,.F.);
#2287=ORIENTED_EDGE('',*,*,#1778,.F.);
#2288=ORIENTED_EDGE('',*,*,#1780,.T.);
#2289=ORIENTED_EDGE('',*,*,#1781,.F.);
#2290=ORIENTED_EDGE('',*,*,#1781,.T.);
#2291=ORIENTED_EDGE('',*,*,#1782,.T.);
#2292=ORIENTED_EDGE('',*,*,#1780,.F.);
#2293=ORIENTED_EDGE('',*,*,#1783,.T.);
#2294=ORIENTED_EDGE('',*,*,#1747,.F.);
#2295=ORIENTED_EDGE('',*,*,#1783,.F.);
#2296=ORIENTED_EDGE('',*,*,#1782,.F.);
#2297=ORIENTED_EDGE('',*,*,#1784,.T.);
#2298=ORIENTED_EDGE('',*,*,#1785,.F.);
#2299=ORIENTED_EDGE('',*,*,#1785,.T.);
#2300=ORIENTED_EDGE('',*,*,#1786,.T.);
#2301=ORIENTED_EDGE('',*,*,#1784,.F.);
#2302=ORIENTED_EDGE('',*,*,#1787,.T.);
#2303=ORIENTED_EDGE('',*,*,#1788,.F.);
#2304=ORIENTED_EDGE('',*,*,#1787,.F.);
#2305=ORIENTED_EDGE('',*,*,#1786,.F.);
#2306=ORIENTED_EDGE('',*,*,#1789,.T.);
#2307=ORIENTED_EDGE('',*,*,#1790,.F.);
#2308=ORIENTED_EDGE('',*,*,#1790,.T.);
#2309=ORIENTED_EDGE('',*,*,#1791,.T.);
#2310=ORIENTED_EDGE('',*,*,#1789,.F.);
#2311=ORIENTED_EDGE('',*,*,#1792,.T.);
#2312=ORIENTED_EDGE('',*,*,#1793,.F.);
#2313=ORIENTED_EDGE('',*,*,#1792,.F.);
#2314=ORIENTED_EDGE('',*,*,#1791,.F.);
#2315=ORIENTED_EDGE('',*,*,#1794,.T.);
#2316=ORIENTED_EDGE('',*,*,#1795,.T.);
#2317=ORIENTED_EDGE('',*,*,#1796,.T.);
#2318=ORIENTED_EDGE('',*,*,#1746,.T.);
#2319=ORIENTED_EDGE('',*,*,#1795,.F.);
#2320=ORIENTED_EDGE('',*,*,#1797,.F.);
#2321=ORIENTED_EDGE('',*,*,#1798,.F.);
#2322=ORIENTED_EDGE('',*,*,#1799,.F.);
#2323=ORIENTED_EDGE('',*,*,#1800,.F.);
#2324=ORIENTED_EDGE('',*,*,#1801,.F.);
#2325=ORIENTED_EDGE('',*,*,#1802,.F.);
#2326=ORIENTED_EDGE('',*,*,#1803,.F.);
#2327=ORIENTED_EDGE('',*,*,#1804,.T.);
#2328=ORIENTED_EDGE('',*,*,#1805,.T.);
#2329=ORIENTED_EDGE('',*,*,#1806,.T.);
#2330=ORIENTED_EDGE('',*,*,#1807,.T.);
#2331=ORIENTED_EDGE('',*,*,#1808,.T.);
#2332=ORIENTED_EDGE('',*,*,#1809,.T.);
#2333=ORIENTED_EDGE('',*,*,#1805,.F.);
#2334=ORIENTED_EDGE('',*,*,#1810,.T.);
#2335=ORIENTED_EDGE('',*,*,#1799,.T.);
#2336=ORIENTED_EDGE('',*,*,#1808,.F.);
#2337=ORIENTED_EDGE('',*,*,#1811,.T.);
#2338=ORIENTED_EDGE('',*,*,#1812,.F.);
#2339=ORIENTED_EDGE('',*,*,#1813,.T.);
#2340=ORIENTED_EDGE('',*,*,#1814,.T.);
#2341=ORIENTED_EDGE('',*,*,#1815,.T.);
#2342=ORIENTED_EDGE('',*,*,#1807,.F.);
#2343=ORIENTED_EDGE('',*,*,#1816,.T.);
#2344=ORIENTED_EDGE('',*,*,#1817,.T.);
#2345=ORIENTED_EDGE('',*,*,#1800,.T.);
#2346=ORIENTED_EDGE('',*,*,#1812,.T.);
#2347=ORIENTED_EDGE('',*,*,#1818,.T.);
#2348=ORIENTED_EDGE('',*,*,#1819,.T.);
#2349=ORIENTED_EDGE('',*,*,#1801,.T.);
#2350=ORIENTED_EDGE('',*,*,#1817,.F.);
#2351=ORIENTED_EDGE('',*,*,#1820,.T.);
#2352=ORIENTED_EDGE('',*,*,#1821,.T.);
#2353=ORIENTED_EDGE('',*,*,#1822,.T.);
#2354=ORIENTED_EDGE('',*,*,#1819,.F.);
#2355=ORIENTED_EDGE('',*,*,#1823,.T.);
#2356=ORIENTED_EDGE('',*,*,#1824,.T.);
#2357=ORIENTED_EDGE('',*,*,#1820,.F.);
#2358=ORIENTED_EDGE('',*,*,#1825,.T.);
#2359=ORIENTED_EDGE('',*,*,#1814,.F.);
#2360=ORIENTED_EDGE('',*,*,#1816,.F.);
#2361=ORIENTED_EDGE('',*,*,#1826,.T.);
#2362=ORIENTED_EDGE('',*,*,#1827,.F.);
#2363=ORIENTED_EDGE('',*,*,#1828,.F.);
#2364=ORIENTED_EDGE('',*,*,#1811,.F.);
#2365=ORIENTED_EDGE('',*,*,#1810,.F.);
#2366=ORIENTED_EDGE('',*,*,#1804,.F.);
#2367=ORIENTED_EDGE('',*,*,#1829,.T.);
#2368=ORIENTED_EDGE('',*,*,#1830,.F.);
#2369=ORIENTED_EDGE('',*,*,#1826,.F.);
#2370=ORIENTED_EDGE('',*,*,#1831,.T.);
#2371=ORIENTED_EDGE('',*,*,#1832,.T.);
#2372=ORIENTED_EDGE('',*,*,#1833,.T.);
#2373=ORIENTED_EDGE('',*,*,#1821,.F.);
#2374=ORIENTED_EDGE('',*,*,#1834,.T.);
#2375=ORIENTED_EDGE('',*,*,#1835,.F.);
#2376=ORIENTED_EDGE('',*,*,#1802,.T.);
#2377=ORIENTED_EDGE('',*,*,#1822,.F.);
#2378=ORIENTED_EDGE('',*,*,#1833,.F.);
#2379=ORIENTED_EDGE('',*,*,#1824,.F.);
#2380=ORIENTED_EDGE('',*,*,#1813,.F.);
#2381=ORIENTED_EDGE('',*,*,#1806,.F.);
#2382=ORIENTED_EDGE('',*,*,#1836,.F.);
#2383=ORIENTED_EDGE('',*,*,#1837,.F.);
#2384=ORIENTED_EDGE('',*,*,#1838,.T.);
#2385=ORIENTED_EDGE('',*,*,#1839,.F.);
#2386=ORIENTED_EDGE('',*,*,#1834,.F.);
#2387=ORIENTED_EDGE('',*,*,#1840,.T.);
#2388=ORIENTED_EDGE('',*,*,#1841,.T.);
#2389=ORIENTED_EDGE('',*,*,#1842,.F.);
#2390=ORIENTED_EDGE('',*,*,#1836,.T.);
#2391=ORIENTED_EDGE('',*,*,#1809,.F.);
#2392=ORIENTED_EDGE('',*,*,#1798,.T.);
#2393=ORIENTED_EDGE('',*,*,#1843,.F.);
#2394=ORIENTED_EDGE('',*,*,#1841,.F.);
#2395=ORIENTED_EDGE('',*,*,#1844,.T.);
#2396=ORIENTED_EDGE('',*,*,#1845,.T.);
#2397=ORIENTED_EDGE('',*,*,#1827,.T.);
#2398=ORIENTED_EDGE('',*,*,#1846,.T.);
#2399=ORIENTED_EDGE('',*,*,#1847,.T.);
#2400=ORIENTED_EDGE('',*,*,#1845,.F.);
#2401=ORIENTED_EDGE('',*,*,#1848,.T.);
#2402=ORIENTED_EDGE('',*,*,#1849,.F.);
#2403=ORIENTED_EDGE('',*,*,#1850,.T.);
#2404=ORIENTED_EDGE('',*,*,#1846,.F.);
#2405=ORIENTED_EDGE('',*,*,#1830,.T.);
#2406=ORIENTED_EDGE('',*,*,#1851,.T.);
#2407=ORIENTED_EDGE('',*,*,#1852,.T.);
#2408=ORIENTED_EDGE('',*,*,#1851,.F.);
#2409=ORIENTED_EDGE('',*,*,#1853,.T.);
#2410=ORIENTED_EDGE('',*,*,#1849,.T.);
#2411=ORIENTED_EDGE('',*,*,#1854,.F.);
#2412=ORIENTED_EDGE('',*,*,#1855,.F.);
#2413=ORIENTED_EDGE('',*,*,#1856,.F.);
#2414=ORIENTED_EDGE('',*,*,#1857,.F.);
#2415=ORIENTED_EDGE('',*,*,#1858,.T.);
#2416=ORIENTED_EDGE('',*,*,#1859,.F.);
#2417=ORIENTED_EDGE('',*,*,#1860,.T.);
#2418=ORIENTED_EDGE('',*,*,#1861,.T.);
#2419=ORIENTED_EDGE('',*,*,#1844,.F.);
#2420=ORIENTED_EDGE('',*,*,#1850,.F.);
#2421=ORIENTED_EDGE('',*,*,#1852,.F.);
#2422=ORIENTED_EDGE('',*,*,#1848,.F.);
#2423=ORIENTED_EDGE('',*,*,#1862,.T.);
#2424=ORIENTED_EDGE('',*,*,#1863,.T.);
#2425=ORIENTED_EDGE('',*,*,#1854,.T.);
#2426=ORIENTED_EDGE('',*,*,#1864,.T.);
#2427=ORIENTED_EDGE('',*,*,#1865,.T.);
#2428=ORIENTED_EDGE('',*,*,#1866,.T.);
#2429=ORIENTED_EDGE('',*,*,#1867,.T.);
#2430=ORIENTED_EDGE('',*,*,#1868,.T.);
#2431=ORIENTED_EDGE('',*,*,#1869,.T.);
#2432=ORIENTED_EDGE('',*,*,#1866,.F.);
#2433=ORIENTED_EDGE('',*,*,#1870,.T.);
#2434=ORIENTED_EDGE('',*,*,#1871,.T.);
#2435=ORIENTED_EDGE('',*,*,#1855,.T.);
#2436=ORIENTED_EDGE('',*,*,#1863,.F.);
#2437=ORIENTED_EDGE('',*,*,#1872,.T.);
#2438=ORIENTED_EDGE('',*,*,#1864,.F.);
#2439=ORIENTED_EDGE('',*,*,#1859,.T.);
#2440=ORIENTED_EDGE('',*,*,#1873,.T.);
#2441=ORIENTED_EDGE('',*,*,#1874,.T.);
#2442=ORIENTED_EDGE('',*,*,#1868,.F.);
#2443=ORIENTED_EDGE('',*,*,#1873,.F.);
#2444=ORIENTED_EDGE('',*,*,#1858,.F.);
#2445=ORIENTED_EDGE('',*,*,#1875,.F.);
#2446=ORIENTED_EDGE('',*,*,#1876,.T.);
#2447=ORIENTED_EDGE('',*,*,#1877,.F.);
#2448=ORIENTED_EDGE('',*,*,#1878,.F.);
#2449=ORIENTED_EDGE('',*,*,#1879,.F.);
#2450=ORIENTED_EDGE('',*,*,#1880,.F.);
#2451=ORIENTED_EDGE('',*,*,#1881,.T.);
#2452=ORIENTED_EDGE('',*,*,#1882,.T.);
#2453=ORIENTED_EDGE('',*,*,#1883,.T.);
#2454=ORIENTED_EDGE('',*,*,#1884,.T.);
#2455=ORIENTED_EDGE('',*,*,#1867,.F.);
#2456=ORIENTED_EDGE('',*,*,#1869,.F.);
#2457=ORIENTED_EDGE('',*,*,#1862,.F.);
#2458=ORIENTED_EDGE('',*,*,#1872,.F.);
#2459=ORIENTED_EDGE('',*,*,#1885,.F.);
#2460=ORIENTED_EDGE('',*,*,#1886,.T.);
#2461=ORIENTED_EDGE('',*,*,#1840,.F.);
#2462=ORIENTED_EDGE('',*,*,#1886,.F.);
#2463=ORIENTED_EDGE('',*,*,#1887,.F.);
#2464=ORIENTED_EDGE('',*,*,#1888,.T.);
#2465=ORIENTED_EDGE('',*,*,#1831,.F.);
#2466=ORIENTED_EDGE('',*,*,#1832,.F.);
#2467=ORIENTED_EDGE('',*,*,#1888,.F.);
#2468=ORIENTED_EDGE('',*,*,#1889,.F.);
#2469=ORIENTED_EDGE('',*,*,#1890,.F.);
#2470=ORIENTED_EDGE('',*,*,#1891,.F.);
#2471=ORIENTED_EDGE('',*,*,#1892,.T.);
#2472=ORIENTED_EDGE('',*,*,#1893,.F.);
#2473=ORIENTED_EDGE('',*,*,#1894,.T.);
#2474=ORIENTED_EDGE('',*,*,#1890,.T.);
#2475=ORIENTED_EDGE('',*,*,#1895,.T.);
#2476=ORIENTED_EDGE('',*,*,#1896,.F.);
#2477=ORIENTED_EDGE('',*,*,#1897,.F.);
#2478=ORIENTED_EDGE('',*,*,#1898,.F.);
#2479=ORIENTED_EDGE('',*,*,#1899,.T.);
#2480=ORIENTED_EDGE('',*,*,#1900,.F.);
#2481=ORIENTED_EDGE('',*,*,#1901,.T.);
#2482=ORIENTED_EDGE('',*,*,#1897,.T.);
#2483=ORIENTED_EDGE('',*,*,#1902,.T.);
#2484=ORIENTED_EDGE('',*,*,#1898,.T.);
#2485=ORIENTED_EDGE('',*,*,#1903,.T.);
#2486=ORIENTED_EDGE('',*,*,#1889,.T.);
#2487=ORIENTED_EDGE('',*,*,#1904,.T.);
#2488=ORIENTED_EDGE('',*,*,#1905,.F.);
#2489=ORIENTED_EDGE('',*,*,#1906,.F.);
#2490=ORIENTED_EDGE('',*,*,#1907,.F.);
#2491=ORIENTED_EDGE('',*,*,#1908,.T.);
#2492=ORIENTED_EDGE('',*,*,#1909,.F.);
#2493=ORIENTED_EDGE('',*,*,#1910,.T.);
#2494=ORIENTED_EDGE('',*,*,#1906,.T.);
#2495=ORIENTED_EDGE('',*,*,#1911,.T.);
#2496=ORIENTED_EDGE('',*,*,#1912,.F.);
#2497=ORIENTED_EDGE('',*,*,#1913,.F.);
#2498=ORIENTED_EDGE('',*,*,#1914,.F.);
#2499=ORIENTED_EDGE('',*,*,#1915,.T.);
#2500=ORIENTED_EDGE('',*,*,#1916,.F.);
#2501=ORIENTED_EDGE('',*,*,#1917,.T.);
#2502=ORIENTED_EDGE('',*,*,#1913,.T.);
#2503=ORIENTED_EDGE('',*,*,#1918,.T.);
#2504=ORIENTED_EDGE('',*,*,#1914,.T.);
#2505=ORIENTED_EDGE('',*,*,#1919,.T.);
#2506=ORIENTED_EDGE('',*,*,#1896,.T.);
#2507=ORIENTED_EDGE('',*,*,#1920,.T.);
#2508=ORIENTED_EDGE('',*,*,#1921,.F.);
#2509=ORIENTED_EDGE('',*,*,#1922,.F.);
#2510=ORIENTED_EDGE('',*,*,#1923,.F.);
#2511=ORIENTED_EDGE('',*,*,#1924,.T.);
#2512=ORIENTED_EDGE('',*,*,#1925,.F.);
#2513=ORIENTED_EDGE('',*,*,#1926,.T.);
#2514=ORIENTED_EDGE('',*,*,#1922,.T.);
#2515=ORIENTED_EDGE('',*,*,#1927,.T.);
#2516=ORIENTED_EDGE('',*,*,#1928,.F.);
#2517=ORIENTED_EDGE('',*,*,#1929,.F.);
#2518=ORIENTED_EDGE('',*,*,#1930,.F.);
#2519=ORIENTED_EDGE('',*,*,#1931,.T.);
#2520=ORIENTED_EDGE('',*,*,#1932,.F.);
#2521=ORIENTED_EDGE('',*,*,#1933,.T.);
#2522=ORIENTED_EDGE('',*,*,#1929,.T.);
#2523=ORIENTED_EDGE('',*,*,#1934,.T.);
#2524=ORIENTED_EDGE('',*,*,#1930,.T.);
#2525=ORIENTED_EDGE('',*,*,#1935,.T.);
#2526=ORIENTED_EDGE('',*,*,#1912,.T.);
#2527=ORIENTED_EDGE('',*,*,#1936,.T.);
#2528=ORIENTED_EDGE('',*,*,#1923,.T.);
#2529=ORIENTED_EDGE('',*,*,#1937,.T.);
#2530=ORIENTED_EDGE('',*,*,#1928,.T.);
#2531=ORIENTED_EDGE('',*,*,#1938,.T.);
#2532=ORIENTED_EDGE('',*,*,#1907,.T.);
#2533=ORIENTED_EDGE('',*,*,#1939,.T.);
#2534=ORIENTED_EDGE('',*,*,#1921,.T.);
#2535=ORIENTED_EDGE('',*,*,#1940,.T.);
#2536=ORIENTED_EDGE('',*,*,#1891,.T.);
#2537=ORIENTED_EDGE('',*,*,#1941,.T.);
#2538=ORIENTED_EDGE('',*,*,#1905,.T.);
#2539=ORIENTED_EDGE('',*,*,#1942,.T.);
#2540=ORIENTED_EDGE('',*,*,#1895,.F.);
#2541=ORIENTED_EDGE('',*,*,#1903,.F.);
#2542=ORIENTED_EDGE('',*,*,#1901,.F.);
#2543=ORIENTED_EDGE('',*,*,#1943,.F.);
#2544=ORIENTED_EDGE('',*,*,#1902,.F.);
#2545=ORIENTED_EDGE('',*,*,#1919,.F.);
#2546=ORIENTED_EDGE('',*,*,#1917,.F.);
#2547=ORIENTED_EDGE('',*,*,#1944,.F.);
#2548=ORIENTED_EDGE('',*,*,#1918,.F.);
#2549=ORIENTED_EDGE('',*,*,#1935,.F.);
#2550=ORIENTED_EDGE('',*,*,#1933,.F.);
#2551=ORIENTED_EDGE('',*,*,#1945,.F.);
#2552=ORIENTED_EDGE('',*,*,#1893,.T.);
#2553=ORIENTED_EDGE('',*,*,#1943,.T.);
#2554=ORIENTED_EDGE('',*,*,#1900,.T.);
#2555=ORIENTED_EDGE('',*,*,#1944,.T.);
#2556=ORIENTED_EDGE('',*,*,#1916,.T.);
#2557=ORIENTED_EDGE('',*,*,#1945,.T.);
#2558=ORIENTED_EDGE('',*,*,#1932,.T.);
#2559=ORIENTED_EDGE('',*,*,#1946,.T.);
#2560=ORIENTED_EDGE('',*,*,#1925,.T.);
#2561=ORIENTED_EDGE('',*,*,#1947,.T.);
#2562=ORIENTED_EDGE('',*,*,#1909,.T.);
#2563=ORIENTED_EDGE('',*,*,#1948,.T.);
#2564=ORIENTED_EDGE('',*,*,#1949,.T.);
#2565=ORIENTED_EDGE('',*,*,#1950,.F.);
#2566=ORIENTED_EDGE('',*,*,#1931,.F.);
#2567=ORIENTED_EDGE('',*,*,#1936,.F.);
#2568=ORIENTED_EDGE('',*,*,#1915,.F.);
#2569=ORIENTED_EDGE('',*,*,#1920,.F.);
#2570=ORIENTED_EDGE('',*,*,#1899,.F.);
#2571=ORIENTED_EDGE('',*,*,#1904,.F.);
#2572=ORIENTED_EDGE('',*,*,#1892,.F.);
#2573=ORIENTED_EDGE('',*,*,#1942,.F.);
#2574=ORIENTED_EDGE('',*,*,#1908,.F.);
#2575=ORIENTED_EDGE('',*,*,#1940,.F.);
#2576=ORIENTED_EDGE('',*,*,#1924,.F.);
#2577=ORIENTED_EDGE('',*,*,#1938,.F.);
#2578=ORIENTED_EDGE('',*,*,#1885,.T.);
#2579=ORIENTED_EDGE('',*,*,#1951,.T.);
#2580=ORIENTED_EDGE('',*,*,#1950,.T.);
#2581=ORIENTED_EDGE('',*,*,#1951,.F.);
#2582=ORIENTED_EDGE('',*,*,#1894,.F.);
#2583=ORIENTED_EDGE('',*,*,#1948,.F.);
#2584=ORIENTED_EDGE('',*,*,#1911,.F.);
#2585=ORIENTED_EDGE('',*,*,#1941,.F.);
#2586=ORIENTED_EDGE('',*,*,#1910,.F.);
#2587=ORIENTED_EDGE('',*,*,#1947,.F.);
#2588=ORIENTED_EDGE('',*,*,#1927,.F.);
#2589=ORIENTED_EDGE('',*,*,#1939,.F.);
#2590=ORIENTED_EDGE('',*,*,#1926,.F.);
#2591=ORIENTED_EDGE('',*,*,#1946,.F.);
#2592=ORIENTED_EDGE('',*,*,#1934,.F.);
#2593=ORIENTED_EDGE('',*,*,#1937,.F.);
#2594=ORIENTED_EDGE('',*,*,#1952,.F.);
#2595=ORIENTED_EDGE('',*,*,#1953,.F.);
#2596=ORIENTED_EDGE('',*,*,#1954,.F.);
#2597=ORIENTED_EDGE('',*,*,#1955,.T.);
#2598=ORIENTED_EDGE('',*,*,#1956,.F.);
#2599=ORIENTED_EDGE('',*,*,#1957,.T.);
#2600=ORIENTED_EDGE('',*,*,#1953,.T.);
#2601=ORIENTED_EDGE('',*,*,#1958,.T.);
#2602=ORIENTED_EDGE('',*,*,#1959,.F.);
#2603=ORIENTED_EDGE('',*,*,#1960,.F.);
#2604=ORIENTED_EDGE('',*,*,#1961,.F.);
#2605=ORIENTED_EDGE('',*,*,#1962,.T.);
#2606=ORIENTED_EDGE('',*,*,#1963,.F.);
#2607=ORIENTED_EDGE('',*,*,#1964,.T.);
#2608=ORIENTED_EDGE('',*,*,#1960,.T.);
#2609=ORIENTED_EDGE('',*,*,#1965,.T.);
#2610=ORIENTED_EDGE('',*,*,#1966,.F.);
#2611=ORIENTED_EDGE('',*,*,#1967,.F.);
#2612=ORIENTED_EDGE('',*,*,#1968,.F.);
#2613=ORIENTED_EDGE('',*,*,#1969,.T.);
#2614=ORIENTED_EDGE('',*,*,#1970,.F.);
#2615=ORIENTED_EDGE('',*,*,#1971,.T.);
#2616=ORIENTED_EDGE('',*,*,#1967,.T.);
#2617=ORIENTED_EDGE('',*,*,#1972,.T.);
#2618=ORIENTED_EDGE('',*,*,#1952,.T.);
#2619=ORIENTED_EDGE('',*,*,#1973,.T.);
#2620=ORIENTED_EDGE('',*,*,#1968,.T.);
#2621=ORIENTED_EDGE('',*,*,#1974,.T.);
#2622=ORIENTED_EDGE('',*,*,#1975,.F.);
#2623=ORIENTED_EDGE('',*,*,#1976,.F.);
#2624=ORIENTED_EDGE('',*,*,#1977,.F.);
#2625=ORIENTED_EDGE('',*,*,#1978,.T.);
#2626=ORIENTED_EDGE('',*,*,#1979,.F.);
#2627=ORIENTED_EDGE('',*,*,#1980,.T.);
#2628=ORIENTED_EDGE('',*,*,#1976,.T.);
#2629=ORIENTED_EDGE('',*,*,#1981,.T.);
#2630=ORIENTED_EDGE('',*,*,#1982,.F.);
#2631=ORIENTED_EDGE('',*,*,#1983,.F.);
#2632=ORIENTED_EDGE('',*,*,#1984,.F.);
#2633=ORIENTED_EDGE('',*,*,#1985,.T.);
#2634=ORIENTED_EDGE('',*,*,#1986,.F.);
#2635=ORIENTED_EDGE('',*,*,#1987,.T.);
#2636=ORIENTED_EDGE('',*,*,#1983,.T.);
#2637=ORIENTED_EDGE('',*,*,#1988,.T.);
#2638=ORIENTED_EDGE('',*,*,#1966,.T.);
#2639=ORIENTED_EDGE('',*,*,#1989,.T.);
#2640=ORIENTED_EDGE('',*,*,#1984,.T.);
#2641=ORIENTED_EDGE('',*,*,#1990,.T.);
#2642=ORIENTED_EDGE('',*,*,#1991,.F.);
#2643=ORIENTED_EDGE('',*,*,#1992,.F.);
#2644=ORIENTED_EDGE('',*,*,#1993,.F.);
#2645=ORIENTED_EDGE('',*,*,#1994,.T.);
#2646=ORIENTED_EDGE('',*,*,#1995,.F.);
#2647=ORIENTED_EDGE('',*,*,#1996,.T.);
#2648=ORIENTED_EDGE('',*,*,#1992,.T.);
#2649=ORIENTED_EDGE('',*,*,#1997,.T.);
#2650=ORIENTED_EDGE('',*,*,#1982,.T.);
#2651=ORIENTED_EDGE('',*,*,#1998,.T.);
#2652=ORIENTED_EDGE('',*,*,#1993,.T.);
#2653=ORIENTED_EDGE('',*,*,#1999,.T.);
#2654=ORIENTED_EDGE('',*,*,#1991,.T.);
#2655=ORIENTED_EDGE('',*,*,#2000,.T.);
#2656=ORIENTED_EDGE('',*,*,#1977,.T.);
#2657=ORIENTED_EDGE('',*,*,#2001,.T.);
#2658=ORIENTED_EDGE('',*,*,#1975,.T.);
#2659=ORIENTED_EDGE('',*,*,#2002,.T.);
#2660=ORIENTED_EDGE('',*,*,#1961,.T.);
#2661=ORIENTED_EDGE('',*,*,#2003,.T.);
#2662=ORIENTED_EDGE('',*,*,#1959,.T.);
#2663=ORIENTED_EDGE('',*,*,#2004,.T.);
#2664=ORIENTED_EDGE('',*,*,#1954,.T.);
#2665=ORIENTED_EDGE('',*,*,#2005,.T.);
#2666=ORIENTED_EDGE('',*,*,#1958,.F.);
#2667=ORIENTED_EDGE('',*,*,#1974,.F.);
#2668=ORIENTED_EDGE('',*,*,#1971,.F.);
#2669=ORIENTED_EDGE('',*,*,#2006,.F.);
#2670=ORIENTED_EDGE('',*,*,#1972,.F.);
#2671=ORIENTED_EDGE('',*,*,#1990,.F.);
#2672=ORIENTED_EDGE('',*,*,#1987,.F.);
#2673=ORIENTED_EDGE('',*,*,#2007,.F.);
#2674=ORIENTED_EDGE('',*,*,#1988,.F.);
#2675=ORIENTED_EDGE('',*,*,#1999,.F.);
#2676=ORIENTED_EDGE('',*,*,#1996,.F.);
#2677=ORIENTED_EDGE('',*,*,#2008,.F.);
#2678=ORIENTED_EDGE('',*,*,#2009,.F.);
#2679=ORIENTED_EDGE('',*,*,#1994,.F.);
#2680=ORIENTED_EDGE('',*,*,#1998,.F.);
#2681=ORIENTED_EDGE('',*,*,#1985,.F.);
#2682=ORIENTED_EDGE('',*,*,#1989,.F.);
#2683=ORIENTED_EDGE('',*,*,#1969,.F.);
#2684=ORIENTED_EDGE('',*,*,#1973,.F.);
#2685=ORIENTED_EDGE('',*,*,#1955,.F.);
#2686=ORIENTED_EDGE('',*,*,#2004,.F.);
#2687=ORIENTED_EDGE('',*,*,#1962,.F.);
#2688=ORIENTED_EDGE('',*,*,#2002,.F.);
#2689=ORIENTED_EDGE('',*,*,#1978,.F.);
#2690=ORIENTED_EDGE('',*,*,#2000,.F.);
#2691=ORIENTED_EDGE('',*,*,#2009,.T.);
#2692=ORIENTED_EDGE('',*,*,#2010,.T.);
#2693=ORIENTED_EDGE('',*,*,#1887,.T.);
#2694=ORIENTED_EDGE('',*,*,#2010,.F.);
#2695=ORIENTED_EDGE('',*,*,#1980,.F.);
#2696=ORIENTED_EDGE('',*,*,#2011,.F.);
#2697=ORIENTED_EDGE('',*,*,#1997,.F.);
#2698=ORIENTED_EDGE('',*,*,#2001,.F.);
#2699=ORIENTED_EDGE('',*,*,#1964,.F.);
#2700=ORIENTED_EDGE('',*,*,#2012,.F.);
#2701=ORIENTED_EDGE('',*,*,#1981,.F.);
#2702=ORIENTED_EDGE('',*,*,#2003,.F.);
#2703=ORIENTED_EDGE('',*,*,#1957,.F.);
#2704=ORIENTED_EDGE('',*,*,#2013,.F.);
#2705=ORIENTED_EDGE('',*,*,#1965,.F.);
#2706=ORIENTED_EDGE('',*,*,#2005,.F.);
#2707=ORIENTED_EDGE('',*,*,#2014,.F.);
#2708=ORIENTED_EDGE('',*,*,#2015,.T.);
#2709=ORIENTED_EDGE('',*,*,#1860,.F.);
#2710=ORIENTED_EDGE('',*,*,#2015,.F.);
#2711=ORIENTED_EDGE('',*,*,#1949,.F.);
#2712=ORIENTED_EDGE('',*,*,#2016,.T.);
#2713=ORIENTED_EDGE('',*,*,#1861,.F.);
#2714=ORIENTED_EDGE('',*,*,#2016,.F.);
#2715=ORIENTED_EDGE('',*,*,#1815,.F.);
#2716=ORIENTED_EDGE('',*,*,#2017,.T.);
#2717=ORIENTED_EDGE('',*,*,#1853,.F.);
#2718=ORIENTED_EDGE('',*,*,#1829,.F.);
#2719=ORIENTED_EDGE('',*,*,#1818,.F.);
#2720=ORIENTED_EDGE('',*,*,#1828,.T.);
#2721=ORIENTED_EDGE('',*,*,#1847,.F.);
#2722=ORIENTED_EDGE('',*,*,#2017,.F.);
#2723=ORIENTED_EDGE('',*,*,#1825,.F.);
#2724=ORIENTED_EDGE('',*,*,#1823,.F.);
#2725=ORIENTED_EDGE('',*,*,#1865,.F.);
#2726=ORIENTED_EDGE('',*,*,#1874,.F.);
#2727=ORIENTED_EDGE('',*,*,#1875,.T.);
#2728=ORIENTED_EDGE('',*,*,#1857,.T.);
#2729=ORIENTED_EDGE('',*,*,#2018,.F.);
#2730=ORIENTED_EDGE('',*,*,#1870,.F.);
#2731=ORIENTED_EDGE('',*,*,#1871,.F.);
#2732=ORIENTED_EDGE('',*,*,#2018,.T.);
#2733=ORIENTED_EDGE('',*,*,#1856,.T.);
#2734=ORIENTED_EDGE('',*,*,#1956,.T.);
#2735=ORIENTED_EDGE('',*,*,#2006,.T.);
#2736=ORIENTED_EDGE('',*,*,#1970,.T.);
#2737=ORIENTED_EDGE('',*,*,#2007,.T.);
#2738=ORIENTED_EDGE('',*,*,#1986,.T.);
#2739=ORIENTED_EDGE('',*,*,#2008,.T.);
#2740=ORIENTED_EDGE('',*,*,#1995,.T.);
#2741=ORIENTED_EDGE('',*,*,#2011,.T.);
#2742=ORIENTED_EDGE('',*,*,#1979,.T.);
#2743=ORIENTED_EDGE('',*,*,#2012,.T.);
#2744=ORIENTED_EDGE('',*,*,#1963,.T.);
#2745=ORIENTED_EDGE('',*,*,#2013,.T.);
#2746=ORIENTED_EDGE('',*,*,#2014,.T.);
#2747=ORIENTED_EDGE('',*,*,#2019,.F.);
#2748=ORIENTED_EDGE('',*,*,#1838,.F.);
#2749=ORIENTED_EDGE('',*,*,#2020,.F.);
#2750=ORIENTED_EDGE('',*,*,#1744,.F.);
#2751=ORIENTED_EDGE('',*,*,#1837,.T.);
#2752=ORIENTED_EDGE('',*,*,#1842,.T.);
#2753=ORIENTED_EDGE('',*,*,#1843,.T.);
#2754=ORIENTED_EDGE('',*,*,#1797,.T.);
#2755=ORIENTED_EDGE('',*,*,#1794,.F.);
#2756=ORIENTED_EDGE('',*,*,#1745,.F.);
#2757=ORIENTED_EDGE('',*,*,#2020,.T.);
#2758=ORIENTED_EDGE('',*,*,#1743,.F.);
#2759=ORIENTED_EDGE('',*,*,#1796,.F.);
#2760=ORIENTED_EDGE('',*,*,#1803,.T.);
#2761=ORIENTED_EDGE('',*,*,#1835,.T.);
#2762=ORIENTED_EDGE('',*,*,#1839,.T.);
#2763=ORIENTED_EDGE('',*,*,#2019,.T.);
#2764=ORIENTED_EDGE('',*,*,#2021,.F.);
#2765=ORIENTED_EDGE('',*,*,#2022,.F.);
#2766=ORIENTED_EDGE('',*,*,#2023,.F.);
#2767=ORIENTED_EDGE('',*,*,#2024,.T.);
#2768=ORIENTED_EDGE('',*,*,#2025,.T.);
#2769=ORIENTED_EDGE('',*,*,#2022,.T.);
#2770=ORIENTED_EDGE('',*,*,#2026,.T.);
#2771=ORIENTED_EDGE('',*,*,#2027,.T.);
#2772=ORIENTED_EDGE('',*,*,#2028,.T.);
#2773=ORIENTED_EDGE('',*,*,#2024,.F.);
#2774=ORIENTED_EDGE('',*,*,#2029,.T.);
#2775=ORIENTED_EDGE('',*,*,#2030,.T.);
#2776=ORIENTED_EDGE('',*,*,#2031,.T.);
#2777=ORIENTED_EDGE('',*,*,#2023,.T.);
#2778=ORIENTED_EDGE('',*,*,#2032,.T.);
#2779=ORIENTED_EDGE('',*,*,#2033,.T.);
#2780=ORIENTED_EDGE('',*,*,#2034,.T.);
#2781=ORIENTED_EDGE('',*,*,#2030,.F.);
#2782=ORIENTED_EDGE('',*,*,#2035,.T.);
#2783=ORIENTED_EDGE('',*,*,#2036,.F.);
#2784=ORIENTED_EDGE('',*,*,#2037,.F.);
#2785=ORIENTED_EDGE('',*,*,#2038,.F.);
#2786=ORIENTED_EDGE('',*,*,#2039,.T.);
#2787=ORIENTED_EDGE('',*,*,#2040,.T.);
#2788=ORIENTED_EDGE('',*,*,#2041,.T.);
#2789=ORIENTED_EDGE('',*,*,#2042,.T.);
#2790=ORIENTED_EDGE('',*,*,#2037,.T.);
#2791=ORIENTED_EDGE('',*,*,#2043,.T.);
#2792=ORIENTED_EDGE('',*,*,#2039,.F.);
#2793=ORIENTED_EDGE('',*,*,#2044,.T.);
#2794=ORIENTED_EDGE('',*,*,#2021,.T.);
#2795=ORIENTED_EDGE('',*,*,#2045,.T.);
#2796=ORIENTED_EDGE('',*,*,#2038,.T.);
#2797=ORIENTED_EDGE('',*,*,#2046,.T.);
#2798=ORIENTED_EDGE('',*,*,#2047,.T.);
#2799=ORIENTED_EDGE('',*,*,#2048,.T.);
#2800=ORIENTED_EDGE('',*,*,#2036,.T.);
#2801=ORIENTED_EDGE('',*,*,#2049,.T.);
#2802=ORIENTED_EDGE('',*,*,#2050,.T.);
#2803=ORIENTED_EDGE('',*,*,#2051,.T.);
#2804=ORIENTED_EDGE('',*,*,#2047,.F.);
#2805=ORIENTED_EDGE('',*,*,#2052,.T.);
#2806=ORIENTED_EDGE('',*,*,#2029,.F.);
#2807=ORIENTED_EDGE('',*,*,#2026,.F.);
#2808=ORIENTED_EDGE('',*,*,#2046,.F.);
#2809=ORIENTED_EDGE('',*,*,#2044,.F.);
#2810=ORIENTED_EDGE('',*,*,#2042,.F.);
#2811=ORIENTED_EDGE('',*,*,#2053,.F.);
#2812=ORIENTED_EDGE('',*,*,#2043,.F.);
#2813=ORIENTED_EDGE('',*,*,#2048,.F.);
#2814=ORIENTED_EDGE('',*,*,#2054,.F.);
#2815=ORIENTED_EDGE('',*,*,#2040,.F.);
#2816=ORIENTED_EDGE('',*,*,#2054,.T.);
#2817=ORIENTED_EDGE('',*,*,#2051,.F.);
#2818=ORIENTED_EDGE('',*,*,#2055,.T.);
#2819=ORIENTED_EDGE('',*,*,#2028,.F.);
#2820=ORIENTED_EDGE('',*,*,#2056,.T.);
#2821=ORIENTED_EDGE('',*,*,#2035,.F.);
#2822=ORIENTED_EDGE('',*,*,#2057,.T.);
#2823=ORIENTED_EDGE('',*,*,#2025,.F.);
#2824=ORIENTED_EDGE('',*,*,#2057,.F.);
#2825=ORIENTED_EDGE('',*,*,#2032,.F.);
#2826=ORIENTED_EDGE('',*,*,#2034,.F.);
#2827=ORIENTED_EDGE('',*,*,#2058,.F.);
#2828=ORIENTED_EDGE('',*,*,#2052,.F.);
#2829=ORIENTED_EDGE('',*,*,#2049,.F.);
#2830=ORIENTED_EDGE('',*,*,#2045,.F.);
#2831=ORIENTED_EDGE('',*,*,#2031,.F.);
#2832=ORIENTED_EDGE('',*,*,#2059,.F.);
#2833=ORIENTED_EDGE('',*,*,#2060,.T.);
#2834=ORIENTED_EDGE('',*,*,#2061,.F.);
#2835=ORIENTED_EDGE('',*,*,#2062,.F.);
#2836=ORIENTED_EDGE('',*,*,#2063,.F.);
#2837=ORIENTED_EDGE('',*,*,#2062,.T.);
#2838=ORIENTED_EDGE('',*,*,#2064,.F.);
#2839=ORIENTED_EDGE('',*,*,#2065,.F.);
#2840=ORIENTED_EDGE('',*,*,#2058,.T.);
#2841=ORIENTED_EDGE('',*,*,#2033,.F.);
#2842=ORIENTED_EDGE('',*,*,#2056,.F.);
#2843=ORIENTED_EDGE('',*,*,#2027,.F.);
#2844=ORIENTED_EDGE('',*,*,#2053,.T.);
#2845=ORIENTED_EDGE('',*,*,#2041,.F.);
#2846=ORIENTED_EDGE('',*,*,#2055,.F.);
#2847=ORIENTED_EDGE('',*,*,#2050,.F.);
#2848=ORIENTED_EDGE('',*,*,#2066,.F.);
#2849=ORIENTED_EDGE('',*,*,#2065,.T.);
#2850=ORIENTED_EDGE('',*,*,#2067,.F.);
#2851=ORIENTED_EDGE('',*,*,#2068,.F.);
#2852=ORIENTED_EDGE('',*,*,#2069,.F.);
#2853=ORIENTED_EDGE('',*,*,#2068,.T.);
#2854=ORIENTED_EDGE('',*,*,#2070,.F.);
#2855=ORIENTED_EDGE('',*,*,#2071,.F.);
#2856=ORIENTED_EDGE('',*,*,#2072,.F.);
#2857=ORIENTED_EDGE('',*,*,#2071,.T.);
#2858=ORIENTED_EDGE('',*,*,#2073,.F.);
#2859=ORIENTED_EDGE('',*,*,#2074,.F.);
#2860=ORIENTED_EDGE('',*,*,#2075,.F.);
#2861=ORIENTED_EDGE('',*,*,#2074,.T.);
#2862=ORIENTED_EDGE('',*,*,#2076,.F.);
#2863=ORIENTED_EDGE('',*,*,#2077,.F.);
#2864=ORIENTED_EDGE('',*,*,#2078,.F.);
#2865=ORIENTED_EDGE('',*,*,#2077,.T.);
#2866=ORIENTED_EDGE('',*,*,#2079,.F.);
#2867=ORIENTED_EDGE('',*,*,#2080,.F.);
#2868=ORIENTED_EDGE('',*,*,#2081,.F.);
#2869=ORIENTED_EDGE('',*,*,#2080,.T.);
#2870=ORIENTED_EDGE('',*,*,#2082,.F.);
#2871=ORIENTED_EDGE('',*,*,#2083,.F.);
#2872=ORIENTED_EDGE('',*,*,#2084,.F.);
#2873=ORIENTED_EDGE('',*,*,#2083,.T.);
#2874=ORIENTED_EDGE('',*,*,#2085,.F.);
#2875=ORIENTED_EDGE('',*,*,#2086,.F.);
#2876=ORIENTED_EDGE('',*,*,#2087,.F.);
#2877=ORIENTED_EDGE('',*,*,#2086,.T.);
#2878=ORIENTED_EDGE('',*,*,#2088,.F.);
#2879=ORIENTED_EDGE('',*,*,#2089,.F.);
#2880=ORIENTED_EDGE('',*,*,#2090,.F.);
#2881=ORIENTED_EDGE('',*,*,#2089,.T.);
#2882=ORIENTED_EDGE('',*,*,#2091,.F.);
#2883=ORIENTED_EDGE('',*,*,#2092,.F.);
#2884=ORIENTED_EDGE('',*,*,#2093,.F.);
#2885=ORIENTED_EDGE('',*,*,#2092,.T.);
#2886=ORIENTED_EDGE('',*,*,#2094,.F.);
#2887=ORIENTED_EDGE('',*,*,#2095,.F.);
#2888=ORIENTED_EDGE('',*,*,#2096,.F.);
#2889=ORIENTED_EDGE('',*,*,#2095,.T.);
#2890=ORIENTED_EDGE('',*,*,#2097,.F.);
#2891=ORIENTED_EDGE('',*,*,#2098,.F.);
#2892=ORIENTED_EDGE('',*,*,#2099,.F.);
#2893=ORIENTED_EDGE('',*,*,#2098,.T.);
#2894=ORIENTED_EDGE('',*,*,#2100,.F.);
#2895=ORIENTED_EDGE('',*,*,#2060,.F.);
#2896=ORIENTED_EDGE('',*,*,#2100,.T.);
#2897=ORIENTED_EDGE('',*,*,#2097,.T.);
#2898=ORIENTED_EDGE('',*,*,#2094,.T.);
#2899=ORIENTED_EDGE('',*,*,#2091,.T.);
#2900=ORIENTED_EDGE('',*,*,#2088,.T.);
#2901=ORIENTED_EDGE('',*,*,#2085,.T.);
#2902=ORIENTED_EDGE('',*,*,#2082,.T.);
#2903=ORIENTED_EDGE('',*,*,#2079,.T.);
#2904=ORIENTED_EDGE('',*,*,#2076,.T.);
#2905=ORIENTED_EDGE('',*,*,#2073,.T.);
#2906=ORIENTED_EDGE('',*,*,#2070,.T.);
#2907=ORIENTED_EDGE('',*,*,#2067,.T.);
#2908=ORIENTED_EDGE('',*,*,#2064,.T.);
#2909=ORIENTED_EDGE('',*,*,#2061,.T.);
#2910=ORIENTED_EDGE('',*,*,#2101,.T.);
#2911=ORIENTED_EDGE('',*,*,#2102,.T.);
#2912=ORIENTED_EDGE('',*,*,#2103,.T.);
#2913=ORIENTED_EDGE('',*,*,#2104,.T.);
#2914=ORIENTED_EDGE('',*,*,#2102,.F.);
#2915=ORIENTED_EDGE('',*,*,#2105,.T.);
#2916=ORIENTED_EDGE('',*,*,#2106,.F.);
#2917=ORIENTED_EDGE('',*,*,#2107,.T.);
#2918=ORIENTED_EDGE('',*,*,#2101,.F.);
#2919=ORIENTED_EDGE('',*,*,#2108,.F.);
#2920=ORIENTED_EDGE('',*,*,#2109,.T.);
#2921=ORIENTED_EDGE('',*,*,#2110,.T.);
#2922=ORIENTED_EDGE('',*,*,#2111,.T.);
#2923=ORIENTED_EDGE('',*,*,#2112,.F.);
#2924=ORIENTED_EDGE('',*,*,#2113,.F.);
#2925=ORIENTED_EDGE('',*,*,#2105,.F.);
#2926=ORIENTED_EDGE('',*,*,#2114,.T.);
#2927=ORIENTED_EDGE('',*,*,#2115,.T.);
#2928=ORIENTED_EDGE('',*,*,#2113,.T.);
#2929=ORIENTED_EDGE('',*,*,#2116,.T.);
#2930=ORIENTED_EDGE('',*,*,#2117,.T.);
#2931=ORIENTED_EDGE('',*,*,#2106,.T.);
#2932=ORIENTED_EDGE('',*,*,#2116,.F.);
#2933=ORIENTED_EDGE('',*,*,#2112,.T.);
#2934=ORIENTED_EDGE('',*,*,#2118,.F.);
#2935=ORIENTED_EDGE('',*,*,#2119,.T.);
#2936=ORIENTED_EDGE('',*,*,#2120,.F.);
#2937=ORIENTED_EDGE('',*,*,#2121,.T.);
#2938=ORIENTED_EDGE('',*,*,#2122,.T.);
#2939=ORIENTED_EDGE('',*,*,#2120,.T.);
#2940=ORIENTED_EDGE('',*,*,#2122,.F.);
#2941=ORIENTED_EDGE('',*,*,#2123,.T.);
#2942=ORIENTED_EDGE('',*,*,#2124,.T.);
#2943=ORIENTED_EDGE('',*,*,#2115,.F.);
#2944=ORIENTED_EDGE('',*,*,#2124,.F.);
#2945=ORIENTED_EDGE('',*,*,#2123,.F.);
#2946=ORIENTED_EDGE('',*,*,#2121,.F.);
#2947=ORIENTED_EDGE('',*,*,#2125,.F.);
#2948=ORIENTED_EDGE('',*,*,#2126,.T.);
#2949=ORIENTED_EDGE('',*,*,#2127,.T.);
#2950=ORIENTED_EDGE('',*,*,#2126,.F.);
#2951=ORIENTED_EDGE('',*,*,#2127,.F.);
#2952=ORIENTED_EDGE('',*,*,#2128,.T.);
#2953=ORIENTED_EDGE('',*,*,#2129,.T.);
#2954=ORIENTED_EDGE('',*,*,#2114,.F.);
#2955=ORIENTED_EDGE('',*,*,#2129,.F.);
#2956=ORIENTED_EDGE('',*,*,#2128,.F.);
#2957=ORIENTED_EDGE('',*,*,#2125,.T.);
#2958=ORIENTED_EDGE('',*,*,#2130,.F.);
#2959=ORIENTED_EDGE('',*,*,#2131,.T.);
#2960=ORIENTED_EDGE('',*,*,#2132,.F.);
#2961=ORIENTED_EDGE('',*,*,#2131,.F.);
#2962=ORIENTED_EDGE('',*,*,#2133,.T.);
#2963=ORIENTED_EDGE('',*,*,#2130,.T.);
#2964=ORIENTED_EDGE('',*,*,#2134,.F.);
#2965=ORIENTED_EDGE('',*,*,#2135,.T.);
#2966=ORIENTED_EDGE('',*,*,#2136,.F.);
#2967=ORIENTED_EDGE('',*,*,#2135,.F.);
#2968=ORIENTED_EDGE('',*,*,#2137,.T.);
#2969=ORIENTED_EDGE('',*,*,#2134,.T.);
#2970=ORIENTED_EDGE('',*,*,#2138,.F.);
#2971=ORIENTED_EDGE('',*,*,#2139,.T.);
#2972=ORIENTED_EDGE('',*,*,#2140,.F.);
#2973=ORIENTED_EDGE('',*,*,#2139,.F.);
#2974=ORIENTED_EDGE('',*,*,#2141,.T.);
#2975=ORIENTED_EDGE('',*,*,#2138,.T.);
#2976=ORIENTED_EDGE('',*,*,#2142,.F.);
#2977=ORIENTED_EDGE('',*,*,#2143,.T.);
#2978=ORIENTED_EDGE('',*,*,#2144,.F.);
#2979=ORIENTED_EDGE('',*,*,#2143,.F.);
#2980=ORIENTED_EDGE('',*,*,#2145,.T.);
#2981=ORIENTED_EDGE('',*,*,#2142,.T.);
#2982=ORIENTED_EDGE('',*,*,#2133,.F.);
#2983=ORIENTED_EDGE('',*,*,#2146,.T.);
#2984=ORIENTED_EDGE('',*,*,#1884,.F.);
#2985=ORIENTED_EDGE('',*,*,#2146,.F.);
#2986=ORIENTED_EDGE('',*,*,#2132,.T.);
#2987=ORIENTED_EDGE('',*,*,#2137,.F.);
#2988=ORIENTED_EDGE('',*,*,#2147,.T.);
#2989=ORIENTED_EDGE('',*,*,#1883,.F.);
#2990=ORIENTED_EDGE('',*,*,#2147,.F.);
#2991=ORIENTED_EDGE('',*,*,#2136,.T.);
#2992=ORIENTED_EDGE('',*,*,#2141,.F.);
#2993=ORIENTED_EDGE('',*,*,#2148,.T.);
#2994=ORIENTED_EDGE('',*,*,#1882,.F.);
#2995=ORIENTED_EDGE('',*,*,#2148,.F.);
#2996=ORIENTED_EDGE('',*,*,#2140,.T.);
#2997=ORIENTED_EDGE('',*,*,#2145,.F.);
#2998=ORIENTED_EDGE('',*,*,#2149,.T.);
#2999=ORIENTED_EDGE('',*,*,#1881,.F.);
#3000=ORIENTED_EDGE('',*,*,#2149,.F.);
#3001=ORIENTED_EDGE('',*,*,#2144,.T.);
#3002=ORIENTED_EDGE('',*,*,#2104,.F.);
#3003=ORIENTED_EDGE('',*,*,#2150,.T.);
#3004=ORIENTED_EDGE('',*,*,#2151,.F.);
#3005=ORIENTED_EDGE('',*,*,#2108,.T.);
#3006=ORIENTED_EDGE('',*,*,#2103,.F.);
#3007=ORIENTED_EDGE('',*,*,#2107,.F.);
#3008=ORIENTED_EDGE('',*,*,#2117,.F.);
#3009=ORIENTED_EDGE('',*,*,#2119,.F.);
#3010=ORIENTED_EDGE('',*,*,#2152,.F.);
#3011=ORIENTED_EDGE('',*,*,#1732,.F.);
#3012=ORIENTED_EDGE('',*,*,#2150,.F.);
#3013=ORIENTED_EDGE('',*,*,#1788,.T.);
#3014=ORIENTED_EDGE('',*,*,#1793,.T.);
#3015=ORIENTED_EDGE('',*,*,#2059,.T.);
#3016=ORIENTED_EDGE('',*,*,#2063,.T.);
#3017=ORIENTED_EDGE('',*,*,#2066,.T.);
#3018=ORIENTED_EDGE('',*,*,#2069,.T.);
#3019=ORIENTED_EDGE('',*,*,#2072,.T.);
#3020=ORIENTED_EDGE('',*,*,#2075,.T.);
#3021=ORIENTED_EDGE('',*,*,#2078,.T.);
#3022=ORIENTED_EDGE('',*,*,#2081,.T.);
#3023=ORIENTED_EDGE('',*,*,#2084,.T.);
#3024=ORIENTED_EDGE('',*,*,#2087,.T.);
#3025=ORIENTED_EDGE('',*,*,#2090,.T.);
#3026=ORIENTED_EDGE('',*,*,#2093,.T.);
#3027=ORIENTED_EDGE('',*,*,#2096,.T.);
#3028=ORIENTED_EDGE('',*,*,#2099,.T.);
#3029=ORIENTED_EDGE('',*,*,#1876,.F.);
#3030=ORIENTED_EDGE('',*,*,#2153,.T.);
#3031=ORIENTED_EDGE('',*,*,#2110,.F.);
#3032=ORIENTED_EDGE('',*,*,#2154,.F.);
#3033=ORIENTED_EDGE('',*,*,#1737,.F.);
#3034=ORIENTED_EDGE('',*,*,#1739,.F.);
#3035=ORIENTED_EDGE('',*,*,#1735,.F.);
#3036=ORIENTED_EDGE('',*,*,#1733,.T.);
#3037=ORIENTED_EDGE('',*,*,#2152,.T.);
#3038=ORIENTED_EDGE('',*,*,#2118,.T.);
#3039=ORIENTED_EDGE('',*,*,#2111,.F.);
#3040=ORIENTED_EDGE('',*,*,#2153,.F.);
#3041=ORIENTED_EDGE('',*,*,#1877,.T.);
#3042=ORIENTED_EDGE('',*,*,#2154,.T.);
#3043=ORIENTED_EDGE('',*,*,#2109,.F.);
#3044=ORIENTED_EDGE('',*,*,#2151,.T.);
#3045=ORIENTED_EDGE('',*,*,#1731,.T.);
#3046=ORIENTED_EDGE('',*,*,#1740,.F.);
#3047=ORIENTED_EDGE('',*,*,#2155,.T.);
#3048=ORIENTED_EDGE('',*,*,#1880,.T.);
#3049=ORIENTED_EDGE('',*,*,#2155,.F.);
#3050=ORIENTED_EDGE('',*,*,#1741,.F.);
#3051=ORIENTED_EDGE('',*,*,#2156,.T.);
#3052=ORIENTED_EDGE('',*,*,#1879,.T.);
#3053=ORIENTED_EDGE('',*,*,#2156,.F.);
#3054=ORIENTED_EDGE('',*,*,#1742,.F.);
#3055=ORIENTED_EDGE('',*,*,#2157,.T.);
#3056=ORIENTED_EDGE('',*,*,#1878,.T.);
#3057=ORIENTED_EDGE('',*,*,#2157,.F.);
#3058=B_SPLINE_SURFACE_WITH_KNOTS('',3,3,((#4720,#4721,#4722,#4723,#4724,
#4725),(#4726,#4727,#4728,#4729,#4730,#4731),(#4732,#4733,#4734,#4735,#4736,
#4737),(#4738,#4739,#4740,#4741,#4742,#4743),(#4744,#4745,#4746,#4747,#4748,
#4749)),.UNSPECIFIED.,.F.,.F.,.F.,(4,1,4),(4,1,1,4),(0.,0.5,1.),(-5.55111512312578E-17,
0.0218212747209306,0.0327319120813959,0.0763744615232572),.UNSPECIFIED.);
#3059=B_SPLINE_SURFACE_WITH_KNOTS('',3,3,((#4780,#4781,#4782,#4783,#4784),
(#4785,#4786,#4787,#4788,#4789),(#4790,#4791,#4792,#4793,#4794),(#4795,
#4796,#4797,#4798,#4799),(#4800,#4801,#4802,#4803,#4804)),.UNSPECIFIED.,
 .F.,.F.,.F.,(4,1,4),(4,1,4),(0.,0.5,1.),(7.40579827813031E-16,0.0314148303183173,
0.0628296606366339),.UNSPECIFIED.);
#3060=B_SPLINE_SURFACE_WITH_KNOTS('',3,3,((#4824,#4825,#4826,#4827,#4828),
(#4829,#4830,#4831,#4832,#4833),(#4834,#4835,#4836,#4837,#4838),(#4839,
#4840,#4841,#4842,#4843),(#4844,#4845,#4846,#4847,#4848)),.UNSPECIFIED.,
 .F.,.F.,.F.,(4,1,4),(4,1,4),(0.,0.5,1.),(1.24129682507139E-15,0.0314151274561346,
0.062830254912268),.UNSPECIFIED.);
#3061=B_SPLINE_SURFACE_WITH_KNOTS('',3,3,((#4868,#4869,#4870,#4871,#4872,
#4873),(#4874,#4875,#4876,#4877,#4878,#4879),(#4880,#4881,#4882,#4883,#4884,
#4885),(#4886,#4887,#4888,#4889,#4890,#4891),(#4892,#4893,#4894,#4895,#4896,
#4897)),.UNSPECIFIED.,.F.,.F.,.F.,(4,1,4),(4,1,1,4),(0.,0.5,1.),(-1.38777878078145E-17,
0.0218212747188316,0.0327319120782474,0.0763744615159105),.UNSPECIFIED.);
#3062=B_SPLINE_SURFACE_WITH_KNOTS('',3,3,((#4972,#4973,#4974,#4975),(#4976,
#4977,#4978,#4979),(#4980,#4981,#4982,#4983),(#4984,#4985,#4986,#4987),
(#4988,#4989,#4990,#4991)),.UNSPECIFIED.,.F.,.F.,.F.,(4,1,4),(4,4),(0.,
0.5,1.),(0.0508080507289997,0.206375583266427),.UNSPECIFIED.);
#3063=B_SPLINE_SURFACE_WITH_KNOTS('',3,3,((#5022,#5023,#5024,#5025),(#5026,
#5027,#5028,#5029),(#5030,#5031,#5032,#5033),(#5034,#5035,#5036,#5037),
(#5038,#5039,#5040,#5041)),.UNSPECIFIED.,.F.,.F.,.F.,(4,1,4),(4,4),(0.,
0.5,1.),(0.0565646104663656,0.212132143004172),.UNSPECIFIED.);
#3064=B_SPLINE_SURFACE_WITH_KNOTS('',3,3,((#5144,#5145,#5146,#5147,#5148),
(#5149,#5150,#5151,#5152,#5153),(#5154,#5155,#5156,#5157,#5158),(#5159,
#5160,#5161,#5162,#5163),(#5164,#5165,#5166,#5167,#5168)),.UNSPECIFIED.,
 .F.,.F.,.F.,(4,1,4),(4,1,4),(0.,0.5,1.),(0.,0.14151302138277,0.28302604276554),
 .UNSPECIFIED.);
#3065=B_SPLINE_SURFACE_WITH_KNOTS('',3,3,((#5199,#5200,#5201,#5202,#5203),
(#5204,#5205,#5206,#5207,#5208),(#5209,#5210,#5211,#5212,#5213),(#5214,
#5215,#5216,#5217,#5218),(#5219,#5220,#5221,#5222,#5223)),.UNSPECIFIED.,
 .F.,.F.,.F.,(4,1,4),(4,1,4),(0.,0.5,1.),(0.,0.141513030857563,0.283026061715125),
 .UNSPECIFIED.);
#3066=B_SPLINE_SURFACE_WITH_KNOTS('',3,3,((#5688,#5689,#5690,#5691,#5692),
(#5693,#5694,#5695,#5696,#5697),(#5698,#5699,#5700,#5701,#5702),(#5703,
#5704,#5705,#5706,#5707),(#5708,#5709,#5710,#5711,#5712)),.UNSPECIFIED.,
 .F.,.F.,.F.,(4,1,4),(4,1,4),(0.,0.571428571428571,1.),(-2.22044604925031E-16,
0.785398163397475,1.57079632679495),.UNSPECIFIED.);
#3067=B_SPLINE_SURFACE_WITH_KNOTS('',3,3,((#5778,#5779,#5780,#5781,#5782),
(#5783,#5784,#5785,#5786,#5787),(#5788,#5789,#5790,#5791,#5792),(#5793,
#5794,#5795,#5796,#5797),(#5798,#5799,#5800,#5801,#5802)),.UNSPECIFIED.,
 .F.,.F.,.F.,(4,1,4),(4,1,4),(0.,0.571428571428571,1.),(-1.57079632679497,
-0.785398163397484,0.),.UNSPECIFIED.);
#3068=ADVANCED_FACE('',(#770),#3058,.T.);
#3069=ADVANCED_FACE('',(#771),#684,.F.);
#3070=ADVANCED_FACE('',(#772),#3059,.T.);
#3071=ADVANCED_FACE('',(#773),#255,.F.);
#3072=ADVANCED_FACE('',(#774),#3060,.T.);
#3073=ADVANCED_FACE('',(#775),#685,.F.);
#3074=ADVANCED_FACE('',(#776),#3061,.T.);
#3075=ADVANCED_FACE('',(#777),#686,.F.);
#3076=ADVANCED_FACE('',(#778),#256,.T.);
#3077=ADVANCED_FACE('',(#779,#60,#61,#62,#63,#64,#65,#66,#67),#95,.T.);
#3078=ADVANCED_FACE('',(#780),#3062,.F.);
#3079=ADVANCED_FACE('',(#781),#50,.T.);
#3080=ADVANCED_FACE('',(#782),#51,.T.);
#3081=ADVANCED_FACE('',(#783),#687,.T.);
#3082=ADVANCED_FACE('',(#784),#257,.T.);
#3083=ADVANCED_FACE('',(#785),#3063,.F.);
#3084=ADVANCED_FACE('',(#786),#688,.T.);
#3085=ADVANCED_FACE('',(#787),#96,.F.);
#3086=ADVANCED_FACE('',(#788),#49,.F.);
#3087=ADVANCED_FACE('',(#789),#97,.T.);
#3088=ADVANCED_FACE('',(#790),#98,.T.);
#3089=ADVANCED_FACE('',(#791),#52,.T.);
#3090=ADVANCED_FACE('',(#792),#689,.T.);
#3091=ADVANCED_FACE('',(#793),#53,.T.);
#3092=ADVANCED_FACE('',(#794),#690,.T.);
#3093=ADVANCED_FACE('',(#795),#54,.T.);
#3094=ADVANCED_FACE('',(#796),#691,.T.);
#3095=ADVANCED_FACE('',(#797),#55,.T.);
#3096=ADVANCED_FACE('',(#798),#692,.T.);
#3097=ADVANCED_FACE('',(#799),#56,.T.);
#3098=ADVANCED_FACE('',(#800),#693,.T.);
#3099=ADVANCED_FACE('',(#801),#57,.T.);
#3100=ADVANCED_FACE('',(#802),#694,.T.);
#3101=ADVANCED_FACE('',(#803),#695,.F.);
#3102=ADVANCED_FACE('',(#804),#99,.T.);
#3103=ADVANCED_FACE('',(#805),#696,.T.);
#3104=ADVANCED_FACE('',(#806),#3064,.F.);
#3105=ADVANCED_FACE('',(#807),#697,.T.);
#3106=ADVANCED_FACE('',(#808),#698,.T.);
#3107=ADVANCED_FACE('',(#809),#699,.T.);
#3108=ADVANCED_FACE('',(#810),#700,.T.);
#3109=ADVANCED_FACE('',(#811),#3065,.F.);
#3110=ADVANCED_FACE('',(#812),#701,.T.);
#3111=ADVANCED_FACE('',(#813),#100,.F.);
#3112=ADVANCED_FACE('',(#814),#101,.F.);
#3113=ADVANCED_FACE('',(#815),#258,.F.);
#3114=ADVANCED_FACE('',(#816),#102,.T.);
#3115=ADVANCED_FACE('',(#817),#259,.F.);
#3116=ADVANCED_FACE('',(#818),#702,.T.);
#3117=ADVANCED_FACE('',(#819),#703,.T.);
#3118=ADVANCED_FACE('',(#820),#704,.T.);
#3119=ADVANCED_FACE('',(#821),#705,.T.);
#3120=ADVANCED_FACE('',(#822,#68,#69,#70),#103,.F.);
#3121=ADVANCED_FACE('',(#823),#706,.T.);
#3122=ADVANCED_FACE('',(#824),#707,.T.);
#3123=ADVANCED_FACE('',(#825),#708,.T.);
#3124=ADVANCED_FACE('',(#826),#709,.T.);
#3125=ADVANCED_FACE('',(#827),#104,.F.);
#3126=ADVANCED_FACE('',(#828,#71,#72,#73,#74,#75,#76,#77,#78),#105,.F.);
#3127=ADVANCED_FACE('',(#829),#710,.T.);
#3128=ADVANCED_FACE('',(#830),#711,.T.);
#3129=ADVANCED_FACE('',(#831),#260,.T.);
#3130=ADVANCED_FACE('',(#832),#712,.F.);
#3131=ADVANCED_FACE('',(#833),#261,.T.);
#3132=ADVANCED_FACE('',(#834),#713,.F.);
#3133=ADVANCED_FACE('',(#835),#714,.T.);
#3134=ADVANCED_FACE('',(#836),#262,.T.);
#3135=ADVANCED_FACE('',(#837),#715,.F.);
#3136=ADVANCED_FACE('',(#838),#263,.T.);
#3137=ADVANCED_FACE('',(#839),#716,.F.);
#3138=ADVANCED_FACE('',(#840),#717,.T.);
#3139=ADVANCED_FACE('',(#841),#264,.T.);
#3140=ADVANCED_FACE('',(#842),#718,.F.);
#3141=ADVANCED_FACE('',(#843),#265,.T.);
#3142=ADVANCED_FACE('',(#844),#719,.F.);
#3143=ADVANCED_FACE('',(#845),#720,.T.);
#3144=ADVANCED_FACE('',(#846),#721,.T.);
#3145=ADVANCED_FACE('',(#847),#722,.T.);
#3146=ADVANCED_FACE('',(#848),#723,.T.);
#3147=ADVANCED_FACE('',(#849),#106,.F.);
#3148=ADVANCED_FACE('',(#850),#107,.F.);
#3149=ADVANCED_FACE('',(#851),#108,.F.);
#3150=ADVANCED_FACE('',(#852,#79),#109,.T.);
#3151=ADVANCED_FACE('',(#853,#80),#110,.F.);
#3152=ADVANCED_FACE('',(#854),#266,.T.);
#3153=ADVANCED_FACE('',(#855),#111,.F.);
#3154=ADVANCED_FACE('',(#856),#112,.F.);
#3155=ADVANCED_FACE('',(#857),#113,.F.);
#3156=ADVANCED_FACE('',(#858),#267,.T.);
#3157=ADVANCED_FACE('',(#859),#724,.F.);
#3158=ADVANCED_FACE('',(#860),#268,.T.);
#3159=ADVANCED_FACE('',(#861),#725,.F.);
#3160=ADVANCED_FACE('',(#862),#269,.T.);
#3161=ADVANCED_FACE('',(#863),#726,.F.);
#3162=ADVANCED_FACE('',(#864),#727,.T.);
#3163=ADVANCED_FACE('',(#865),#270,.T.);
#3164=ADVANCED_FACE('',(#866),#728,.F.);
#3165=ADVANCED_FACE('',(#867),#271,.T.);
#3166=ADVANCED_FACE('',(#868),#729,.F.);
#3167=ADVANCED_FACE('',(#869),#730,.T.);
#3168=ADVANCED_FACE('',(#870),#272,.T.);
#3169=ADVANCED_FACE('',(#871),#731,.F.);
#3170=ADVANCED_FACE('',(#872),#732,.T.);
#3171=ADVANCED_FACE('',(#873),#733,.T.);
#3172=ADVANCED_FACE('',(#874),#734,.T.);
#3173=ADVANCED_FACE('',(#875),#735,.T.);
#3174=ADVANCED_FACE('',(#876),#114,.T.);
#3175=ADVANCED_FACE('',(#877),#115,.T.);
#3176=ADVANCED_FACE('',(#878),#116,.T.);
#3177=ADVANCED_FACE('',(#879,#81),#117,.T.);
#3178=ADVANCED_FACE('',(#880),#273,.T.);
#3179=ADVANCED_FACE('',(#881),#118,.T.);
#3180=ADVANCED_FACE('',(#882),#119,.T.);
#3181=ADVANCED_FACE('',(#883),#120,.T.);
#3182=ADVANCED_FACE('',(#884),#736,.F.);
#3183=ADVANCED_FACE('',(#885),#737,.F.);
#3184=ADVANCED_FACE('',(#886),#121,.F.);
#3185=ADVANCED_FACE('',(#887),#122,.F.);
#3186=ADVANCED_FACE('',(#888),#123,.F.);
#3187=ADVANCED_FACE('',(#889),#124,.F.);
#3188=ADVANCED_FACE('',(#890,#82),#125,.T.);
#3189=ADVANCED_FACE('',(#891),#126,.T.);
#3190=ADVANCED_FACE('',(#892),#127,.T.);
#3191=ADVANCED_FACE('',(#893),#128,.F.);
#3192=ADVANCED_FACE('',(#894),#58,.T.);
#3193=ADVANCED_FACE('',(#895),#738,.T.);
#3194=ADVANCED_FACE('',(#896),#274,.T.);
#3195=ADVANCED_FACE('',(#897),#739,.T.);
#3196=ADVANCED_FACE('',(#898),#3066,.F.);
#3197=ADVANCED_FACE('',(#899),#59,.T.);
#3198=ADVANCED_FACE('',(#900),#275,.T.);
#3199=ADVANCED_FACE('',(#901),#740,.T.);
#3200=ADVANCED_FACE('',(#902),#741,.T.);
#3201=ADVANCED_FACE('',(#903),#742,.T.);
#3202=ADVANCED_FACE('',(#904),#3067,.F.);
#3203=ADVANCED_FACE('',(#905),#129,.T.);
#3204=ADVANCED_FACE('',(#906),#130,.T.);
#3205=ADVANCED_FACE('',(#907),#743,.F.);
#3206=ADVANCED_FACE('',(#908),#744,.F.);
#3207=ADVANCED_FACE('',(#909),#131,.T.);
#3208=ADVANCED_FACE('',(#910),#132,.T.);
#3209=ADVANCED_FACE('',(#911),#745,.T.);
#3210=ADVANCED_FACE('',(#912,#83),#133,.T.);
#3211=ADVANCED_FACE('',(#913),#746,.T.);
#3212=ADVANCED_FACE('',(#914),#134,.T.);
#3213=ADVANCED_FACE('',(#915),#135,.T.);
#3214=ADVANCED_FACE('',(#916),#136,.T.);
#3215=ADVANCED_FACE('',(#917),#747,.F.);
#3216=ADVANCED_FACE('',(#918),#137,.T.);
#3217=ADVANCED_FACE('',(#919),#748,.F.);
#3218=ADVANCED_FACE('',(#920),#138,.T.);
#3219=ADVANCED_FACE('',(#921),#749,.F.);
#3220=ADVANCED_FACE('',(#922),#139,.T.);
#3221=ADVANCED_FACE('',(#923),#750,.T.);
#3222=ADVANCED_FACE('',(#924),#140,.T.);
#3223=ADVANCED_FACE('',(#925),#141,.T.);
#3224=ADVANCED_FACE('',(#926),#751,.T.);
#3225=ADVANCED_FACE('',(#927),#142,.T.);
#3226=ADVANCED_FACE('',(#928,#84,#85),#143,.T.);
#3227=ADVANCED_FACE('',(#929),#752,.T.);
#3228=ADVANCED_FACE('',(#930),#144,.T.);
#3229=ADVANCED_FACE('',(#931),#145,.T.);
#3230=ADVANCED_FACE('',(#932),#753,.F.);
#3231=ADVANCED_FACE('',(#933),#754,.T.);
#3232=ADVANCED_FACE('',(#934,#86),#146,.T.);
#3233=ADVANCED_FACE('',(#935),#755,.F.);
#3234=ADVANCED_FACE('',(#936),#147,.T.);
#3235=ADVANCED_FACE('',(#937),#756,.T.);
#3236=ADVANCED_FACE('',(#938,#87),#148,.T.);
#3237=ADVANCED_FACE('',(#939),#757,.F.);
#3238=ADVANCED_FACE('',(#940,#88),#149,.T.);
#3239=ADVANCED_FACE('',(#941),#758,.F.);
#3240=ADVANCED_FACE('',(#942,#89),#150,.T.);
#3241=ADVANCED_FACE('',(#943),#759,.F.);
#3242=ADVANCED_FACE('',(#944,#90),#151,.T.);
#3243=ADVANCED_FACE('',(#945),#760,.F.);
#3244=ADVANCED_FACE('',(#946,#91),#152,.T.);
#3245=ADVANCED_FACE('',(#947),#761,.T.);
#3246=ADVANCED_FACE('',(#948),#153,.T.);
#3247=ADVANCED_FACE('',(#949),#762,.T.);
#3248=ADVANCED_FACE('',(#950),#154,.T.);
#3249=ADVANCED_FACE('',(#951),#763,.T.);
#3250=ADVANCED_FACE('',(#952),#155,.T.);
#3251=ADVANCED_FACE('',(#953),#764,.T.);
#3252=ADVANCED_FACE('',(#954),#156,.T.);
#3253=ADVANCED_FACE('',(#955),#157,.T.);
#3254=ADVANCED_FACE('',(#956,#92,#93,#94),#158,.F.);
#3255=ADVANCED_FACE('',(#957),#765,.T.);
#3256=ADVANCED_FACE('',(#958),#766,.T.);
#3257=ADVANCED_FACE('',(#959),#767,.F.);
#3258=ADVANCED_FACE('',(#960),#768,.F.);
#3259=ADVANCED_FACE('',(#961),#769,.F.);
#3260=CLOSED_SHELL('',(#3068,#3069,#3070,#3071,#3072,#3073,#3074,#3075,
#3076,#3077,#3078,#3079,#3080,#3081,#3082,#3083,#3084,#3085,#3086,#3087,
#3088,#3089,#3090,#3091,#3092,#3093,#3094,#3095,#3096,#3097,#3098,#3099,
#3100,#3101,#3102,#3103,#3104,#3105,#3106,#3107,#3108,#3109,#3110,#3111,
#3112,#3113,#3114,#3115,#3116,#3117,#3118,#3119,#3120,#3121,#3122,#3123,
#3124,#3125,#3126,#3127,#3128,#3129,#3130,#3131,#3132,#3133,#3134,#3135,
#3136,#3137,#3138,#3139,#3140,#3141,#3142,#3143,#3144,#3145,#3146,#3147,
#3148,#3149,#3150,#3151,#3152,#3153,#3154,#3155,#3156,#3157,#3158,#3159,
#3160,#3161,#3162,#3163,#3164,#3165,#3166,#3167,#3168,#3169,#3170,#3171,
#3172,#3173,#3174,#3175,#3176,#3177,#3178,#3179,#3180,#3181,#3182,#3183,
#3184,#3185,#3186,#3187,#3188,#3189,#3190,#3191,#3192,#3193,#3194,#3195,
#3196,#3197,#3198,#3199,#3200,#3201,#3202,#3203,#3204,#3205,#3206,#3207,
#3208,#3209,#3210,#3211,#3212,#3213,#3214,#3215,#3216,#3217,#3218,#3219,
#3220,#3221,#3222,#3223,#3224,#3225,#3226,#3227,#3228,#3229,#3230,#3231,
#3232,#3233,#3234,#3235,#3236,#3237,#3238,#3239,#3240,#3241,#3242,#3243,
#3244,#3245,#3246,#3247,#3248,#3249,#3250,#3251,#3252,#3253,#3254,#3255,
#3256,#3257,#3258,#3259));
#3261=DERIVED_UNIT_ELEMENT(#3264,1.);
#3262=DERIVED_UNIT_ELEMENT(#6101,-3.);
#3263=DIMENSIONAL_EXPONENTS(0.,1.,0.,0.,0.,0.,0.);
#3264=(
CONVERSION_BASED_UNIT('gram',#3266)
MASS_UNIT()
NAMED_UNIT(#3263)
);
#3265=(
MASS_UNIT()
NAMED_UNIT(*)
SI_UNIT(.KILO.,.GRAM.)
);
#3266=MASS_MEASURE_WITH_UNIT(MASS_MEASURE(0.001),#3265);
#3267=DERIVED_UNIT((#3261,#3262));
#3268=MEASURE_REPRESENTATION_ITEM('density measure',
POSITIVE_RATIO_MEASURE(1.),#3267);
#3269=PROPERTY_DEFINITION_REPRESENTATION(#3274,#3271);
#3270=PROPERTY_DEFINITION_REPRESENTATION(#3275,#3272);
#3271=REPRESENTATION('material name',(#3273),#6098);
#3272=REPRESENTATION('density',(#3268),#6098);
#3273=DESCRIPTIVE_REPRESENTATION_ITEM('Generic','Generic');
#3274=PROPERTY_DEFINITION('material property','material name',#6108);
#3275=PROPERTY_DEFINITION('material property','density of part',#6108);
#3276=DATE_TIME_ROLE('creation_date');
#3277=APPLIED_DATE_AND_TIME_ASSIGNMENT(#3278,#3276,(#6108));
#3278=DATE_AND_TIME(#3279,#3280);
#3279=CALENDAR_DATE(2025,13,5);
#3280=LOCAL_TIME(0,0,0.,#3281);
#3281=COORDINATED_UNIVERSAL_TIME_OFFSET(0,0,.BEHIND.);
#3282=AXIS2_PLACEMENT_3D('',#4719,#3693,#3694);
#3283=AXIS2_PLACEMENT_3D('',#4767,#3695,#3696);
#3284=AXIS2_PLACEMENT_3D('',#4774,#3697,#3698);
#3285=AXIS2_PLACEMENT_3D('',#4777,#3699,#3700);
#3286=AXIS2_PLACEMENT_3D('',#4807,#3703,#3704);
#3287=AXIS2_PLACEMENT_3D('',#4818,#3705,#3706);
#3288=AXIS2_PLACEMENT_3D('',#4821,#3707,#3708);
#3289=AXIS2_PLACEMENT_3D('',#4822,#3709,#3710);
#3290=AXIS2_PLACEMENT_3D('',#4823,#3711,#3712);
#3291=AXIS2_PLACEMENT_3D('',#4851,#3713,#3714);
#3292=AXIS2_PLACEMENT_3D('',#4862,#3715,#3716);
#3293=AXIS2_PLACEMENT_3D('',#4865,#3717,#3718);
#3294=AXIS2_PLACEMENT_3D('',#4921,#3721,#3722);
#3295=AXIS2_PLACEMENT_3D('',#4923,#3723,#3724);
#3296=AXIS2_PLACEMENT_3D('',#4927,#3726,#3727);
#3297=AXIS2_PLACEMENT_3D('',#4930,#3729,#3730);
#3298=AXIS2_PLACEMENT_3D('',#4931,#3731,#3732);
#3299=AXIS2_PLACEMENT_3D('',#4940,#3733,#3734);
#3300=AXIS2_PLACEMENT_3D('',#4947,#3735,#3736);
#3301=AXIS2_PLACEMENT_3D('',#4948,#3737,#3738);
#3302=AXIS2_PLACEMENT_3D('',#4949,#3739,#3740);
#3303=AXIS2_PLACEMENT_3D('',#4951,#3741,#3742);
#3304=AXIS2_PLACEMENT_3D('',#4953,#3743,#3744);
#3305=AXIS2_PLACEMENT_3D('',#4955,#3745,#3746);
#3306=AXIS2_PLACEMENT_3D('',#4965,#3751,#3752);
#3307=AXIS2_PLACEMENT_3D('',#4967,#3753,#3754);
#3308=AXIS2_PLACEMENT_3D('',#4969,#3755,#3756);
#3309=AXIS2_PLACEMENT_3D('',#4971,#3757,#3758);
#3310=AXIS2_PLACEMENT_3D('',#4998,#3759,#3760);
#3311=AXIS2_PLACEMENT_3D('',#5003,#3761,#3762);
#3312=AXIS2_PLACEMENT_3D('',#5005,#3763,#3764);
#3313=AXIS2_PLACEMENT_3D('',#5006,#3765,#3766);
#3314=AXIS2_PLACEMENT_3D('',#5007,#3767,#3768);
#3315=AXIS2_PLACEMENT_3D('',#5010,#3769,#3770);
#3316=AXIS2_PLACEMENT_3D('',#5012,#3771,#3772);
#3317=AXIS2_PLACEMENT_3D('',#5014,#3773,#3774);
#3318=AXIS2_PLACEMENT_3D('',#5015,#3775,#3776);
#3319=AXIS2_PLACEMENT_3D('',#5016,#3777,#3778);
#3320=AXIS2_PLACEMENT_3D('',#5019,#3781,#3782);
#3321=AXIS2_PLACEMENT_3D('',#5020,#3783,#3784);
#3322=AXIS2_PLACEMENT_3D('',#5021,#3785,#3786);
#3323=AXIS2_PLACEMENT_3D('',#5050,#3787,#3788);
#3324=AXIS2_PLACEMENT_3D('',#5053,#3791,#3792);
#3325=AXIS2_PLACEMENT_3D('',#5054,#3793,#3794);
#3326=AXIS2_PLACEMENT_3D('',#5055,#3795,#3796);
#3327=AXIS2_PLACEMENT_3D('',#5056,#3797,#3798);
#3328=AXIS2_PLACEMENT_3D('',#5057,#3799,#3800);
#3329=AXIS2_PLACEMENT_3D('',#5060,#3801,#3802);
#3330=AXIS2_PLACEMENT_3D('',#5062,#3803,#3804);
#3331=AXIS2_PLACEMENT_3D('',#5063,#3805,#3806);
#3332=AXIS2_PLACEMENT_3D('',#5064,#3807,#3808);
#3333=AXIS2_PLACEMENT_3D('',#5066,#3810,#3811);
#3334=AXIS2_PLACEMENT_3D('',#5069,#3812,#3813);
#3335=AXIS2_PLACEMENT_3D('',#5071,#3814,#3815);
#3336=AXIS2_PLACEMENT_3D('',#5072,#3816,#3817);
#3337=AXIS2_PLACEMENT_3D('',#5073,#3818,#3819);
#3338=AXIS2_PLACEMENT_3D('',#5075,#3821,#3822);
#3339=AXIS2_PLACEMENT_3D('',#5078,#3823,#3824);
#3340=AXIS2_PLACEMENT_3D('',#5080,#3825,#3826);
#3341=AXIS2_PLACEMENT_3D('',#5081,#3827,#3828);
#3342=AXIS2_PLACEMENT_3D('',#5082,#3829,#3830);
#3343=AXIS2_PLACEMENT_3D('',#5084,#3832,#3833);
#3344=AXIS2_PLACEMENT_3D('',#5087,#3834,#3835);
#3345=AXIS2_PLACEMENT_3D('',#5089,#3836,#3837);
#3346=AXIS2_PLACEMENT_3D('',#5090,#3838,#3839);
#3347=AXIS2_PLACEMENT_3D('',#5091,#3840,#3841);
#3348=AXIS2_PLACEMENT_3D('',#5093,#3843,#3844);
#3349=AXIS2_PLACEMENT_3D('',#5096,#3845,#3846);
#3350=AXIS2_PLACEMENT_3D('',#5098,#3847,#3848);
#3351=AXIS2_PLACEMENT_3D('',#5099,#3849,#3850);
#3352=AXIS2_PLACEMENT_3D('',#5100,#3851,#3852);
#3353=AXIS2_PLACEMENT_3D('',#5103,#3854,#3855);
#3354=AXIS2_PLACEMENT_3D('',#5104,#3856,#3857);
#3355=AXIS2_PLACEMENT_3D('',#5107,#3858,#3859);
#3356=AXIS2_PLACEMENT_3D('',#5109,#3860,#3861);
#3357=AXIS2_PLACEMENT_3D('',#5110,#3862,#3863);
#3358=AXIS2_PLACEMENT_3D('',#5111,#3864,#3865);
#3359=AXIS2_PLACEMENT_3D('',#5114,#3867,#3868);
#3360=AXIS2_PLACEMENT_3D('',#5115,#3869,#3870);
#3361=AXIS2_PLACEMENT_3D('',#5117,#3871,#3872);
#3362=AXIS2_PLACEMENT_3D('',#5120,#3874,#3875);
#3363=AXIS2_PLACEMENT_3D('',#5121,#3876,#3877);
#3364=AXIS2_PLACEMENT_3D('',#5125,#3879,#3880);
#3365=AXIS2_PLACEMENT_3D('',#5133,#3884,#3885);
#3366=AXIS2_PLACEMENT_3D('',#5135,#3887,#3888);
#3367=AXIS2_PLACEMENT_3D('',#5140,#3890,#3891);
#3368=AXIS2_PLACEMENT_3D('',#5143,#3893,#3894);
#3369=AXIS2_PLACEMENT_3D('',#5170,#3895,#3896);
#3370=AXIS2_PLACEMENT_3D('',#5181,#3897,#3898);
#3371=AXIS2_PLACEMENT_3D('',#5184,#3900,#3901);
#3372=AXIS2_PLACEMENT_3D('',#5185,#3902,#3903);
#3373=AXIS2_PLACEMENT_3D('',#5189,#3905,#3906);
#3374=AXIS2_PLACEMENT_3D('',#5191,#3908,#3909);
#3375=AXIS2_PLACEMENT_3D('',#5194,#3911,#3912);
#3376=AXIS2_PLACEMENT_3D('',#5195,#3913,#3914);
#3377=AXIS2_PLACEMENT_3D('',#5198,#3916,#3917);
#3378=AXIS2_PLACEMENT_3D('',#5226,#3918,#3919);
#3379=AXIS2_PLACEMENT_3D('',#5241,#3920,#3921);
#3380=AXIS2_PLACEMENT_3D('',#5244,#3924,#3925);
#3381=AXIS2_PLACEMENT_3D('',#5250,#3929,#3930);
#3382=AXIS2_PLACEMENT_3D('',#5254,#3933,#3934);
#3383=AXIS2_PLACEMENT_3D('',#5257,#3935,#3936);
#3384=AXIS2_PLACEMENT_3D('',#5258,#3937,#3938);
#3385=AXIS2_PLACEMENT_3D('',#5259,#3939,#3940);
#3386=AXIS2_PLACEMENT_3D('',#5261,#3941,#3942);
#3387=AXIS2_PLACEMENT_3D('',#5272,#3943,#3944);
#3388=AXIS2_PLACEMENT_3D('',#5274,#3945,#3946);
#3389=AXIS2_PLACEMENT_3D('',#5280,#3950,#3951);
#3390=AXIS2_PLACEMENT_3D('',#5282,#3952,#3953);
#3391=AXIS2_PLACEMENT_3D('',#5284,#3954,#3955);
#3392=AXIS2_PLACEMENT_3D('',#5297,#3956,#3957);
#3393=AXIS2_PLACEMENT_3D('',#5301,#3959,#3960);
#3394=AXIS2_PLACEMENT_3D('',#5302,#3961,#3962);
#3395=AXIS2_PLACEMENT_3D('',#5303,#3963,#3964);
#3396=AXIS2_PLACEMENT_3D('',#5308,#3967,#3968);
#3397=AXIS2_PLACEMENT_3D('',#5309,#3969,#3970);
#3398=AXIS2_PLACEMENT_3D('',#5312,#3972,#3973);
#3399=AXIS2_PLACEMENT_3D('',#5313,#3974,#3975);
#3400=AXIS2_PLACEMENT_3D('',#5316,#3978,#3979);
#3401=AXIS2_PLACEMENT_3D('',#5321,#3981,#3982);
#3402=AXIS2_PLACEMENT_3D('',#5328,#3986,#3987);
#3403=AXIS2_PLACEMENT_3D('',#5330,#3988,#3989);
#3404=AXIS2_PLACEMENT_3D('',#5332,#3990,#3991);
#3405=AXIS2_PLACEMENT_3D('',#5333,#3992,#3993);
#3406=AXIS2_PLACEMENT_3D('',#5337,#3995,#3996);
#3407=AXIS2_PLACEMENT_3D('',#5338,#3997,#3998);
#3408=AXIS2_PLACEMENT_3D('',#5339,#3999,#4000);
#3409=AXIS2_PLACEMENT_3D('',#5344,#4002,#4003);
#3410=AXIS2_PLACEMENT_3D('',#5347,#4005,#4006);
#3411=AXIS2_PLACEMENT_3D('',#5348,#4007,#4008);
#3412=AXIS2_PLACEMENT_3D('',#5351,#4010,#4011);
#3413=AXIS2_PLACEMENT_3D('',#5353,#4013,#4014);
#3414=AXIS2_PLACEMENT_3D('',#5357,#4017,#4018);
#3415=AXIS2_PLACEMENT_3D('',#5358,#4019,#4020);
#3416=AXIS2_PLACEMENT_3D('',#5360,#4022,#4023);
#3417=AXIS2_PLACEMENT_3D('',#5363,#4024,#4025);
#3418=AXIS2_PLACEMENT_3D('',#5364,#4026,#4027);
#3419=AXIS2_PLACEMENT_3D('',#5366,#4028,#4029);
#3420=AXIS2_PLACEMENT_3D('',#5368,#4030,#4031);
#3421=AXIS2_PLACEMENT_3D('',#5370,#4032,#4033);
#3422=AXIS2_PLACEMENT_3D('',#5372,#4034,#4035);
#3423=AXIS2_PLACEMENT_3D('',#5374,#4036,#4037);
#3424=AXIS2_PLACEMENT_3D('',#5376,#4038,#4039);
#3425=AXIS2_PLACEMENT_3D('',#5378,#4040,#4041);
#3426=AXIS2_PLACEMENT_3D('',#5379,#4042,#4043);
#3427=AXIS2_PLACEMENT_3D('',#5381,#4044,#4045);
#3428=AXIS2_PLACEMENT_3D('',#5383,#4047,#4048);
#3429=AXIS2_PLACEMENT_3D('',#5385,#4049,#4050);
#3430=AXIS2_PLACEMENT_3D('',#5387,#4052,#4053);
#3431=AXIS2_PLACEMENT_3D('',#5390,#4054,#4055);
#3432=AXIS2_PLACEMENT_3D('',#5392,#4056,#4057);
#3433=AXIS2_PLACEMENT_3D('',#5394,#4058,#4059);
#3434=AXIS2_PLACEMENT_3D('',#5395,#4060,#4061);
#3435=AXIS2_PLACEMENT_3D('',#5396,#4062,#4063);
#3436=AXIS2_PLACEMENT_3D('',#5399,#4064,#4065);
#3437=AXIS2_PLACEMENT_3D('',#5402,#4068,#4069);
#3438=AXIS2_PLACEMENT_3D('',#5405,#4070,#4071);
#3439=AXIS2_PLACEMENT_3D('',#5407,#4072,#4073);
#3440=AXIS2_PLACEMENT_3D('',#5409,#4074,#4075);
#3441=AXIS2_PLACEMENT_3D('',#5410,#4076,#4077);
#3442=AXIS2_PLACEMENT_3D('',#5411,#4078,#4079);
#3443=AXIS2_PLACEMENT_3D('',#5414,#4080,#4081);
#3444=AXIS2_PLACEMENT_3D('',#5417,#4084,#4085);
#3445=AXIS2_PLACEMENT_3D('',#5420,#4088,#4089);
#3446=AXIS2_PLACEMENT_3D('',#5423,#4090,#4091);
#3447=AXIS2_PLACEMENT_3D('',#5425,#4092,#4093);
#3448=AXIS2_PLACEMENT_3D('',#5427,#4094,#4095);
#3449=AXIS2_PLACEMENT_3D('',#5428,#4096,#4097);
#3450=AXIS2_PLACEMENT_3D('',#5429,#4098,#4099);
#3451=AXIS2_PLACEMENT_3D('',#5432,#4100,#4101);
#3452=AXIS2_PLACEMENT_3D('',#5435,#4104,#4105);
#3453=AXIS2_PLACEMENT_3D('',#5438,#4106,#4107);
#3454=AXIS2_PLACEMENT_3D('',#5440,#4108,#4109);
#3455=AXIS2_PLACEMENT_3D('',#5442,#4110,#4111);
#3456=AXIS2_PLACEMENT_3D('',#5443,#4112,#4113);
#3457=AXIS2_PLACEMENT_3D('',#5444,#4114,#4115);
#3458=AXIS2_PLACEMENT_3D('',#5447,#4116,#4117);
#3459=AXIS2_PLACEMENT_3D('',#5450,#4120,#4121);
#3460=AXIS2_PLACEMENT_3D('',#5453,#4124,#4125);
#3461=AXIS2_PLACEMENT_3D('',#5456,#4126,#4127);
#3462=AXIS2_PLACEMENT_3D('',#5458,#4128,#4129);
#3463=AXIS2_PLACEMENT_3D('',#5460,#4130,#4131);
#3464=AXIS2_PLACEMENT_3D('',#5461,#4132,#4133);
#3465=AXIS2_PLACEMENT_3D('',#5462,#4134,#4135);
#3466=AXIS2_PLACEMENT_3D('',#5465,#4136,#4137);
#3467=AXIS2_PLACEMENT_3D('',#5468,#4140,#4141);
#3468=AXIS2_PLACEMENT_3D('',#5471,#4142,#4143);
#3469=AXIS2_PLACEMENT_3D('',#5473,#4144,#4145);
#3470=AXIS2_PLACEMENT_3D('',#5475,#4146,#4147);
#3471=AXIS2_PLACEMENT_3D('',#5476,#4148,#4149);
#3472=AXIS2_PLACEMENT_3D('',#5477,#4150,#4151);
#3473=AXIS2_PLACEMENT_3D('',#5480,#4152,#4153);
#3474=AXIS2_PLACEMENT_3D('',#5483,#4156,#4157);
#3475=AXIS2_PLACEMENT_3D('',#5486,#4160,#4161);
#3476=AXIS2_PLACEMENT_3D('',#5489,#4164,#4165);
#3477=AXIS2_PLACEMENT_3D('',#5492,#4168,#4169);
#3478=AXIS2_PLACEMENT_3D('',#5495,#4172,#4173);
#3479=AXIS2_PLACEMENT_3D('',#5497,#4175,#4176);
#3480=AXIS2_PLACEMENT_3D('',#5499,#4178,#4179);
#3481=AXIS2_PLACEMENT_3D('',#5501,#4181,#4182);
#3482=AXIS2_PLACEMENT_3D('',#5506,#4186,#4187);
#3483=AXIS2_PLACEMENT_3D('',#5507,#4188,#4189);
#3484=AXIS2_PLACEMENT_3D('',#5509,#4190,#4191);
#3485=AXIS2_PLACEMENT_3D('',#5510,#4192,#4193);
#3486=AXIS2_PLACEMENT_3D('',#5511,#4194,#4195);
#3487=AXIS2_PLACEMENT_3D('',#5512,#4196,#4197);
#3488=AXIS2_PLACEMENT_3D('',#5513,#4198,#4199);
#3489=AXIS2_PLACEMENT_3D('',#5514,#4200,#4201);
#3490=AXIS2_PLACEMENT_3D('',#5515,#4202,#4203);
#3491=AXIS2_PLACEMENT_3D('',#5518,#4204,#4205);
#3492=AXIS2_PLACEMENT_3D('',#5520,#4206,#4207);
#3493=AXIS2_PLACEMENT_3D('',#5522,#4208,#4209);
#3494=AXIS2_PLACEMENT_3D('',#5523,#4210,#4211);
#3495=AXIS2_PLACEMENT_3D('',#5524,#4212,#4213);
#3496=AXIS2_PLACEMENT_3D('',#5527,#4214,#4215);
#3497=AXIS2_PLACEMENT_3D('',#5530,#4218,#4219);
#3498=AXIS2_PLACEMENT_3D('',#5533,#4220,#4221);
#3499=AXIS2_PLACEMENT_3D('',#5535,#4222,#4223);
#3500=AXIS2_PLACEMENT_3D('',#5537,#4224,#4225);
#3501=AXIS2_PLACEMENT_3D('',#5538,#4226,#4227);
#3502=AXIS2_PLACEMENT_3D('',#5539,#4228,#4229);
#3503=AXIS2_PLACEMENT_3D('',#5542,#4230,#4231);
#3504=AXIS2_PLACEMENT_3D('',#5545,#4234,#4235);
#3505=AXIS2_PLACEMENT_3D('',#5548,#4236,#4237);
#3506=AXIS2_PLACEMENT_3D('',#5550,#4238,#4239);
#3507=AXIS2_PLACEMENT_3D('',#5552,#4240,#4241);
#3508=AXIS2_PLACEMENT_3D('',#5553,#4242,#4243);
#3509=AXIS2_PLACEMENT_3D('',#5554,#4244,#4245);
#3510=AXIS2_PLACEMENT_3D('',#5557,#4246,#4247);
#3511=AXIS2_PLACEMENT_3D('',#5560,#4250,#4251);
#3512=AXIS2_PLACEMENT_3D('',#5563,#4254,#4255);
#3513=AXIS2_PLACEMENT_3D('',#5566,#4256,#4257);
#3514=AXIS2_PLACEMENT_3D('',#5568,#4258,#4259);
#3515=AXIS2_PLACEMENT_3D('',#5570,#4260,#4261);
#3516=AXIS2_PLACEMENT_3D('',#5571,#4262,#4263);
#3517=AXIS2_PLACEMENT_3D('',#5572,#4264,#4265);
#3518=AXIS2_PLACEMENT_3D('',#5575,#4266,#4267);
#3519=AXIS2_PLACEMENT_3D('',#5578,#4270,#4271);
#3520=AXIS2_PLACEMENT_3D('',#5581,#4272,#4273);
#3521=AXIS2_PLACEMENT_3D('',#5583,#4274,#4275);
#3522=AXIS2_PLACEMENT_3D('',#5585,#4276,#4277);
#3523=AXIS2_PLACEMENT_3D('',#5586,#4278,#4279);
#3524=AXIS2_PLACEMENT_3D('',#5587,#4280,#4281);
#3525=AXIS2_PLACEMENT_3D('',#5590,#4282,#4283);
#3526=AXIS2_PLACEMENT_3D('',#5593,#4286,#4287);
#3527=AXIS2_PLACEMENT_3D('',#5596,#4290,#4291);
#3528=AXIS2_PLACEMENT_3D('',#5599,#4292,#4293);
#3529=AXIS2_PLACEMENT_3D('',#5601,#4294,#4295);
#3530=AXIS2_PLACEMENT_3D('',#5603,#4296,#4297);
#3531=AXIS2_PLACEMENT_3D('',#5604,#4298,#4299);
#3532=AXIS2_PLACEMENT_3D('',#5605,#4300,#4301);
#3533=AXIS2_PLACEMENT_3D('',#5608,#4302,#4303);
#3534=AXIS2_PLACEMENT_3D('',#5611,#4306,#4307);
#3535=AXIS2_PLACEMENT_3D('',#5614,#4310,#4311);
#3536=AXIS2_PLACEMENT_3D('',#5617,#4314,#4315);
#3537=AXIS2_PLACEMENT_3D('',#5620,#4318,#4319);
#3538=AXIS2_PLACEMENT_3D('',#5623,#4322,#4323);
#3539=AXIS2_PLACEMENT_3D('',#5625,#4325,#4326);
#3540=AXIS2_PLACEMENT_3D('',#5627,#4328,#4329);
#3541=AXIS2_PLACEMENT_3D('',#5629,#4331,#4332);
#3542=AXIS2_PLACEMENT_3D('',#5631,#4333,#4334);
#3543=AXIS2_PLACEMENT_3D('',#5632,#4335,#4336);
#3544=AXIS2_PLACEMENT_3D('',#5633,#4337,#4338);
#3545=AXIS2_PLACEMENT_3D('',#5634,#4339,#4340);
#3546=AXIS2_PLACEMENT_3D('',#5636,#4342,#4343);
#3547=AXIS2_PLACEMENT_3D('',#5638,#4345,#4346);
#3548=AXIS2_PLACEMENT_3D('',#5640,#4348,#4349);
#3549=AXIS2_PLACEMENT_3D('',#5642,#4350,#4351);
#3550=AXIS2_PLACEMENT_3D('',#5644,#4353,#4354);
#3551=AXIS2_PLACEMENT_3D('',#5646,#4356,#4357);
#3552=AXIS2_PLACEMENT_3D('',#5648,#4359,#4360);
#3553=AXIS2_PLACEMENT_3D('',#5649,#4361,#4362);
#3554=AXIS2_PLACEMENT_3D('',#5651,#4364,#4365);
#3555=AXIS2_PLACEMENT_3D('',#5652,#4366,#4367);
#3556=AXIS2_PLACEMENT_3D('',#5653,#4368,#4369);
#3557=AXIS2_PLACEMENT_3D('',#5656,#4372,#4373);
#3558=AXIS2_PLACEMENT_3D('',#5657,#4374,#4375);
#3559=AXIS2_PLACEMENT_3D('',#5658,#4376,#4377);
#3560=AXIS2_PLACEMENT_3D('',#5661,#4378,#4379);
#3561=AXIS2_PLACEMENT_3D('',#5663,#4380,#4381);
#3562=AXIS2_PLACEMENT_3D('',#5664,#4382,#4383);
#3563=AXIS2_PLACEMENT_3D('',#5665,#4384,#4385);
#3564=AXIS2_PLACEMENT_3D('',#5668,#4386,#4387);
#3565=AXIS2_PLACEMENT_3D('',#5671,#4390,#4391);
#3566=AXIS2_PLACEMENT_3D('',#5680,#4392,#4393);
#3567=AXIS2_PLACEMENT_3D('',#5681,#4394,#4395);
#3568=AXIS2_PLACEMENT_3D('',#5682,#4396,#4397);
#3569=AXIS2_PLACEMENT_3D('',#5685,#4398,#4399);
#3570=AXIS2_PLACEMENT_3D('',#5743,#4402,#4403);
#3571=AXIS2_PLACEMENT_3D('',#5744,#4404,#4405);
#3572=AXIS2_PLACEMENT_3D('',#5745,#4406,#4407);
#3573=AXIS2_PLACEMENT_3D('',#5748,#4408,#4409);
#3574=AXIS2_PLACEMENT_3D('',#5750,#4410,#4411);
#3575=AXIS2_PLACEMENT_3D('',#5751,#4412,#4413);
#3576=AXIS2_PLACEMENT_3D('',#5752,#4414,#4415);
#3577=AXIS2_PLACEMENT_3D('',#5755,#4416,#4417);
#3578=AXIS2_PLACEMENT_3D('',#5757,#4418,#4419);
#3579=AXIS2_PLACEMENT_3D('',#5765,#4420,#4421);
#3580=AXIS2_PLACEMENT_3D('',#5766,#4422,#4423);
#3581=AXIS2_PLACEMENT_3D('',#5769,#4426,#4427);
#3582=AXIS2_PLACEMENT_3D('',#5772,#4430,#4431);
#3583=AXIS2_PLACEMENT_3D('',#5775,#4432,#4433);
#3584=AXIS2_PLACEMENT_3D('',#5836,#4436,#4437);
#3585=AXIS2_PLACEMENT_3D('',#5837,#4438,#4439);
#3586=AXIS2_PLACEMENT_3D('',#5838,#4440,#4441);
#3587=AXIS2_PLACEMENT_3D('',#5840,#4443,#4444);
#3588=AXIS2_PLACEMENT_3D('',#5842,#4446,#4447);
#3589=AXIS2_PLACEMENT_3D('',#5844,#4449,#4450);
#3590=AXIS2_PLACEMENT_3D('',#5847,#4453,#4454);
#3591=AXIS2_PLACEMENT_3D('',#5848,#4455,#4456);
#3592=AXIS2_PLACEMENT_3D('',#5850,#4458,#4459);
#3593=AXIS2_PLACEMENT_3D('',#5853,#4460,#4461);
#3594=AXIS2_PLACEMENT_3D('',#5857,#4463,#4464);
#3595=AXIS2_PLACEMENT_3D('',#5859,#4466,#4467);
#3596=AXIS2_PLACEMENT_3D('',#5865,#4471,#4472);
#3597=AXIS2_PLACEMENT_3D('',#5867,#4473,#4474);
#3598=AXIS2_PLACEMENT_3D('',#5869,#4475,#4476);
#3599=AXIS2_PLACEMENT_3D('',#5871,#4478,#4479);
#3600=AXIS2_PLACEMENT_3D('',#5877,#4483,#4484);
#3601=AXIS2_PLACEMENT_3D('',#5883,#4488,#4489);
#3602=AXIS2_PLACEMENT_3D('',#5889,#4493,#4494);
#3603=AXIS2_PLACEMENT_3D('',#5891,#4495,#4496);
#3604=AXIS2_PLACEMENT_3D('',#5893,#4497,#4498);
#3605=AXIS2_PLACEMENT_3D('',#5895,#4500,#4501);
#3606=AXIS2_PLACEMENT_3D('',#5901,#4505,#4506);
#3607=AXIS2_PLACEMENT_3D('',#5903,#4507,#4508);
#3608=AXIS2_PLACEMENT_3D('',#5905,#4509,#4510);
#3609=AXIS2_PLACEMENT_3D('',#5907,#4512,#4513);
#3610=AXIS2_PLACEMENT_3D('',#5913,#4517,#4518);
#3611=AXIS2_PLACEMENT_3D('',#5915,#4519,#4520);
#3612=AXIS2_PLACEMENT_3D('',#5917,#4521,#4522);
#3613=AXIS2_PLACEMENT_3D('',#5919,#4524,#4525);
#3614=AXIS2_PLACEMENT_3D('',#5925,#4529,#4530);
#3615=AXIS2_PLACEMENT_3D('',#5927,#4531,#4532);
#3616=AXIS2_PLACEMENT_3D('',#5929,#4533,#4534);
#3617=AXIS2_PLACEMENT_3D('',#5931,#4536,#4537);
#3618=AXIS2_PLACEMENT_3D('',#5934,#4540,#4541);
#3619=AXIS2_PLACEMENT_3D('',#5935,#4542,#4543);
#3620=AXIS2_PLACEMENT_3D('',#5938,#4544,#4545);
#3621=AXIS2_PLACEMENT_3D('',#5942,#4547,#4548);
#3622=AXIS2_PLACEMENT_3D('',#5944,#4550,#4551);
#3623=AXIS2_PLACEMENT_3D('',#5950,#4555,#4556);
#3624=AXIS2_PLACEMENT_3D('',#5954,#4558,#4559);
#3625=AXIS2_PLACEMENT_3D('',#5956,#4560,#4561);
#3626=AXIS2_PLACEMENT_3D('',#5958,#4562,#4563);
#3627=AXIS2_PLACEMENT_3D('',#5961,#4565,#4566);
#3628=AXIS2_PLACEMENT_3D('',#5963,#4567,#4568);
#3629=AXIS2_PLACEMENT_3D('',#5965,#4569,#4570);
#3630=AXIS2_PLACEMENT_3D('',#5966,#4571,#4572);
#3631=AXIS2_PLACEMENT_3D('',#5969,#4574,#4575);
#3632=AXIS2_PLACEMENT_3D('',#5970,#4576,#4577);
#3633=AXIS2_PLACEMENT_3D('',#5974,#4580,#4581);
#3634=AXIS2_PLACEMENT_3D('',#5976,#4582,#4583);
#3635=AXIS2_PLACEMENT_3D('',#5977,#4584,#4585);
#3636=AXIS2_PLACEMENT_3D('',#5979,#4586,#4587);
#3637=AXIS2_PLACEMENT_3D('',#5981,#4589,#4590);
#3638=AXIS2_PLACEMENT_3D('',#5983,#4591,#4592);
#3639=AXIS2_PLACEMENT_3D('',#5985,#4594,#4595);
#3640=AXIS2_PLACEMENT_3D('',#5986,#4596,#4597);
#3641=AXIS2_PLACEMENT_3D('',#5988,#4598,#4599);
#3642=AXIS2_PLACEMENT_3D('',#5991,#4601,#4602);
#3643=AXIS2_PLACEMENT_3D('',#5992,#4603,#4604);
#3644=AXIS2_PLACEMENT_3D('',#5993,#4605,#4606);
#3645=AXIS2_PLACEMENT_3D('',#5995,#4607,#4608);
#3646=AXIS2_PLACEMENT_3D('',#5997,#4610,#4611);
#3647=AXIS2_PLACEMENT_3D('',#5998,#4612,#4613);
#3648=AXIS2_PLACEMENT_3D('',#6000,#4614,#4615);
#3649=AXIS2_PLACEMENT_3D('',#6003,#4617,#4618);
#3650=AXIS2_PLACEMENT_3D('',#6004,#4619,#4620);
#3651=AXIS2_PLACEMENT_3D('',#6006,#4621,#4622);
#3652=AXIS2_PLACEMENT_3D('',#6007,#4623,#4624);
#3653=AXIS2_PLACEMENT_3D('',#6009,#4625,#4626);
#3654=AXIS2_PLACEMENT_3D('',#6012,#4628,#4629);
#3655=AXIS2_PLACEMENT_3D('',#6013,#4630,#4631);
#3656=AXIS2_PLACEMENT_3D('',#6015,#4632,#4633);
#3657=AXIS2_PLACEMENT_3D('',#6016,#4634,#4635);
#3658=AXIS2_PLACEMENT_3D('',#6018,#4636,#4637);
#3659=AXIS2_PLACEMENT_3D('',#6021,#4639,#4640);
#3660=AXIS2_PLACEMENT_3D('',#6022,#4641,#4642);
#3661=AXIS2_PLACEMENT_3D('',#6024,#4643,#4644);
#3662=AXIS2_PLACEMENT_3D('',#6025,#4645,#4646);
#3663=AXIS2_PLACEMENT_3D('',#6027,#4647,#4648);
#3664=AXIS2_PLACEMENT_3D('',#6030,#4650,#4651);
#3665=AXIS2_PLACEMENT_3D('',#6031,#4652,#4653);
#3666=AXIS2_PLACEMENT_3D('',#6033,#4654,#4655);
#3667=AXIS2_PLACEMENT_3D('',#6034,#4656,#4657);
#3668=AXIS2_PLACEMENT_3D('',#6036,#4659,#4660);
#3669=AXIS2_PLACEMENT_3D('',#6037,#4661,#4662);
#3670=AXIS2_PLACEMENT_3D('',#6039,#4664,#4665);
#3671=AXIS2_PLACEMENT_3D('',#6040,#4666,#4667);
#3672=AXIS2_PLACEMENT_3D('',#6042,#4669,#4670);
#3673=AXIS2_PLACEMENT_3D('',#6043,#4671,#4672);
#3674=AXIS2_PLACEMENT_3D('',#6045,#4674,#4675);
#3675=AXIS2_PLACEMENT_3D('',#6046,#4676,#4677);
#3676=AXIS2_PLACEMENT_3D('',#6049,#4680,#4681);
#3677=AXIS2_PLACEMENT_3D('',#6050,#4682,#4683);
#3678=AXIS2_PLACEMENT_3D('',#6051,#4684,#4685);
#3679=AXIS2_PLACEMENT_3D('',#6054,#4688,#4689);
#3680=AXIS2_PLACEMENT_3D('',#6055,#4690,#4691);
#3681=AXIS2_PLACEMENT_3D('',#6057,#4693,#4694);
#3682=AXIS2_PLACEMENT_3D('',#6059,#4696,#4697);
#3683=AXIS2_PLACEMENT_3D('',#6061,#4699,#4700);
#3684=AXIS2_PLACEMENT_3D('',#6062,#4701,#4702);
#3685=AXIS2_PLACEMENT_3D('',#6063,#4703,#4704);
#3686=AXIS2_PLACEMENT_3D('',#6064,#4705,#4706);
#3687=AXIS2_PLACEMENT_3D('',#6065,#4707,#4708);
#3688=AXIS2_PLACEMENT_3D('',#6066,#4709,#4710);
#3689=AXIS2_PLACEMENT_3D('',#6081,#4711,#4712);
#3690=AXIS2_PLACEMENT_3D('',#6084,#4713,#4714);
#3691=AXIS2_PLACEMENT_3D('',#6087,#4715,#4716);
#3692=AXIS2_PLACEMENT_3D('',#6090,#4717,#4718);
#3693=DIRECTION('axis',(0.,0.,1.));
#3694=DIRECTION('refdir',(1.,0.,0.));
#3695=DIRECTION('center_axis',(1.19009649775488E-10,-1.,-7.46024306399734E-11));
#3696=DIRECTION('ref_axis',(-0.531131952417324,0.,-0.847289117787642));
#3697=DIRECTION('center_axis',(0.,1.,0.));
#3698=DIRECTION('ref_axis',(0.224254022320484,0.,-0.974530724745548));
#3699=DIRECTION('center_axis',(-5.87925531068398E-16,-1.,3.68547203825455E-16));
#3700=DIRECTION('ref_axis',(-0.53113195241735,0.,-0.847289117787626));
#3701=DIRECTION('',(0.,1.,0.));
#3702=DIRECTION('',(0.,-1.,0.));
#3703=DIRECTION('center_axis',(0.848805338858429,1.65312767209338E-14,-0.528705491484084));
#3704=DIRECTION('ref_axis',(-0.528705491484084,5.20417042793044E-16,-0.848805338858429));
#3705=DIRECTION('center_axis',(0.,1.,0.));
#3706=DIRECTION('ref_axis',(0.,0.,1.));
#3707=DIRECTION('center_axis',(0.882275056174772,3.94307419912952E-15,-0.470734240577209));
#3708=DIRECTION('ref_axis',(-0.470734240577209,0.,-0.882275056174772));
#3709=DIRECTION('center_axis',(0.,1.,0.));
#3710=DIRECTION('ref_axis',(-0.5,0.,-0.866025403784439));
#3711=DIRECTION('center_axis',(0.,-1.,0.));
#3712=DIRECTION('ref_axis',(-0.5,0.,-0.866025403784439));
#3713=DIRECTION('center_axis',(3.67880403924453E-15,1.,-1.94930906115648E-15));
#3714=DIRECTION('ref_axis',(-0.468207924145651,0.,-0.883618322448794));
#3715=DIRECTION('center_axis',(0.,-1.,0.));
#3716=DIRECTION('ref_axis',(-0.956095375558344,0.,-0.293055682142403));
#3717=DIRECTION('center_axis',(0.,1.,0.));
#3718=DIRECTION('ref_axis',(-0.468207924145545,0.,-0.88361832244885));
#3719=DIRECTION('',(0.,-1.,0.));
#3720=DIRECTION('',(0.,1.,0.));
#3721=DIRECTION('center_axis',(0.,-1.,0.));
#3722=DIRECTION('ref_axis',(-0.0655807900633354,0.,-0.997847262848713));
#3723=DIRECTION('center_axis',(0.,-1.,0.));
#3724=DIRECTION('ref_axis',(-0.0655807900633354,0.,-0.997847262848713));
#3725=DIRECTION('',(0.,1.,0.));
#3726=DIRECTION('center_axis',(0.,-1.,0.));
#3727=DIRECTION('ref_axis',(-0.0655807900633354,0.,-0.997847262848713));
#3728=DIRECTION('',(0.,-1.,0.));
#3729=DIRECTION('center_axis',(0.,-1.,0.));
#3730=DIRECTION('ref_axis',(-0.0655807900633354,0.,-0.997847262848713));
#3731=DIRECTION('center_axis',(0.,-1.,0.));
#3732=DIRECTION('ref_axis',(0.,0.,-1.));
#3733=DIRECTION('center_axis',(0.,1.,0.));
#3734=DIRECTION('ref_axis',(-0.5,0.,-0.866025403784439));
#3735=DIRECTION('center_axis',(-6.7993988528554E-18,-1.,1.99570316504171E-17));
#3736=DIRECTION('ref_axis',(-0.5,-1.38835969669636E-17,-0.866025403784439));
#3737=DIRECTION('center_axis',(0.,1.,0.));
#3738=DIRECTION('ref_axis',(0.,0.,1.));
#3739=DIRECTION('center_axis',(0.,1.,0.));
#3740=DIRECTION('ref_axis',(-1.,0.,0.));
#3741=DIRECTION('center_axis',(0.,-1.,0.));
#3742=DIRECTION('ref_axis',(1.,0.,0.));
#3743=DIRECTION('center_axis',(0.,-1.,0.));
#3744=DIRECTION('ref_axis',(1.,0.,0.));
#3745=DIRECTION('center_axis',(0.,-1.,0.));
#3746=DIRECTION('ref_axis',(1.,0.,0.));
#3747=DIRECTION('',(0.750584438535935,0.,-0.660774545989549));
#3748=DIRECTION('',(0.660774545989549,0.,0.750584438535935));
#3749=DIRECTION('',(-0.750584438535935,0.,0.660774545989549));
#3750=DIRECTION('',(0.660774545989549,0.,0.750584438535935));
#3751=DIRECTION('center_axis',(0.,-1.,0.));
#3752=DIRECTION('ref_axis',(0.866025403784439,0.,-0.5));
#3753=DIRECTION('center_axis',(0.,-1.,0.));
#3754=DIRECTION('ref_axis',(0.866025403784439,0.,-0.5));
#3755=DIRECTION('center_axis',(0.,-1.,0.));
#3756=DIRECTION('ref_axis',(0.866025403784439,0.,-0.5));
#3757=DIRECTION('center_axis',(0.,-1.,0.));
#3758=DIRECTION('ref_axis',(0.866025403784439,0.,-0.5));
#3759=DIRECTION('center_axis',(0.331966697478894,-0.707106415117419,0.624338553562688));
#3760=DIRECTION('ref_axis',(0.332864621189017,0.707106781186482,0.623859875261092));
#3761=DIRECTION('center_axis',(0.,0.,1.));
#3762=DIRECTION('ref_axis',(1.,0.,0.));
#3763=DIRECTION('center_axis',(0.882271096614463,0.,-0.470741661719795));
#3764=DIRECTION('ref_axis',(0.,-1.,0.));
#3765=DIRECTION('center_axis',(0.469471562785893,-1.24087781633516E-13,
0.882947592858926));
#3766=DIRECTION('ref_axis',(0.882947592858926,0.,-0.469471562785893));
#3767=DIRECTION('center_axis',(0.,0.,1.));
#3768=DIRECTION('ref_axis',(1.,0.,0.));
#3769=DIRECTION('center_axis',(0.374709699207747,-0.707106415117274,0.599660870008739));
#3770=DIRECTION('ref_axis',(-0.848048096156424,-5.20417042793046E-16,0.529919264233207));
#3771=DIRECTION('center_axis',(1.73472347597681E-16,-1.,0.));
#3772=DIRECTION('ref_axis',(-1.,-1.73472347597681E-16,0.));
#3773=DIRECTION('center_axis',(0.529919264233312,0.,0.848048096156359));
#3774=DIRECTION('ref_axis',(0.,-1.,0.));
#3775=DIRECTION('center_axis',(-0.848809785976327,2.18899896874697E-13,
0.528698351832898));
#3776=DIRECTION('ref_axis',(0.373846189783326,0.707106781186544,0.600199155601284));
#3777=DIRECTION('center_axis',(-0.529919264233205,0.,-0.848048096156426));
#3778=DIRECTION('ref_axis',(-0.59966055956455,-0.707106781186555,0.374709505220672));
#3779=DIRECTION('',(0.529919264233205,0.,0.848048096156426));
#3780=DIRECTION('',(-0.529919264233205,0.,-0.848048096156426));
#3781=DIRECTION('center_axis',(0.,-1.,0.));
#3782=DIRECTION('ref_axis',(0.,0.,-1.));
#3783=DIRECTION('center_axis',(-3.6825116650639E-17,1.,1.31817865290765E-17));
#3784=DIRECTION('ref_axis',(-0.5,-6.99679632387581E-18,-0.866025403784438));
#3785=DIRECTION('center_axis',(0.,-1.,0.));
#3786=DIRECTION('ref_axis',(-0.5,0.,-0.866025403784439));
#3787=DIRECTION('center_axis',(-0.469471562785891,0.,-0.882947592858927));
#3788=DIRECTION('ref_axis',(0.624338230342882,-0.70710678118655,-0.331966525620153));
#3789=DIRECTION('',(0.46947156278589,0.,0.882947592858927));
#3790=DIRECTION('',(-0.46947156278589,0.,-0.882947592858927));
#3791=DIRECTION('center_axis',(0.848048096156426,0.,-0.529919264233205));
#3792=DIRECTION('ref_axis',(-0.529919264233205,0.,-0.848048096156426));
#3793=DIRECTION('center_axis',(0.,1.,0.));
#3794=DIRECTION('ref_axis',(-0.529919264233205,0.,-0.848048096156426));
#3795=DIRECTION('center_axis',(0.,-1.,0.));
#3796=DIRECTION('ref_axis',(-0.034899496702501,0.,-0.999390827019096));
#3797=DIRECTION('center_axis',(0.882947592858927,0.,-0.469471562785891));
#3798=DIRECTION('ref_axis',(-0.46947156278589,0.,-0.882947592858927));
#3799=DIRECTION('center_axis',(0.,1.,0.));
#3800=DIRECTION('ref_axis',(0.,0.,-1.));
#3801=DIRECTION('center_axis',(0.,1.,0.));
#3802=DIRECTION('ref_axis',(0.866025403784439,0.,-0.499999999999999));
#3803=DIRECTION('center_axis',(1.,0.,0.));
#3804=DIRECTION('ref_axis',(0.,0.,1.));
#3805=DIRECTION('center_axis',(0.,1.,0.));
#3806=DIRECTION('ref_axis',(0.866025403784439,0.,-0.499999999999999));
#3807=DIRECTION('center_axis',(0.,1.,0.));
#3808=DIRECTION('ref_axis',(0.866025403784439,0.,-0.5));
#3809=DIRECTION('',(0.,-1.,0.));
#3810=DIRECTION('center_axis',(0.,1.,0.));
#3811=DIRECTION('ref_axis',(0.,0.,-1.));
#3812=DIRECTION('center_axis',(0.,1.,0.));
#3813=DIRECTION('ref_axis',(0.866025403784439,0.,-0.499999999999999));
#3814=DIRECTION('center_axis',(1.,0.,0.));
#3815=DIRECTION('ref_axis',(0.,0.,1.));
#3816=DIRECTION('center_axis',(0.,1.,0.));
#3817=DIRECTION('ref_axis',(0.866025403784439,0.,-0.499999999999999));
#3818=DIRECTION('center_axis',(0.,1.,0.));
#3819=DIRECTION('ref_axis',(0.866025403784439,0.,-0.5));
#3820=DIRECTION('',(0.,-1.,0.));
#3821=DIRECTION('center_axis',(0.,1.,0.));
#3822=DIRECTION('ref_axis',(0.,0.,-1.));
#3823=DIRECTION('center_axis',(0.,1.,0.));
#3824=DIRECTION('ref_axis',(0.866025403784439,0.,-0.499999999999999));
#3825=DIRECTION('center_axis',(1.,0.,0.));
#3826=DIRECTION('ref_axis',(0.,0.,1.));
#3827=DIRECTION('center_axis',(0.,1.,0.));
#3828=DIRECTION('ref_axis',(0.866025403784439,0.,-0.499999999999999));
#3829=DIRECTION('center_axis',(0.,1.,0.));
#3830=DIRECTION('ref_axis',(0.866025403784439,0.,-0.5));
#3831=DIRECTION('',(0.,-1.,0.));
#3832=DIRECTION('center_axis',(0.,1.,0.));
#3833=DIRECTION('ref_axis',(0.,0.,-1.));
#3834=DIRECTION('center_axis',(0.,1.,0.));
#3835=DIRECTION('ref_axis',(0.866025403784439,0.,-0.499999999999999));
#3836=DIRECTION('center_axis',(1.,0.,0.));
#3837=DIRECTION('ref_axis',(0.,0.,1.));
#3838=DIRECTION('center_axis',(0.,1.,0.));
#3839=DIRECTION('ref_axis',(0.866025403784439,0.,-0.499999999999999));
#3840=DIRECTION('center_axis',(0.,1.,0.));
#3841=DIRECTION('ref_axis',(0.866025403784439,0.,-0.5));
#3842=DIRECTION('',(0.,-1.,0.));
#3843=DIRECTION('center_axis',(0.,1.,0.));
#3844=DIRECTION('ref_axis',(0.,0.,-1.));
#3845=DIRECTION('center_axis',(0.,1.,0.));
#3846=DIRECTION('ref_axis',(1.,0.,0.));
#3847=DIRECTION('center_axis',(1.,0.,0.));
#3848=DIRECTION('ref_axis',(0.,0.,1.));
#3849=DIRECTION('center_axis',(0.,1.,0.));
#3850=DIRECTION('ref_axis',(1.,0.,0.));
#3851=DIRECTION('center_axis',(0.,1.,0.));
#3852=DIRECTION('ref_axis',(1.,0.,0.));
#3853=DIRECTION('',(0.,-1.,0.));
#3854=DIRECTION('center_axis',(0.,-1.,0.));
#3855=DIRECTION('ref_axis',(1.,0.,0.));
#3856=DIRECTION('center_axis',(0.,1.,0.));
#3857=DIRECTION('ref_axis',(0.,0.,-1.));
#3858=DIRECTION('center_axis',(0.,1.,0.));
#3859=DIRECTION('ref_axis',(1.,0.,0.));
#3860=DIRECTION('center_axis',(1.,0.,-2.36217664813863E-16));
#3861=DIRECTION('ref_axis',(2.36217664813863E-16,0.,1.));
#3862=DIRECTION('center_axis',(0.,1.,0.));
#3863=DIRECTION('ref_axis',(1.,0.,0.));
#3864=DIRECTION('center_axis',(0.,1.,0.));
#3865=DIRECTION('ref_axis',(1.,0.,0.));
#3866=DIRECTION('',(0.,-1.,0.));
#3867=DIRECTION('center_axis',(0.,-1.,0.));
#3868=DIRECTION('ref_axis',(1.,0.,0.));
#3869=DIRECTION('center_axis',(-0.660774545989549,0.,-0.750584438535935));
#3870=DIRECTION('ref_axis',(0.36770977665729,-0.871779788708134,-0.323712094538723));
#3871=DIRECTION('center_axis',(0.660774545989549,0.,0.750584438535935));
#3872=DIRECTION('ref_axis',(0.36770977665729,-0.871779788708134,-0.323712094538723));
#3873=DIRECTION('',(-0.660774545989549,0.,-0.750584438535935));
#3874=DIRECTION('center_axis',(-0.660774545989549,0.,-0.750584438535935));
#3875=DIRECTION('ref_axis',(0.36770977665729,-0.871779788708134,-0.323712094538723));
#3876=DIRECTION('center_axis',(-0.641123902800414,0.52,0.56441132275847));
#3877=DIRECTION('ref_axis',(0.390303908038687,0.854166260162505,-0.343602763914566));
#3878=DIRECTION('',(-0.390303908038687,-0.854166260162505,0.343602763914566));
#3879=DIRECTION('center_axis',(-0.641123902800414,0.52,0.56441132275847));
#3880=DIRECTION('ref_axis',(0.660774545989549,3.63084048423708E-16,0.750584438535935));
#3881=DIRECTION('',(0.390303908038687,0.854166260162505,-0.343602763914566));
#3882=DIRECTION('',(0.660774545989549,-5.44009282066327E-17,0.750584438535935));
#3883=DIRECTION('',(-0.390303908038687,-0.854166260162505,0.343602763914566));
#3884=DIRECTION('center_axis',(-0.641123902800414,0.52,0.56441132275847));
#3885=DIRECTION('ref_axis',(-0.660774545989549,6.58446280144033E-17,-0.750584438535936));
#3886=DIRECTION('',(0.390303908038687,0.854166260162505,-0.343602763914566));
#3887=DIRECTION('center_axis',(-0.390303908038687,-0.854166260162505,0.343602763914566));
#3888=DIRECTION('ref_axis',(-0.920581221555632,0.367695526217001,-0.131644272640867));
#3889=DIRECTION('',(-0.390303908038687,-0.854166260162505,0.343602763914565));
#3890=DIRECTION('center_axis',(0.390303908038689,0.854166260162502,-0.343602763914571));
#3891=DIRECTION('ref_axis',(-0.660774545989552,0.,-0.750584438535933));
#3892=DIRECTION('',(0.390303908038687,0.854166260162505,-0.343602763914566));
#3893=DIRECTION('center_axis',(0.191251622206905,-0.603986754821663,0.773707190740285));
#3894=DIRECTION('ref_axis',(0.74322470240244,0.603986754821657,0.28777950194343));
#3895=DIRECTION('center_axis',(0.39030390803871,0.854166260162492,-0.34360276391457));
#3896=DIRECTION('ref_axis',(-0.660774545989541,7.40148683083439E-15,-0.750584438535943));
#3897=DIRECTION('center_axis',(-0.390303908038687,-0.854166260162505,0.343602763914566));
#3898=DIRECTION('ref_axis',(-0.920581221555632,0.367695526217001,-0.131644272640867));
#3899=DIRECTION('',(-0.390303908038687,-0.854166260162505,0.343602763914565));
#3900=DIRECTION('center_axis',(-0.743224702402433,-0.603986754821667,-0.287779501943424));
#3901=DIRECTION('ref_axis',(0.191251622206915,-0.603986754821658,0.773707190740286));
#3902=DIRECTION('center_axis',(0.660774545989549,-8.32667268468867E-17,
0.750584438535935));
#3903=DIRECTION('ref_axis',(-0.729329599348719,-0.236291228604667,0.642062918099413));
#3904=DIRECTION('',(-0.660774545989549,5.44009282066327E-17,-0.750584438535935));
#3905=DIRECTION('center_axis',(0.743224702402434,0.603986754821672,0.287779501943412));
#3906=DIRECTION('ref_axis',(-0.191251622206921,0.603986754821648,-0.773707190740293));
#3907=DIRECTION('',(0.660774545989549,-1.30682479291405E-16,0.750584438535935));
#3908=DIRECTION('center_axis',(-0.660774545989549,8.32667268468867E-17,
-0.750584438535935));
#3909=DIRECTION('ref_axis',(-0.177356519153194,0.971682281038664,0.156135229302555));
#3910=DIRECTION('',(-0.660774545989549,1.30682479291405E-16,-0.750584438535935));
#3911=DIRECTION('center_axis',(0.191251622206901,-0.603986754821655,0.773707190740293));
#3912=DIRECTION('ref_axis',(0.743224702402444,0.603986754821656,0.287779501943422));
#3913=DIRECTION('center_axis',(0.390303908038687,0.854166260162505,-0.343602763914566));
#3914=DIRECTION('ref_axis',(0.013895103053723,0.367695526217,0.929842420042843));
#3915=DIRECTION('',(0.390303908038687,0.854166260162505,-0.343602763914565));
#3916=DIRECTION('center_axis',(-0.390303908038682,-0.854166260162508,0.343602763914562));
#3917=DIRECTION('ref_axis',(0.660774545989549,0.,0.750584438535936));
#3918=DIRECTION('center_axis',(-0.390303908038684,-0.854166260162507,0.343602763914564));
#3919=DIRECTION('ref_axis',(0.66077454598955,0.,0.750584438535935));
#3920=DIRECTION('center_axis',(0.390303908038687,0.854166260162505,-0.343602763914566));
#3921=DIRECTION('ref_axis',(0.013895103053723,0.367695526217,0.929842420042843));
#3922=DIRECTION('',(-0.390303908038687,-0.854166260162505,0.343602763914566));
#3923=DIRECTION('',(0.390303908038687,0.854166260162505,-0.343602763914565));
#3924=DIRECTION('center_axis',(-0.390303908038687,-0.854166260162505,0.343602763914566));
#3925=DIRECTION('ref_axis',(-0.660774545989549,5.55111512312578E-17,-0.750584438535936));
#3926=DIRECTION('',(0.641123902800413,-0.52,-0.56441132275847));
#3927=DIRECTION('',(0.660774545989549,-1.30682479291405E-16,0.750584438535935));
#3928=DIRECTION('',(0.641123902800413,-0.52,-0.56441132275847));
#3929=DIRECTION('center_axis',(0.660774545989549,-1.11022302462516E-16,
0.750584438535935));
#3930=DIRECTION('ref_axis',(-0.390303908038687,-0.854166260162505,0.343602763914565));
#3931=DIRECTION('',(0.641123902800413,-0.52,-0.56441132275847));
#3932=DIRECTION('',(0.390303908036805,0.854166260164031,-0.343602763912909));
#3933=DIRECTION('center_axis',(0.641123902800414,-0.52,-0.56441132275847));
#3934=DIRECTION('ref_axis',(-0.660774545989549,0.,-0.750584438535935));
#3935=DIRECTION('center_axis',(0.641123902800414,-0.52,-0.56441132275847));
#3936=DIRECTION('ref_axis',(-0.660774545989549,1.08608774148113E-16,-0.750584438535936));
#3937=DIRECTION('center_axis',(0.641123902800414,-0.52,-0.56441132275847));
#3938=DIRECTION('ref_axis',(-0.660774545989549,1.08608774148113E-16,-0.750584438535936));
#3939=DIRECTION('center_axis',(-0.390303908038686,-0.854166260162505,0.343602763914566));
#3940=DIRECTION('ref_axis',(0.660774545989549,0.,0.750584438535935));
#3941=DIRECTION('center_axis',(-0.641123902800414,0.52,0.56441132275847));
#3942=DIRECTION('ref_axis',(-0.660774545989549,6.58446280144033E-17,-0.750584438535936));
#3943=DIRECTION('center_axis',(-0.641123902800414,0.52,0.56441132275847));
#3944=DIRECTION('ref_axis',(0.390303908038687,0.854166260162505,-0.343602763914566));
#3945=DIRECTION('center_axis',(-0.641123902800414,0.52,0.56441132275847));
#3946=DIRECTION('ref_axis',(0.660774545989549,3.63084048423708E-16,0.750584438535935));
#3947=DIRECTION('',(-0.390303908038687,-0.854166260162505,0.343602763914566));
#3948=DIRECTION('',(-0.660774545989549,0.,-0.750584438535935));
#3949=DIRECTION('',(0.390303908038687,0.854166260162505,-0.343602763914566));
#3950=DIRECTION('center_axis',(0.641123902800414,-0.52,-0.56441132275847));
#3951=DIRECTION('ref_axis',(-0.660774545989549,0.,-0.750584438535935));
#3952=DIRECTION('center_axis',(0.641123902800414,-0.52,-0.56441132275847));
#3953=DIRECTION('ref_axis',(0.660774545989549,2.77555756156289E-16,0.750584438535935));
#3954=DIRECTION('center_axis',(-0.390303908038687,-0.854166260162505,0.343602763914566));
#3955=DIRECTION('ref_axis',(0.660774545989549,0.,0.750584438535936));
#3956=DIRECTION('center_axis',(0.660774545989549,-8.32667268468867E-17,
0.750584438535935));
#3957=DIRECTION('ref_axis',(0.729329599348457,0.236291228606083,-0.64206291809919));
#3958=DIRECTION('',(-0.660774545989549,5.44009282067718E-17,-0.750584438535935));
#3959=DIRECTION('center_axis',(0.191251622208231,-0.603986754822732,0.773707190739123));
#3960=DIRECTION('ref_axis',(-0.743224702401114,-0.603986754822735,-0.287779501944591));
#3961=DIRECTION('center_axis',(-0.743224702401111,-0.603986754822739,-0.287779501944591));
#3962=DIRECTION('ref_axis',(-0.191251622208237,0.603986754822732,-0.773707190739121));
#3963=DIRECTION('center_axis',(-0.390303908036805,-0.854166260164031,0.343602763912909));
#3964=DIRECTION('ref_axis',(0.92058122155644,-0.367695526215233,0.131644272640153));
#3965=DIRECTION('',(-0.390303908036805,-0.854166260164031,0.343602763912909));
#3966=DIRECTION('',(0.390303908036805,0.854166260164031,-0.343602763912909));
#3967=DIRECTION('center_axis',(0.743224702401096,0.603986754822754,0.287779501944598));
#3968=DIRECTION('ref_axis',(0.191251622208255,-0.603986754822739,0.773707190739111));
#3969=DIRECTION('center_axis',(0.390303908036805,0.854166260164031,-0.343602763912909));
#3970=DIRECTION('ref_axis',(-0.0138951030529119,-0.367695526215231,-0.929842420043554));
#3971=DIRECTION('',(-0.390303908036805,-0.854166260164031,0.343602763912909));
#3972=DIRECTION('center_axis',(0.191251622208237,-0.603986754822739,0.773707190739116));
#3973=DIRECTION('ref_axis',(-0.743224702401108,-0.603986754822739,-0.287779501944599));
#3974=DIRECTION('center_axis',(-0.660774545989549,8.32667268468867E-17,
-0.750584438535935));
#3975=DIRECTION('ref_axis',(0.177356519154269,-0.971682281038318,-0.156135229303489));
#3976=DIRECTION('',(0.660774545989549,-5.44009282067718E-17,0.750584438535935));
#3977=DIRECTION('',(-0.660774545989549,1.30682479291405E-16,-0.750584438535935));
#3978=DIRECTION('center_axis',(-0.641123902801559,0.519999999997494,0.564411322759478));
#3979=DIRECTION('ref_axis',(0.390303908036805,0.854166260164031,-0.343602763912909));
#3980=DIRECTION('',(0.660774545989549,0.,0.750584438535935));
#3981=DIRECTION('center_axis',(0.641123902801559,-0.519999999997494,-0.564411322759478));
#3982=DIRECTION('ref_axis',(-0.390303908036806,-0.854166260164031,0.343602763912909));
#3983=DIRECTION('',(-0.390303908036805,-0.854166260164031,0.343602763912909));
#3984=DIRECTION('',(-0.660774545989549,0.,-0.750584438535935));
#3985=DIRECTION('',(-0.390303908036805,-0.854166260164031,0.343602763912909));
#3986=DIRECTION('center_axis',(0.641123902801559,-0.519999999997494,-0.564411322759478));
#3987=DIRECTION('ref_axis',(-0.390303908036805,-0.854166260164031,0.343602763912909));
#3988=DIRECTION('center_axis',(-0.641123902801559,0.519999999997494,0.564411322759478));
#3989=DIRECTION('ref_axis',(0.660774545989549,-5.55111512312578E-17,0.750584438535936));
#3990=DIRECTION('center_axis',(-0.641123902801559,0.519999999997494,0.564411322759478));
#3991=DIRECTION('ref_axis',(0.660774545989549,-5.55111512312578E-17,0.750584438535936));
#3992=DIRECTION('center_axis',(0.660774545989549,0.,0.750584438535935));
#3993=DIRECTION('ref_axis',(0.367709776658241,-0.87177978870742,-0.323712094539567));
#3994=DIRECTION('',(-0.660774545989549,0.,-0.750584438535935));
#3995=DIRECTION('center_axis',(-0.0635051840371661,-1.4185553008151E-14,
0.997981508646531));
#3996=DIRECTION('ref_axis',(-0.997981508646531,-1.41855530081516E-14,-0.0635051840371661));
#3997=DIRECTION('center_axis',(-0.997981508646529,-2.35016391670509E-16,
-0.0635051840371958));
#3998=DIRECTION('ref_axis',(0.0635051840371958,2.35016391670514E-16,-0.997981508646529));
#3999=DIRECTION('center_axis',(-0.660774545989549,0.,-0.750584438535935));
#4000=DIRECTION('ref_axis',(-0.202681245749656,-0.962851561810503,0.178429769210307));
#4001=DIRECTION('',(-0.660774545989549,0.,-0.750584438535935));
#4002=DIRECTION('center_axis',(0.997981508646524,1.4773093987327E-14,0.063505184037266));
#4003=DIRECTION('ref_axis',(-0.063505184037266,-1.47730939873294E-14,0.997981508646524));
#4004=DIRECTION('',(0.660774545989549,0.,0.750584438535935));
#4005=DIRECTION('center_axis',(0.0635051840371883,-1.47730939873271E-14,
-0.997981508646529));
#4006=DIRECTION('ref_axis',(0.997981508646529,-1.4773093987327E-14,0.0635051840371883));
#4007=DIRECTION('center_axis',(-0.750584438535936,0.,0.660774545989549));
#4008=DIRECTION('ref_axis',(0.467238162304673,-0.707106781186547,0.530743346341857));
#4009=DIRECTION('',(0.750584438535935,0.,-0.660774545989549));
#4010=DIRECTION('center_axis',(-0.390303908039486,-0.854166260161857,0.343602763915269));
#4011=DIRECTION('ref_axis',(0.641123902799927,-0.520000000001065,-0.564411322758042));
#4012=DIRECTION('',(-0.750584438535935,0.,0.660774545989549));
#4013=DIRECTION('center_axis',(0.750584438535935,0.,-0.660774545989549));
#4014=DIRECTION('ref_axis',(-0.467238162304669,-0.707106781186554,-0.530743346341851));
#4015=DIRECTION('',(-0.750584438535935,0.,0.660774545989549));
#4016=DIRECTION('',(0.750584438535935,0.,-0.660774545989549));
#4017=DIRECTION('center_axis',(-0.390303908039486,-0.854166260161857,0.343602763915269));
#4018=DIRECTION('ref_axis',(0.641123902799927,-0.520000000001065,-0.564411322758042));
#4019=DIRECTION('center_axis',(0.660774545989549,0.,0.750584438535935));
#4020=DIRECTION('ref_axis',(0.750584438535935,0.,-0.660774545989549));
#4021=DIRECTION('',(-0.641123902799927,0.520000000001065,0.564411322758042));
#4022=DIRECTION('center_axis',(0.,1.,0.));
#4023=DIRECTION('ref_axis',(0.,0.,1.));
#4024=DIRECTION('center_axis',(0.,1.,0.));
#4025=DIRECTION('ref_axis',(-0.832186796071809,0.,-0.554495389019365));
#4026=DIRECTION('center_axis',(0.,1.,0.));
#4027=DIRECTION('ref_axis',(-1.,0.,0.));
#4028=DIRECTION('center_axis',(0.,-1.,0.));
#4029=DIRECTION('ref_axis',(1.,0.,0.));
#4030=DIRECTION('center_axis',(0.,-1.,0.));
#4031=DIRECTION('ref_axis',(1.,0.,0.));
#4032=DIRECTION('center_axis',(0.,-1.,0.));
#4033=DIRECTION('ref_axis',(1.,0.,0.));
#4034=DIRECTION('center_axis',(0.,1.,0.));
#4035=DIRECTION('ref_axis',(1.,0.,0.));
#4036=DIRECTION('center_axis',(0.,1.,0.));
#4037=DIRECTION('ref_axis',(1.,0.,0.));
#4038=DIRECTION('center_axis',(0.,1.,0.));
#4039=DIRECTION('ref_axis',(1.,0.,0.));
#4040=DIRECTION('center_axis',(0.,1.,0.));
#4041=DIRECTION('ref_axis',(1.,0.,0.));
#4042=DIRECTION('center_axis',(0.641123902800413,-0.52,-0.56441132275847));
#4043=DIRECTION('ref_axis',(-0.66077454598955,-6.08209135229433E-17,-0.750584438535935));
#4044=DIRECTION('center_axis',(-0.641123902800413,0.52,0.56441132275847));
#4045=DIRECTION('ref_axis',(0.660774545989549,5.03824035631524E-16,0.750584438535935));
#4046=DIRECTION('',(0.641123902800413,-0.52,-0.56441132275847));
#4047=DIRECTION('center_axis',(-0.641123902800413,0.52,0.56441132275847));
#4048=DIRECTION('ref_axis',(0.660774545989549,-5.3097622916855E-18,0.750584438535936));
#4049=DIRECTION('center_axis',(-0.641123902800414,0.52,0.56441132275847));
#4050=DIRECTION('ref_axis',(-0.660774545989549,3.04707949693317E-16,-0.750584438535936));
#4051=DIRECTION('',(0.641123902800413,-0.52,-0.56441132275847));
#4052=DIRECTION('center_axis',(0.641123902800413,-0.520000000000003,-0.564411322758468));
#4053=DIRECTION('ref_axis',(-0.66077454598955,0.,-0.750584438535935));
#4054=DIRECTION('center_axis',(-0.767399497020422,-0.427083130081258,-0.478223809500112));
#4055=DIRECTION('ref_axis',(-0.00762582656306239,-0.739729680356278,0.672860941628527));
#4056=DIRECTION('center_axis',(0.641123902800425,-0.520000000000011,-0.564411322758447));
#4057=DIRECTION('ref_axis',(0.668400372552621,0.739729680356279,0.0777234969074068));
#4058=DIRECTION('center_axis',(0.377095588981734,-0.42708313008125,0.821826573414684));
#4059=DIRECTION('ref_axis',(-0.64112390280042,0.519999999999996,0.564411322758467));
#4060=DIRECTION('center_axis',(-0.641123902800413,0.52,0.56441132275847));
#4061=DIRECTION('ref_axis',(0.390303908038691,0.854166260162504,-0.343602763914563));
#4062=DIRECTION('center_axis',(-0.641123902800413,0.52,0.56441132275847));
#4063=DIRECTION('ref_axis',(0.390303908038695,0.8541662601625,-0.343602763914568));
#4064=DIRECTION('center_axis',(-0.641123902800414,0.52,0.56441132275847));
#4065=DIRECTION('ref_axis',(0.390303908038695,0.8541662601625,-0.343602763914568));
#4066=DIRECTION('',(-0.641123902800413,0.52,0.56441132275847));
#4067=DIRECTION('',(0.641123902800413,-0.52,-0.56441132275847));
#4068=DIRECTION('center_axis',(0.641123902800414,-0.519999999999992,-0.564411322758477));
#4069=DIRECTION('ref_axis',(-0.660774545989554,0.,-0.750584438535931));
#4070=DIRECTION('center_axis',(-0.390303908038683,-0.85416626016251,0.343602763914558));
#4071=DIRECTION('ref_axis',(0.660774545989544,0.,0.75058443853594));
#4072=DIRECTION('center_axis',(0.641123902800406,-0.520000000000001,-0.564411322758478));
#4073=DIRECTION('ref_axis',(0.00762582656306247,0.739729680356275,-0.672860941628531));
#4074=DIRECTION('center_axis',(0.767399497020421,0.427083130081258,0.478223809500112));
#4075=DIRECTION('ref_axis',(-0.641123902800414,0.520000000000002,0.564411322758468));
#4076=DIRECTION('center_axis',(-0.641123902800413,0.52,0.56441132275847));
#4077=DIRECTION('ref_axis',(-0.377095588981727,0.427083130081254,-0.821826573414685));
#4078=DIRECTION('center_axis',(-0.641123902800413,0.52,0.56441132275847));
#4079=DIRECTION('ref_axis',(-0.377095588981738,0.427083130081251,-0.821826573414682));
#4080=DIRECTION('center_axis',(-0.641123902800414,0.52,0.56441132275847));
#4081=DIRECTION('ref_axis',(-0.377095588981738,0.427083130081251,-0.821826573414682));
#4082=DIRECTION('',(-0.641123902800413,0.52,0.56441132275847));
#4083=DIRECTION('',(0.641123902800413,-0.52,-0.56441132275847));
#4084=DIRECTION('center_axis',(-0.767399497020422,-0.427083130081254,-0.478223809500116));
#4085=DIRECTION('ref_axis',(-0.458735332925844,-0.155372347007882,0.874883608322089));
#4086=DIRECTION('',(0.767399497020422,0.427083130081254,0.478223809500116));
#4087=DIRECTION('',(-0.767399497020422,-0.427083130081254,-0.478223809500116));
#4088=DIRECTION('center_axis',(0.641123902800422,-0.519999999999995,-0.564411322758466));
#4089=DIRECTION('ref_axis',(-0.660774545989541,0.,-0.750584438535943));
#4090=DIRECTION('center_axis',(-0.377095588981732,0.42708313008125,-0.821826573414685));
#4091=DIRECTION('ref_axis',(-0.668400372552621,-0.739729680356279,-0.0777234969074082));
#4092=DIRECTION('center_axis',(0.641123902800427,-0.51999999999997,-0.564411322758482));
#4093=DIRECTION('ref_axis',(0.660774545989549,0.,0.750584438535936));
#4094=DIRECTION('center_axis',(-0.390303908038678,-0.854166260162508,0.343602763914567));
#4095=DIRECTION('ref_axis',(-0.641123902800418,0.519999999999995,0.56441132275847));
#4096=DIRECTION('center_axis',(-0.641123902800413,0.52,0.56441132275847));
#4097=DIRECTION('ref_axis',(0.767399497020419,0.427083130081257,0.478223809500117));
#4098=DIRECTION('center_axis',(-0.641123902800413,0.520000000000001,0.56441132275847));
#4099=DIRECTION('ref_axis',(0.767399497020418,0.427083130081256,0.478223809500119));
#4100=DIRECTION('center_axis',(-0.641123902800414,0.52,0.56441132275847));
#4101=DIRECTION('ref_axis',(0.767399497020418,0.427083130081256,0.478223809500119));
#4102=DIRECTION('',(-0.641123902800413,0.520000000000001,0.56441132275847));
#4103=DIRECTION('',(0.641123902800413,-0.520000000000001,-0.56441132275847));
#4104=DIRECTION('center_axis',(0.641123902800413,-0.520000000000001,-0.564411322758469));
#4105=DIRECTION('ref_axis',(-0.660774545989551,0.,-0.750584438535934));
#4106=DIRECTION('center_axis',(0.377095588981735,-0.427083130081251,0.821826573414683));
#4107=DIRECTION('ref_axis',(0.668400372552621,0.739729680356279,0.0777234969074068));
#4108=DIRECTION('center_axis',(0.641123902800414,-0.520000000000004,-0.564411322758465));
#4109=DIRECTION('ref_axis',(-0.660774545989545,0.,-0.750584438535939));
#4110=DIRECTION('center_axis',(0.390303908038683,0.854166260162504,-0.343602763914572));
#4111=DIRECTION('ref_axis',(-0.641123902800412,0.520000000000001,0.56441132275847));
#4112=DIRECTION('center_axis',(-0.641123902800413,0.52,0.56441132275847));
#4113=DIRECTION('ref_axis',(-0.767399497020422,-0.427083130081257,-0.478223809500112));
#4114=DIRECTION('center_axis',(-0.641123902800413,0.520000000000001,0.56441132275847));
#4115=DIRECTION('ref_axis',(-0.767399497020417,-0.427083130081256,-0.478223809500121));
#4116=DIRECTION('center_axis',(-0.641123902800414,0.52,0.56441132275847));
#4117=DIRECTION('ref_axis',(-0.767399497020417,-0.427083130081256,-0.478223809500121));
#4118=DIRECTION('',(-0.641123902800413,0.520000000000001,0.56441132275847));
#4119=DIRECTION('',(0.641123902800413,-0.520000000000001,-0.56441132275847));
#4120=DIRECTION('center_axis',(-0.390303908038685,-0.854166260162505,0.343602763914567));
#4121=DIRECTION('ref_axis',(0.0138951030536864,0.367695526217009,0.929842420042839));
#4122=DIRECTION('',(0.390303908038685,0.854166260162505,-0.343602763914567));
#4123=DIRECTION('',(-0.390303908038685,-0.854166260162505,0.343602763914567));
#4124=DIRECTION('center_axis',(0.64112390280042,-0.519999999999995,-0.564411322758468));
#4125=DIRECTION('ref_axis',(-0.660774545989544,0.,-0.75058443853594));
#4126=DIRECTION('center_axis',(0.390303908038686,0.854166260162508,-0.343602763914558));
#4127=DIRECTION('ref_axis',(-0.660774545989542,0.,-0.750584438535942));
#4128=DIRECTION('center_axis',(0.641123902800413,-0.520000000000003,-0.564411322758467));
#4129=DIRECTION('ref_axis',(-0.00762582656308461,-0.73972968035628,0.672860941628525));
#4130=DIRECTION('center_axis',(-0.767399497020416,-0.427083130081251,-0.478223809500127));
#4131=DIRECTION('ref_axis',(-0.64112390280042,0.519999999999996,0.564411322758466));
#4132=DIRECTION('center_axis',(-0.641123902800413,0.52,0.56441132275847));
#4133=DIRECTION('ref_axis',(0.377095588981737,-0.42708313008125,0.821826573414683));
#4134=DIRECTION('center_axis',(-0.641123902800413,0.52,0.56441132275847));
#4135=DIRECTION('ref_axis',(0.377095588981717,-0.427083130081256,0.821826573414689));
#4136=DIRECTION('center_axis',(-0.641123902800414,0.52,0.56441132275847));
#4137=DIRECTION('ref_axis',(0.377095588981717,-0.427083130081256,0.821826573414689));
#4138=DIRECTION('',(-0.641123902800413,0.52,0.56441132275847));
#4139=DIRECTION('',(0.641123902800413,-0.52,-0.56441132275847));
#4140=DIRECTION('center_axis',(0.641123902800419,-0.519999999999996,-0.564411322758468));
#4141=DIRECTION('ref_axis',(-0.660774545989543,0.,-0.75058443853594));
#4142=DIRECTION('center_axis',(0.767399497020417,0.427083130081248,0.478223809500128));
#4143=DIRECTION('ref_axis',(0.00762582656308461,0.73972968035628,-0.672860941628525));
#4144=DIRECTION('center_axis',(0.641123902800415,-0.52,-0.564411322758469));
#4145=DIRECTION('ref_axis',(-0.668400372552621,-0.739729680356279,-0.0777234969074055));
#4146=DIRECTION('center_axis',(-0.377095588981729,0.427083130081256,-0.821826573414683));
#4147=DIRECTION('ref_axis',(-0.641123902800419,0.519999999999996,0.564411322758468));
#4148=DIRECTION('center_axis',(-0.641123902800413,0.52,0.56441132275847));
#4149=DIRECTION('ref_axis',(-0.390303908038691,-0.854166260162504,0.343602763914562));
#4150=DIRECTION('center_axis',(-0.641123902800413,0.52,0.56441132275847));
#4151=DIRECTION('ref_axis',(-0.390303908038691,-0.854166260162505,0.34360276391456));
#4152=DIRECTION('center_axis',(-0.641123902800414,0.52,0.56441132275847));
#4153=DIRECTION('ref_axis',(-0.390303908038691,-0.854166260162505,0.34360276391456));
#4154=DIRECTION('',(-0.641123902800413,0.520000000000001,0.56441132275847));
#4155=DIRECTION('',(0.641123902800413,-0.52,-0.56441132275847));
#4156=DIRECTION('center_axis',(0.377095588981735,-0.427083130081252,0.821826573414682));
#4157=DIRECTION('ref_axis',(0.0192873767286118,0.890763399441885,0.454057885421744));
#4158=DIRECTION('',(-0.377095588981735,0.427083130081252,-0.821826573414682));
#4159=DIRECTION('',(0.377095588981735,-0.427083130081252,0.821826573414682));
#4160=DIRECTION('center_axis',(0.767399497020422,0.427083130081251,0.478223809500118));
#4161=DIRECTION('ref_axis',(-0.447950785576053,0.890763399441887,-0.0766854609201159));
#4162=DIRECTION('',(-0.767399497020421,-0.427083130081251,-0.478223809500118));
#4163=DIRECTION('',(0.767399497020422,0.427083130081251,0.478223809500118));
#4164=DIRECTION('center_axis',(0.390303908038686,0.854166260162505,-0.343602763914566));
#4165=DIRECTION('ref_axis',(-0.920581221555625,0.367695526217016,-0.131644272640872));
#4166=DIRECTION('',(-0.390303908038686,-0.854166260162505,0.343602763914566));
#4167=DIRECTION('',(0.390303908038686,0.854166260162505,-0.343602763914566));
#4168=DIRECTION('center_axis',(-0.377095588981735,0.427083130081253,-0.821826573414682));
#4169=DIRECTION('ref_axis',(-0.925973495230532,-0.15537234700788,0.344140261980221));
#4170=DIRECTION('',(0.377095588981735,-0.427083130081253,0.821826573414682));
#4171=DIRECTION('',(-0.377095588981735,0.427083130081253,-0.821826573414682));
#4172=DIRECTION('center_axis',(0.0076258265630722,0.739729680356276,-0.672860941628529));
#4173=DIRECTION('ref_axis',(-0.767399497020422,-0.427083130081253,-0.478223809500116));
#4174=DIRECTION('',(-0.767399497020421,-0.427083130081254,-0.478223809500116));
#4175=DIRECTION('center_axis',(-0.66077454598955,-2.02615701994091E-15,
-0.750584438535934));
#4176=DIRECTION('ref_axis',(-0.390303908038685,-0.854166260162505,0.343602763914568));
#4177=DIRECTION('',(-0.390303908038685,-0.854166260162505,0.343602763914568));
#4178=DIRECTION('center_axis',(-0.668400372552623,-0.739729680356277,-0.0777234969074063));
#4179=DIRECTION('ref_axis',(0.377095588981736,-0.427083130081252,0.821826573414682));
#4180=DIRECTION('',(0.377095588981735,-0.427083130081252,0.821826573414683));
#4181=DIRECTION('center_axis',(-0.641123902800414,0.52,0.56441132275847));
#4182=DIRECTION('ref_axis',(0.390303908038687,0.854166260162505,-0.343602763914566));
#4183=DIRECTION('',(0.767399497020421,0.427083130081251,0.478223809500118));
#4184=DIRECTION('',(0.390303908038686,0.854166260162505,-0.343602763914566));
#4185=DIRECTION('',(-0.377095588981735,0.427083130081252,-0.821826573414682));
#4186=DIRECTION('center_axis',(0.641123902800414,-0.52,-0.56441132275847));
#4187=DIRECTION('ref_axis',(0.660774545989549,-5.55111512312578E-17,0.750584438535936));
#4188=DIRECTION('center_axis',(0.641123902800413,-0.52,-0.56441132275847));
#4189=DIRECTION('ref_axis',(-0.660774545989549,-5.05257007040524E-17,-0.750584438535935));
#4190=DIRECTION('center_axis',(0.641123902800413,-0.52,-0.56441132275847));
#4191=DIRECTION('ref_axis',(0.660774545989549,5.29829259631753E-16,0.750584438535935));
#4192=DIRECTION('center_axis',(0.641123902800413,-0.52,-0.56441132275847));
#4193=DIRECTION('ref_axis',(-0.660774545989549,0.,-0.750584438535935));
#4194=DIRECTION('center_axis',(-0.390303908038686,-0.854166260162505,0.343602763914565));
#4195=DIRECTION('ref_axis',(0.660774545989549,0.,0.750584438535935));
#4196=DIRECTION('center_axis',(0.668400372552623,0.739729680356277,0.0777234969074066));
#4197=DIRECTION('ref_axis',(-0.377095588981735,0.427083130081252,-0.821826573414682));
#4198=DIRECTION('center_axis',(0.660774545989549,1.11022302462516E-16,0.750584438535935));
#4199=DIRECTION('ref_axis',(0.390303908038686,0.854166260162505,-0.343602763914566));
#4200=DIRECTION('center_axis',(-0.00762582656307487,-0.739729680356278,
0.672860941628528));
#4201=DIRECTION('ref_axis',(0.767399497020422,0.427083130081251,0.478223809500118));
#4202=DIRECTION('center_axis',(0.641123902800423,-0.519999999999986,-0.564411322758472));
#4203=DIRECTION('ref_axis',(-0.660774545989546,0.,-0.750584438535938));
#4204=DIRECTION('center_axis',(-0.767399497020414,-0.427083130081257,-0.478223809500126));
#4205=DIRECTION('ref_axis',(-0.00762582656307351,-0.73972968035628,0.672860941628525));
#4206=DIRECTION('center_axis',(0.641123902800413,-0.520000000000012,-0.56441132275846));
#4207=DIRECTION('ref_axis',(0.668400372552627,0.739729680356274,0.0777234969074006));
#4208=DIRECTION('center_axis',(0.377095588981739,-0.427083130081253,0.82182657341468));
#4209=DIRECTION('ref_axis',(-0.641123902800413,0.519999999999997,0.564411322758473));
#4210=DIRECTION('center_axis',(-0.641123902800414,0.52,0.56441132275847));
#4211=DIRECTION('ref_axis',(0.390303908038687,0.854166260162503,-0.343602763914569));
#4212=DIRECTION('center_axis',(-0.641123902800414,0.52,0.56441132275847));
#4213=DIRECTION('ref_axis',(0.390303908038688,0.854166260162498,-0.343602763914582));
#4214=DIRECTION('center_axis',(-0.641123902800414,0.52,0.56441132275847));
#4215=DIRECTION('ref_axis',(0.390303908038688,0.854166260162498,-0.343602763914582));
#4216=DIRECTION('',(-0.641123902800413,0.52,0.56441132275847));
#4217=DIRECTION('',(0.641123902800413,-0.52,-0.56441132275847));
#4218=DIRECTION('center_axis',(0.641123902800407,-0.520000000000004,-0.564411322758474));
#4219=DIRECTION('ref_axis',(-0.660774545989555,0.,-0.75058443853593));
#4220=DIRECTION('center_axis',(-0.377095588981739,0.427083130081253,-0.82182657341468));
#4221=DIRECTION('ref_axis',(-0.668400372552627,-0.739729680356274,-0.0777234969074006));
#4222=DIRECTION('center_axis',(0.641123902800415,-0.519999999999998,-0.564411322758469));
#4223=DIRECTION('ref_axis',(0.660774545989547,0.,0.750584438535937));
#4224=DIRECTION('center_axis',(-0.390303908038687,-0.854166260162503,0.34360276391457));
#4225=DIRECTION('ref_axis',(-0.641123902800412,0.520000000000004,0.564411322758468));
#4226=DIRECTION('center_axis',(-0.641123902800414,0.52,0.56441132275847));
#4227=DIRECTION('ref_axis',(0.767399497020417,0.427083130081248,0.478223809500128));
#4228=DIRECTION('center_axis',(-0.641123902800413,0.52,0.56441132275847));
#4229=DIRECTION('ref_axis',(0.767399497020421,0.427083130081255,0.478223809500115));
#4230=DIRECTION('center_axis',(-0.641123902800414,0.52,0.56441132275847));
#4231=DIRECTION('ref_axis',(0.767399497020421,0.427083130081255,0.478223809500115));
#4232=DIRECTION('',(-0.641123902800413,0.52,0.56441132275847));
#4233=DIRECTION('',(0.641123902800413,-0.52,-0.56441132275847));
#4234=DIRECTION('center_axis',(0.641123902800414,-0.520000000000001,-0.564411322758468));
#4235=DIRECTION('ref_axis',(-0.660774545989548,0.,-0.750584438535936));
#4236=DIRECTION('center_axis',(-0.390303908038687,-0.854166260162504,0.343602763914567));
#4237=DIRECTION('ref_axis',(0.66077454598955,0.,0.750584438535934));
#4238=DIRECTION('center_axis',(0.641123902800438,-0.519999999999985,-0.564411322758457));
#4239=DIRECTION('ref_axis',(0.00762582656307351,0.73972968035628,-0.672860941628525));
#4240=DIRECTION('center_axis',(0.767399497020421,0.427083130081249,0.478223809500121));
#4241=DIRECTION('ref_axis',(-0.641123902800414,0.519999999999996,0.564411322758473));
#4242=DIRECTION('center_axis',(-0.641123902800414,0.52,0.56441132275847));
#4243=DIRECTION('ref_axis',(-0.377095588981738,0.427083130081251,-0.821826573414682));
#4244=DIRECTION('center_axis',(-0.641123902800413,0.520000000000001,0.56441132275847));
#4245=DIRECTION('ref_axis',(-0.377095588981735,0.427083130081256,-0.821826573414681));
#4246=DIRECTION('center_axis',(-0.641123902800414,0.52,0.56441132275847));
#4247=DIRECTION('ref_axis',(-0.377095588981735,0.427083130081256,-0.821826573414681));
#4248=DIRECTION('',(-0.641123902800413,0.52,0.56441132275847));
#4249=DIRECTION('',(0.641123902800413,-0.52,-0.56441132275847));
#4250=DIRECTION('center_axis',(0.767399497020421,0.427083130081253,0.478223809500117));
#4251=DIRECTION('ref_axis',(-0.458735332925847,-0.15537234700788,0.874883608322087));
#4252=DIRECTION('',(-0.767399497020421,-0.427083130081253,-0.478223809500117));
#4253=DIRECTION('',(0.767399497020421,0.427083130081253,0.478223809500117));
#4254=DIRECTION('center_axis',(0.641123902800414,-0.520000000000003,-0.564411322758467));
#4255=DIRECTION('ref_axis',(-0.660774545989547,0.,-0.750584438535937));
#4256=DIRECTION('center_axis',(0.390303908038688,0.854166260162503,-0.343602763914568));
#4257=DIRECTION('ref_axis',(-0.66077454598955,0.,-0.750584438535934));
#4258=DIRECTION('center_axis',(0.641123902800412,-0.520000000000003,-0.564411322758469));
#4259=DIRECTION('ref_axis',(-0.00762582656307357,-0.739729680356275,0.672860941628531));
#4260=DIRECTION('center_axis',(-0.767399497020421,-0.427083130081253,-0.478223809500118));
#4261=DIRECTION('ref_axis',(-0.641123902800414,0.519999999999996,0.564411322758473));
#4262=DIRECTION('center_axis',(-0.641123902800414,0.52,0.56441132275847));
#4263=DIRECTION('ref_axis',(0.377095588981734,-0.427083130081257,0.821826573414681));
#4264=DIRECTION('center_axis',(-0.641123902800413,0.52,0.56441132275847));
#4265=DIRECTION('ref_axis',(0.377095588981736,-0.427083130081257,0.82182657341468));
#4266=DIRECTION('center_axis',(-0.641123902800414,0.52,0.56441132275847));
#4267=DIRECTION('ref_axis',(0.377095588981736,-0.427083130081257,0.82182657341468));
#4268=DIRECTION('',(-0.641123902800413,0.52,0.56441132275847));
#4269=DIRECTION('',(0.641123902800413,-0.52,-0.56441132275847));
#4270=DIRECTION('center_axis',(0.641123902800415,-0.520000000000002,-0.564411322758467));
#4271=DIRECTION('ref_axis',(-0.660774545989549,0.,-0.750584438535936));
#4272=DIRECTION('center_axis',(0.377095588981736,-0.427083130081247,0.821826573414685));
#4273=DIRECTION('ref_axis',(0.668400372552622,0.739729680356278,0.077723496907401));
#4274=DIRECTION('center_axis',(0.641123902800415,-0.520000000000001,-0.564411322758468));
#4275=DIRECTION('ref_axis',(-0.660774545989547,0.,-0.750584438535937));
#4276=DIRECTION('center_axis',(0.390303908038688,0.854166260162504,-0.343602763914567));
#4277=DIRECTION('ref_axis',(-0.641123902800416,0.520000000000002,0.564411322758466));
#4278=DIRECTION('center_axis',(-0.641123902800414,0.52,0.56441132275847));
#4279=DIRECTION('ref_axis',(-0.767399497020423,-0.427083130081257,-0.478223809500111));
#4280=DIRECTION('center_axis',(-0.641123902800413,0.52,0.56441132275847));
#4281=DIRECTION('ref_axis',(-0.767399497020419,-0.427083130081263,-0.478223809500111));
#4282=DIRECTION('center_axis',(-0.641123902800414,0.52,0.56441132275847));
#4283=DIRECTION('ref_axis',(-0.767399497020419,-0.427083130081263,-0.478223809500111));
#4284=DIRECTION('',(-0.641123902800413,0.52,0.56441132275847));
#4285=DIRECTION('',(0.641123902800413,-0.52,-0.56441132275847));
#4286=DIRECTION('center_axis',(0.390303908038687,0.854166260162505,-0.343602763914565));
#4287=DIRECTION('ref_axis',(0.0138951030537122,0.367695526217,0.929842420042842));
#4288=DIRECTION('',(-0.390303908038686,-0.854166260162505,0.343602763914565));
#4289=DIRECTION('',(0.390303908038687,0.854166260162505,-0.343602763914565));
#4290=DIRECTION('center_axis',(0.641123902800417,-0.519999999999999,-0.564411322758467));
#4291=DIRECTION('ref_axis',(-0.660774545989544,0.,-0.75058443853594));
#4292=DIRECTION('center_axis',(0.767399497020419,0.427083130081253,0.478223809500121));
#4293=DIRECTION('ref_axis',(0.00762582656307351,0.73972968035628,-0.672860941628525));
#4294=DIRECTION('center_axis',(0.641123902800414,-0.519999999999998,-0.564411322758471));
#4295=DIRECTION('ref_axis',(-0.668400372552618,-0.739729680356282,-0.0777234969074002));
#4296=DIRECTION('center_axis',(-0.377095588981736,0.427083130081247,-0.821826573414685));
#4297=DIRECTION('ref_axis',(-0.641123902800414,0.520000000000003,0.564411322758467));
#4298=DIRECTION('center_axis',(-0.641123902800414,0.52,0.56441132275847));
#4299=DIRECTION('ref_axis',(-0.390303908038683,-0.854166260162504,0.343602763914571));
#4300=DIRECTION('center_axis',(-0.641123902800413,0.52,0.56441132275847));
#4301=DIRECTION('ref_axis',(-0.390303908038681,-0.854166260162501,0.343602763914581));
#4302=DIRECTION('center_axis',(-0.641123902800414,0.52,0.56441132275847));
#4303=DIRECTION('ref_axis',(-0.390303908038681,-0.854166260162501,0.343602763914581));
#4304=DIRECTION('',(-0.641123902800413,0.52,0.56441132275847));
#4305=DIRECTION('',(0.641123902800413,-0.52,-0.56441132275847));
#4306=DIRECTION('center_axis',(-0.377095588981736,0.427083130081251,-0.821826573414683));
#4307=DIRECTION('ref_axis',(0.0192873767286185,0.890763399441887,0.45405788542174));
#4308=DIRECTION('',(0.377095588981736,-0.427083130081251,0.821826573414683));
#4309=DIRECTION('',(-0.377095588981736,0.427083130081251,-0.821826573414683));
#4310=DIRECTION('center_axis',(-0.767399497020421,-0.427083130081252,-0.478223809500117));
#4311=DIRECTION('ref_axis',(-0.447950785576057,0.890763399441886,-0.0766854609201054));
#4312=DIRECTION('',(0.767399497020421,0.427083130081252,0.478223809500117));
#4313=DIRECTION('',(-0.767399497020421,-0.427083130081252,-0.478223809500117));
#4314=DIRECTION('center_axis',(-0.390303908038688,-0.854166260162505,0.343602763914564));
#4315=DIRECTION('ref_axis',(-0.920581221555626,0.367695526217013,-0.131644272640875));
#4316=DIRECTION('',(0.390303908038688,0.854166260162505,-0.343602763914564));
#4317=DIRECTION('',(-0.390303908038688,-0.854166260162505,0.343602763914564));
#4318=DIRECTION('center_axis',(0.377095588981734,-0.427083130081254,0.821826573414682));
#4319=DIRECTION('ref_axis',(-0.92597349523053,-0.155372347007882,0.344140261980225));
#4320=DIRECTION('',(-0.377095588981734,0.427083130081253,-0.821826573414682));
#4321=DIRECTION('',(0.377095588981734,-0.427083130081253,0.821826573414682));
#4322=DIRECTION('center_axis',(-0.00762582656307359,-0.739729680356277,
0.672860941628529));
#4323=DIRECTION('ref_axis',(0.767399497020422,0.427083130081253,0.478223809500117));
#4324=DIRECTION('',(-0.767399497020422,-0.427083130081253,-0.478223809500117));
#4325=DIRECTION('center_axis',(0.660774545989549,-5.55111512312578E-17,
0.750584438535936));
#4326=DIRECTION('ref_axis',(0.390303908038687,0.854166260162505,-0.343602763914565));
#4327=DIRECTION('',(-0.390303908038687,-0.854166260162505,0.343602763914565));
#4328=DIRECTION('center_axis',(0.668400372552622,0.739729680356278,0.0777234969074052));
#4329=DIRECTION('ref_axis',(-0.377095588981736,0.427083130081251,-0.821826573414683));
#4330=DIRECTION('',(0.377095588981736,-0.427083130081251,0.821826573414683));
#4331=DIRECTION('center_axis',(-0.641123902800414,0.52,0.56441132275847));
#4332=DIRECTION('ref_axis',(0.660774545989549,4.98545052720548E-18,0.750584438535936));
#4333=DIRECTION('center_axis',(0.641123902800414,-0.52,-0.56441132275847));
#4334=DIRECTION('ref_axis',(-0.660774545989549,2.52697501692859E-16,-0.750584438535936));
#4335=DIRECTION('center_axis',(-0.641123902800414,0.52,0.56441132275847));
#4336=DIRECTION('ref_axis',(0.660774545989549,0.,0.750584438535936));
#4337=DIRECTION('center_axis',(-0.390303908038686,-0.854166260162505,0.343602763914566));
#4338=DIRECTION('ref_axis',(-0.660774545989549,0.,-0.750584438535935));
#4339=DIRECTION('center_axis',(0.00762582656307384,0.739729680356277,-0.672860941628529));
#4340=DIRECTION('ref_axis',(-0.767399497020422,-0.427083130081252,-0.478223809500117));
#4341=DIRECTION('',(0.767399497020421,0.427083130081252,0.478223809500117));
#4342=DIRECTION('center_axis',(-0.660774545989548,1.97064586870965E-15,
-0.750584438535936));
#4343=DIRECTION('ref_axis',(-0.390303908038688,-0.854166260162505,0.343602763914564));
#4344=DIRECTION('',(0.390303908038688,0.854166260162505,-0.343602763914564));
#4345=DIRECTION('center_axis',(-0.668400372552623,-0.739729680356276,-0.077723496907408));
#4346=DIRECTION('ref_axis',(0.377095588981734,-0.427083130081253,0.821826573414682));
#4347=DIRECTION('',(-0.377095588981734,0.427083130081254,-0.821826573414682));
#4348=DIRECTION('center_axis',(-0.641123902800414,0.52,0.56441132275847));
#4349=DIRECTION('ref_axis',(0.660774545989549,-5.55111512312578E-17,0.750584438535936));
#4350=DIRECTION('center_axis',(0.641123902800414,-0.52,-0.56441132275847));
#4351=DIRECTION('ref_axis',(0.660774545989549,-5.55111512312578E-17,0.750584438535936));
#4352=DIRECTION('',(0.641123902800414,-0.52,-0.56441132275847));
#4353=DIRECTION('center_axis',(-0.641123902800414,0.52,0.56441132275847));
#4354=DIRECTION('ref_axis',(0.660774545989549,-5.55111512312578E-17,0.750584438535936));
#4355=DIRECTION('',(0.641123902800414,-0.52,-0.56441132275847));
#4356=DIRECTION('center_axis',(0.390303908038687,0.854166260162505,-0.343602763914566));
#4357=DIRECTION('ref_axis',(0.660774545989549,-5.55111512312578E-17,0.750584438535936));
#4358=DIRECTION('',(0.641123902800413,-0.52,-0.56441132275847));
#4359=DIRECTION('center_axis',(-0.660774545989549,1.11022302462516E-16,
-0.750584438535935));
#4360=DIRECTION('ref_axis',(0.390303908038687,0.854166260162505,-0.343602763914565));
#4361=DIRECTION('center_axis',(0.390303908039486,0.854166260161857,-0.343602763915269));
#4362=DIRECTION('ref_axis',(0.641123902799927,-0.520000000001065,-0.564411322758042));
#4363=DIRECTION('',(-0.641123902799927,0.520000000001065,0.564411322758042));
#4364=DIRECTION('center_axis',(-0.660774545989549,0.,-0.750584438535936));
#4365=DIRECTION('ref_axis',(-0.750584438535935,0.,0.660774545989549));
#4366=DIRECTION('center_axis',(-0.641123902800414,0.52,0.56441132275847));
#4367=DIRECTION('ref_axis',(0.390303908038687,0.854166260162505,-0.343602763914566));
#4368=DIRECTION('center_axis',(0.390303908038687,0.854166260162505,-0.343602763914566));
#4369=DIRECTION('ref_axis',(0.641123902800413,-0.52,-0.56441132275847));
#4370=DIRECTION('',(0.641123902800414,-0.52,-0.56441132275847));
#4371=DIRECTION('',(-0.641123902800414,0.52,0.56441132275847));
#4372=DIRECTION('center_axis',(0.660774545989549,0.,0.750584438535935));
#4373=DIRECTION('ref_axis',(0.750584438535935,0.,-0.660774545989549));
#4374=DIRECTION('center_axis',(0.660774545989549,0.,0.750584438535935));
#4375=DIRECTION('ref_axis',(0.750584438535935,0.,-0.660774545989549));
#4376=DIRECTION('center_axis',(0.538877990791017,-0.157833709270466,-0.827465426020303));
#4377=DIRECTION('ref_axis',(0.794104487760752,-0.232587819494399,0.561516668266469));
#4378=DIRECTION('center_axis',(1.,0.,0.));
#4379=DIRECTION('ref_axis',(0.,-1.,0.));
#4380=DIRECTION('center_axis',(0.,0.,1.));
#4381=DIRECTION('ref_axis',(1.,0.,0.));
#4382=DIRECTION('center_axis',(0.,-0.707106781186553,0.707106781186542));
#4383=DIRECTION('ref_axis',(0.,0.707106781186542,0.707106781186553));
#4384=DIRECTION('center_axis',(-3.70074341541718E-16,0.,1.));
#4385=DIRECTION('ref_axis',(0.707106781186548,-0.707106781186548,0.));
#4386=DIRECTION('center_axis',(0.,0.,1.));
#4387=DIRECTION('ref_axis',(0.,-1.,0.));
#4388=DIRECTION('',(-3.70074341541718E-16,0.,1.));
#4389=DIRECTION('',(3.70074341541718E-16,0.,-1.));
#4390=DIRECTION('center_axis',(2.22044604925031E-16,-1.,8.21730109605219E-32));
#4391=DIRECTION('ref_axis',(0.,0.,-1.));
#4392=DIRECTION('center_axis',(-2.22044604925031E-16,1.,-8.21730109605219E-32));
#4393=DIRECTION('ref_axis',(-0.707106781186514,-1.73472347597672E-16,-0.707106781186581));
#4394=DIRECTION('center_axis',(2.22044604925031E-16,-1.,8.21730109605219E-32));
#4395=DIRECTION('ref_axis',(-0.707106781186514,-1.5700924586837E-16,-0.707106781186581));
#4396=DIRECTION('center_axis',(2.61682076447294E-16,0.707106781186551,-0.707106781186544));
#4397=DIRECTION('ref_axis',(0.707106781186471,0.499999999999987,0.500000000000121));
#4398=DIRECTION('center_axis',(0.,-0.707106781186553,0.707106781186542));
#4399=DIRECTION('ref_axis',(1.,0.,0.));
#4400=DIRECTION('',(-2.61682076447294E-16,-0.707106781186551,0.707106781186544));
#4401=DIRECTION('',(2.61682076447294E-16,0.707106781186551,-0.707106781186544));
#4402=DIRECTION('center_axis',(-2.87850284092026E-16,0.707106781186544,
0.707106781186551));
#4403=DIRECTION('ref_axis',(2.45326946669339E-16,0.707106781186551,-0.707106781186544));
#4404=DIRECTION('center_axis',(0.,-0.447213595499947,-0.894427190999921));
#4405=DIRECTION('ref_axis',(0.,0.894427190999921,-0.447213595499947));
#4406=DIRECTION('center_axis',(-0.538877990790817,-0.157833709270421,-0.827465426020443));
#4407=DIRECTION('ref_axis',(-0.794104487760896,-0.232587819494465,0.561516668266236));
#4408=DIRECTION('center_axis',(0.,-0.707106781186675,0.70710678118642));
#4409=DIRECTION('ref_axis',(-1.,0.,0.));
#4410=DIRECTION('center_axis',(-1.77635683940025E-13,0.,1.));
#4411=DIRECTION('ref_axis',(0.,-1.,0.));
#4412=DIRECTION('center_axis',(-1.,-2.22044604925031E-14,2.22044604925028E-14));
#4413=DIRECTION('ref_axis',(0.,0.707106781186542,0.707106781186553));
#4414=DIRECTION('center_axis',(2.22044604925031E-16,-1.,8.21730109605219E-32));
#4415=DIRECTION('ref_axis',(0.,0.,-1.));
#4416=DIRECTION('center_axis',(0.,0.,-1.));
#4417=DIRECTION('ref_axis',(0.,-1.,0.));
#4418=DIRECTION('center_axis',(-2.22044604925031E-16,1.,-8.21730109605219E-32));
#4419=DIRECTION('ref_axis',(0.707106781186514,1.73472347597672E-16,-0.707106781186581));
#4420=DIRECTION('center_axis',(2.22044604925031E-16,-1.,8.21730109605219E-32));
#4421=DIRECTION('ref_axis',(0.707106781186514,1.5700924586837E-16,-0.707106781186581));
#4422=DIRECTION('center_axis',(-3.70074341541718E-16,0.,1.));
#4423=DIRECTION('ref_axis',(-0.707106781186548,-0.707106781186548,0.));
#4424=DIRECTION('',(3.70074341541718E-16,0.,-1.));
#4425=DIRECTION('',(-3.70074341541718E-16,0.,1.));
#4426=DIRECTION('center_axis',(1.,2.22044604925031E-16,1.8503717077086E-16));
#4427=DIRECTION('ref_axis',(0.,-0.382683432365088,0.923879532511288));
#4428=DIRECTION('',(-1.,-2.22044604925031E-16,-1.8503717077086E-16));
#4429=DIRECTION('',(1.,2.22044604925031E-16,1.8503717077086E-16));
#4430=DIRECTION('center_axis',(7.85046229341893E-16,-0.707106781186551,
0.707106781186544));
#4431=DIRECTION('ref_axis',(-0.707106781186458,0.500000000000004,0.500000000000122));
#4432=DIRECTION('center_axis',(0.,-0.707106781186531,0.707106781186564));
#4433=DIRECTION('ref_axis',(0.,0.707106781186564,0.707106781186531));
#4434=DIRECTION('',(7.85046229341893E-16,-0.707106781186551,0.707106781186544));
#4435=DIRECTION('',(-7.85046229341893E-16,0.707106781186551,-0.707106781186544));
#4436=DIRECTION('center_axis',(0.,-0.447213595499947,-0.894427190999921));
#4437=DIRECTION('ref_axis',(0.,0.894427190999921,-0.447213595499947));
#4438=DIRECTION('center_axis',(-2.87850284092026E-16,0.707106781186544,
0.707106781186551));
#4439=DIRECTION('ref_axis',(-1.71728862668537E-15,0.707106781186551,-0.707106781186544));
#4440=DIRECTION('center_axis',(2.22044604925031E-16,-1.,8.21730109605219E-32));
#4441=DIRECTION('ref_axis',(1.,2.22044604925031E-16,4.03717463500057E-16));
#4442=DIRECTION('',(-1.,-2.22044604925031E-16,-1.26161707343768E-16));
#4443=DIRECTION('center_axis',(-1.,-1.48029736616687E-15,-3.70074341541718E-16));
#4444=DIRECTION('ref_axis',(1.48029736616687E-15,-1.,5.97621897894704E-31));
#4445=DIRECTION('',(-1.48029736616687E-15,1.,-1.86756843092095E-31));
#4446=DIRECTION('center_axis',(-1.48029736616687E-15,1.,-1.86756843092095E-31));
#4447=DIRECTION('ref_axis',(0.707106781186493,0.,-0.707106781186602));
#4448=DIRECTION('',(1.48029736616687E-15,-1.,1.86756843092095E-31));
#4449=DIRECTION('center_axis',(0.,-1.,0.));
#4450=DIRECTION('ref_axis',(-0.707106781186493,0.,-0.707106781186602));
#4451=DIRECTION('',(0.,1.,0.));
#4452=DIRECTION('',(0.,-1.,0.));
#4453=DIRECTION('center_axis',(1.,0.,3.70074341541718E-16));
#4454=DIRECTION('ref_axis',(0.,1.,0.));
#4455=DIRECTION('center_axis',(-2.87850284092026E-16,0.707106781186544,
0.707106781186551));
#4456=DIRECTION('ref_axis',(1.,0.,4.0708177569589E-16));
#4457=DIRECTION('',(1.,3.70074341541719E-17,1.26161707343768E-16));
#4458=DIRECTION('center_axis',(0.,1.,0.));
#4459=DIRECTION('ref_axis',(0.,0.,1.));
#4460=DIRECTION('center_axis',(0.,-1.,0.));
#4461=DIRECTION('ref_axis',(0.,0.,1.));
#4462=DIRECTION('',(0.,1.,0.));
#4463=DIRECTION('center_axis',(0.,1.,0.));
#4464=DIRECTION('ref_axis',(0.,0.,1.));
#4465=DIRECTION('',(0.,1.,0.));
#4466=DIRECTION('center_axis',(-1.26161707343768E-16,0.,1.));
#4467=DIRECTION('ref_axis',(1.,0.,1.26161707343768E-16));
#4468=DIRECTION('',(-1.,0.,-1.26161707343768E-16));
#4469=DIRECTION('',(1.,0.,1.26161707343768E-16));
#4470=DIRECTION('',(0.,1.,0.));
#4471=DIRECTION('center_axis',(0.,1.,0.));
#4472=DIRECTION('ref_axis',(-1.,0.,0.));
#4473=DIRECTION('center_axis',(0.,-1.,0.));
#4474=DIRECTION('ref_axis',(-1.,0.,0.));
#4475=DIRECTION('center_axis',(0.,1.,0.));
#4476=DIRECTION('ref_axis',(-1.,0.,0.));
#4477=DIRECTION('',(0.,1.,0.));
#4478=DIRECTION('center_axis',(-1.,0.,-5.44226972855469E-17));
#4479=DIRECTION('ref_axis',(-5.44226972855469E-17,0.,1.));
#4480=DIRECTION('',(5.44226972855469E-17,0.,-1.));
#4481=DIRECTION('',(-5.44226972855469E-17,0.,1.));
#4482=DIRECTION('',(0.,1.,0.));
#4483=DIRECTION('center_axis',(0.,0.,-1.));
#4484=DIRECTION('ref_axis',(-1.,0.,0.));
#4485=DIRECTION('',(1.,0.,0.));
#4486=DIRECTION('',(-1.,0.,0.));
#4487=DIRECTION('',(0.,1.,0.));
#4488=DIRECTION('center_axis',(1.,0.,-4.28578741123682E-16));
#4489=DIRECTION('ref_axis',(-4.28578741123682E-16,0.,-1.));
#4490=DIRECTION('',(4.28578741123682E-16,0.,1.));
#4491=DIRECTION('',(-4.28578741123682E-16,0.,-1.));
#4492=DIRECTION('',(0.,1.,0.));
#4493=DIRECTION('center_axis',(0.,1.,0.));
#4494=DIRECTION('ref_axis',(1.,0.,-2.1350442781253E-16));
#4495=DIRECTION('center_axis',(0.,1.,0.));
#4496=DIRECTION('ref_axis',(1.,0.,-2.1350442781253E-16));
#4497=DIRECTION('center_axis',(0.,-1.,0.));
#4498=DIRECTION('ref_axis',(1.,0.,-2.1350442781253E-16));
#4499=DIRECTION('',(0.,1.,0.));
#4500=DIRECTION('center_axis',(-3.02788097625043E-16,0.,-1.));
#4501=DIRECTION('ref_axis',(-1.,0.,3.02788097625043E-16));
#4502=DIRECTION('',(1.,0.,-3.02788097625043E-16));
#4503=DIRECTION('',(-1.,0.,3.02788097625043E-16));
#4504=DIRECTION('',(0.,1.,0.));
#4505=DIRECTION('center_axis',(0.,1.,0.));
#4506=DIRECTION('ref_axis',(0.,0.,-1.));
#4507=DIRECTION('center_axis',(0.,1.,0.));
#4508=DIRECTION('ref_axis',(0.,0.,-1.));
#4509=DIRECTION('center_axis',(0.,-1.,0.));
#4510=DIRECTION('ref_axis',(0.,0.,-1.));
#4511=DIRECTION('',(0.,1.,0.));
#4512=DIRECTION('center_axis',(-1.,0.,1.08306361951946E-16));
#4513=DIRECTION('ref_axis',(1.08306361951946E-16,0.,1.));
#4514=DIRECTION('',(-1.08306361951946E-16,0.,-1.));
#4515=DIRECTION('',(1.08306361951946E-16,0.,1.));
#4516=DIRECTION('',(0.,1.,0.));
#4517=DIRECTION('center_axis',(0.,1.,0.));
#4518=DIRECTION('ref_axis',(-0.351796093441741,0.,-0.936076657458741));
#4519=DIRECTION('center_axis',(0.,1.,0.));
#4520=DIRECTION('ref_axis',(-0.351796093441741,0.,-0.936076657458741));
#4521=DIRECTION('center_axis',(0.,-1.,0.));
#4522=DIRECTION('ref_axis',(-0.351796093441741,0.,-0.936076657458741));
#4523=DIRECTION('',(0.,1.,0.));
#4524=DIRECTION('center_axis',(2.3553266291009E-14,0.,-1.));
#4525=DIRECTION('ref_axis',(-1.,0.,-2.3553266291009E-14));
#4526=DIRECTION('',(1.,0.,2.3553266291009E-14));
#4527=DIRECTION('',(-1.,0.,-2.3553266291009E-14));
#4528=DIRECTION('',(0.,1.,0.));
#4529=DIRECTION('center_axis',(0.,1.,0.));
#4530=DIRECTION('ref_axis',(0.3649709695913,0.,0.931018899569491));
#4531=DIRECTION('center_axis',(0.,-1.,0.));
#4532=DIRECTION('ref_axis',(0.3649709695913,0.,0.931018899569491));
#4533=DIRECTION('center_axis',(0.,1.,0.));
#4534=DIRECTION('ref_axis',(0.3649709695913,0.,0.931018899569491));
#4535=DIRECTION('',(0.,1.,0.));
#4536=DIRECTION('center_axis',(1.,0.,1.09685151876691E-16));
#4537=DIRECTION('ref_axis',(1.09685151876691E-16,0.,-1.));
#4538=DIRECTION('',(-1.09685151876691E-16,0.,1.));
#4539=DIRECTION('',(1.09685151876691E-16,0.,-1.));
#4540=DIRECTION('center_axis',(0.,1.,0.));
#4541=DIRECTION('ref_axis',(0.,0.,1.));
#4542=DIRECTION('center_axis',(0.,-1.,0.));
#4543=DIRECTION('ref_axis',(-0.707106781186548,0.,0.707106781186548));
#4544=DIRECTION('center_axis',(0.,1.,0.));
#4545=DIRECTION('ref_axis',(-0.707106781186548,0.,0.707106781186548));
#4546=DIRECTION('',(0.,1.,0.));
#4547=DIRECTION('center_axis',(0.,-1.,0.));
#4548=DIRECTION('ref_axis',(-0.707106781186548,0.,0.707106781186548));
#4549=DIRECTION('',(0.,-1.,0.));
#4550=DIRECTION('center_axis',(0.,0.,1.));
#4551=DIRECTION('ref_axis',(-1.,0.,0.));
#4552=DIRECTION('',(1.,0.,0.));
#4553=DIRECTION('',(0.,-1.,0.));
#4554=DIRECTION('',(-1.,0.,0.));
#4555=DIRECTION('center_axis',(0.,-1.,0.));
#4556=DIRECTION('ref_axis',(0.,0.,-1.));
#4557=DIRECTION('',(0.,0.,1.));
#4558=DIRECTION('center_axis',(0.,-1.,0.));
#4559=DIRECTION('ref_axis',(-0.427159926217291,0.,0.904176087625656));
#4560=DIRECTION('center_axis',(0.,-1.,0.));
#4561=DIRECTION('ref_axis',(-0.832186796071809,0.,-0.554495389019365));
#4562=DIRECTION('center_axis',(0.,-1.,0.));
#4563=DIRECTION('ref_axis',(0.998069925776328,0.,0.0621001067699169));
#4564=DIRECTION('',(1.50638205766762E-16,0.,-1.));
#4565=DIRECTION('center_axis',(0.,1.,0.));
#4566=DIRECTION('ref_axis',(0.707106781186547,0.,0.707106781186548));
#4567=DIRECTION('center_axis',(0.,1.,0.));
#4568=DIRECTION('ref_axis',(1.,0.,0.));
#4569=DIRECTION('center_axis',(0.,1.,0.));
#4570=DIRECTION('ref_axis',(1.,0.,0.));
#4571=DIRECTION('center_axis',(0.,-1.,0.));
#4572=DIRECTION('ref_axis',(0.707106781186547,0.,0.707106781186548));
#4573=DIRECTION('',(0.,1.,0.));
#4574=DIRECTION('center_axis',(0.,-1.,0.));
#4575=DIRECTION('ref_axis',(0.707106781186547,0.,0.707106781186548));
#4576=DIRECTION('center_axis',(1.,0.,1.50638205766762E-16));
#4577=DIRECTION('ref_axis',(-1.50638205766762E-16,0.,1.));
#4578=DIRECTION('',(0.,-1.,0.));
#4579=DIRECTION('',(-1.50638205766762E-16,0.,1.));
#4580=DIRECTION('center_axis',(0.,-1.,0.));
#4581=DIRECTION('ref_axis',(0.,0.,-1.));
#4582=DIRECTION('center_axis',(0.,1.,0.));
#4583=DIRECTION('ref_axis',(-1.,0.,0.));
#4584=DIRECTION('center_axis',(0.,-1.,0.));
#4585=DIRECTION('ref_axis',(-1.,0.,0.));
#4586=DIRECTION('center_axis',(0.,-1.,0.));
#4587=DIRECTION('ref_axis',(-1.,0.,0.));
#4588=DIRECTION('',(0.,1.,0.));
#4589=DIRECTION('center_axis',(0.,-1.,0.));
#4590=DIRECTION('ref_axis',(1.,0.,0.));
#4591=DIRECTION('center_axis',(0.,1.,0.));
#4592=DIRECTION('ref_axis',(1.,0.,0.));
#4593=DIRECTION('',(0.,1.,0.));
#4594=DIRECTION('center_axis',(0.,-1.,0.));
#4595=DIRECTION('ref_axis',(0.,0.,-1.));
#4596=DIRECTION('center_axis',(0.,1.,0.));
#4597=DIRECTION('ref_axis',(1.,0.,0.));
#4598=DIRECTION('center_axis',(0.,1.,0.));
#4599=DIRECTION('ref_axis',(1.,0.,0.));
#4600=DIRECTION('',(0.,1.,0.));
#4601=DIRECTION('center_axis',(0.,1.,0.));
#4602=DIRECTION('ref_axis',(1.,0.,0.));
#4603=DIRECTION('center_axis',(0.,-1.,0.));
#4604=DIRECTION('ref_axis',(0.,0.,-1.));
#4605=DIRECTION('center_axis',(0.,-1.,0.));
#4606=DIRECTION('ref_axis',(1.,0.,0.));
#4607=DIRECTION('center_axis',(0.,1.,0.));
#4608=DIRECTION('ref_axis',(1.,0.,0.));
#4609=DIRECTION('',(0.,1.,0.));
#4610=DIRECTION('center_axis',(0.,-1.,0.));
#4611=DIRECTION('ref_axis',(0.,0.,-1.));
#4612=DIRECTION('center_axis',(0.,-1.,0.));
#4613=DIRECTION('ref_axis',(-1.,0.,0.));
#4614=DIRECTION('center_axis',(0.,1.,0.));
#4615=DIRECTION('ref_axis',(-1.,0.,0.));
#4616=DIRECTION('',(0.,1.,0.));
#4617=DIRECTION('center_axis',(0.,-1.,0.));
#4618=DIRECTION('ref_axis',(-1.,0.,0.));
#4619=DIRECTION('center_axis',(0.,-1.,0.));
#4620=DIRECTION('ref_axis',(0.,0.,-1.));
#4621=DIRECTION('center_axis',(0.,-1.,0.));
#4622=DIRECTION('ref_axis',(1.,0.,0.));
#4623=DIRECTION('center_axis',(0.,-1.,0.));
#4624=DIRECTION('ref_axis',(-1.,0.,0.));
#4625=DIRECTION('center_axis',(0.,1.,0.));
#4626=DIRECTION('ref_axis',(-1.,0.,0.));
#4627=DIRECTION('',(0.,1.,0.));
#4628=DIRECTION('center_axis',(0.,-1.,0.));
#4629=DIRECTION('ref_axis',(-1.,0.,0.));
#4630=DIRECTION('center_axis',(0.,-1.,0.));
#4631=DIRECTION('ref_axis',(0.,0.,-1.));
#4632=DIRECTION('center_axis',(0.,-1.,0.));
#4633=DIRECTION('ref_axis',(1.,0.,0.));
#4634=DIRECTION('center_axis',(0.,-1.,0.));
#4635=DIRECTION('ref_axis',(-1.,0.,0.));
#4636=DIRECTION('center_axis',(0.,1.,0.));
#4637=DIRECTION('ref_axis',(-1.,0.,0.));
#4638=DIRECTION('',(0.,1.,0.));
#4639=DIRECTION('center_axis',(0.,-1.,0.));
#4640=DIRECTION('ref_axis',(-1.,0.,0.));
#4641=DIRECTION('center_axis',(0.,-1.,0.));
#4642=DIRECTION('ref_axis',(0.,0.,-1.));
#4643=DIRECTION('center_axis',(0.,-1.,0.));
#4644=DIRECTION('ref_axis',(1.,0.,0.));
#4645=DIRECTION('center_axis',(0.,-1.,0.));
#4646=DIRECTION('ref_axis',(-1.,0.,0.));
#4647=DIRECTION('center_axis',(0.,1.,0.));
#4648=DIRECTION('ref_axis',(-1.,0.,0.));
#4649=DIRECTION('',(0.,1.,0.));
#4650=DIRECTION('center_axis',(0.,-1.,0.));
#4651=DIRECTION('ref_axis',(-1.,0.,0.));
#4652=DIRECTION('center_axis',(0.,-1.,0.));
#4653=DIRECTION('ref_axis',(0.,0.,-1.));
#4654=DIRECTION('center_axis',(0.,-1.,0.));
#4655=DIRECTION('ref_axis',(1.,0.,0.));
#4656=DIRECTION('center_axis',(0.,-1.,0.));
#4657=DIRECTION('ref_axis',(1.,0.,0.));
#4658=DIRECTION('',(0.,1.,0.));
#4659=DIRECTION('center_axis',(0.,-1.,0.));
#4660=DIRECTION('ref_axis',(0.,0.,-1.));
#4661=DIRECTION('center_axis',(0.,-1.,0.));
#4662=DIRECTION('ref_axis',(1.,0.,0.));
#4663=DIRECTION('',(0.,1.,0.));
#4664=DIRECTION('center_axis',(0.,-1.,0.));
#4665=DIRECTION('ref_axis',(0.,0.,-1.));
#4666=DIRECTION('center_axis',(0.,-1.,0.));
#4667=DIRECTION('ref_axis',(1.,0.,0.));
#4668=DIRECTION('',(0.,1.,0.));
#4669=DIRECTION('center_axis',(0.,-1.,0.));
#4670=DIRECTION('ref_axis',(0.,0.,-1.));
#4671=DIRECTION('center_axis',(0.,-1.,0.));
#4672=DIRECTION('ref_axis',(1.,0.,0.));
#4673=DIRECTION('',(0.,1.,0.));
#4674=DIRECTION('center_axis',(0.,-1.,0.));
#4675=DIRECTION('ref_axis',(0.,0.,-1.));
#4676=DIRECTION('center_axis',(-1.,0.,0.));
#4677=DIRECTION('ref_axis',(0.,0.,-1.));
#4678=DIRECTION('',(0.,0.,-1.));
#4679=DIRECTION('',(0.,1.,0.));
#4680=DIRECTION('center_axis',(0.,-1.,0.));
#4681=DIRECTION('ref_axis',(0.,0.,-1.));
#4682=DIRECTION('center_axis',(0.,-1.,0.));
#4683=DIRECTION('ref_axis',(0.996619424486888,0.,0.0821566962299681));
#4684=DIRECTION('center_axis',(0.,-1.,0.));
#4685=DIRECTION('ref_axis',(-0.832186796071809,0.,-0.554495389019365));
#4686=DIRECTION('',(0.,-1.,0.));
#4687=DIRECTION('',(0.,-1.,0.));
#4688=DIRECTION('center_axis',(0.,1.,0.));
#4689=DIRECTION('ref_axis',(0.0256239971498477,0.,-0.999671651478656));
#4690=DIRECTION('center_axis',(0.,1.,0.));
#4691=DIRECTION('ref_axis',(1.,0.,0.));
#4692=DIRECTION('',(0.,-1.,0.));
#4693=DIRECTION('center_axis',(0.,1.,0.));
#4694=DIRECTION('ref_axis',(1.,0.,0.));
#4695=DIRECTION('',(0.,-1.,0.));
#4696=DIRECTION('center_axis',(0.,1.,0.));
#4697=DIRECTION('ref_axis',(1.,0.,0.));
#4698=DIRECTION('',(0.,-1.,0.));
#4699=DIRECTION('center_axis',(0.,-1.,0.));
#4700=DIRECTION('ref_axis',(1.,0.,0.));
#4701=DIRECTION('center_axis',(0.,-1.,0.));
#4702=DIRECTION('ref_axis',(1.,0.,0.));
#4703=DIRECTION('center_axis',(0.,-1.,0.));
#4704=DIRECTION('ref_axis',(1.,0.,0.));
#4705=DIRECTION('center_axis',(0.,-1.,0.));
#4706=DIRECTION('ref_axis',(1.,0.,0.));
#4707=DIRECTION('center_axis',(0.,-1.,0.));
#4708=DIRECTION('ref_axis',(1.,0.,0.));
#4709=DIRECTION('center_axis',(0.,-1.,0.));
#4710=DIRECTION('ref_axis',(1.,0.,0.));
#4711=DIRECTION('center_axis',(0.,1.,0.));
#4712=DIRECTION('ref_axis',(1.,0.,0.));
#4713=DIRECTION('center_axis',(0.,1.,0.));
#4714=DIRECTION('ref_axis',(1.,0.,0.));
#4715=DIRECTION('center_axis',(0.,1.,0.));
#4716=DIRECTION('ref_axis',(1.,0.,0.));
#4717=DIRECTION('center_axis',(0.,1.,0.));
#4718=DIRECTION('ref_axis',(1.,0.,0.));
#4719=CARTESIAN_POINT('',(0.,0.,0.));
#4720=CARTESIAN_POINT('Ctrl Pts',(10.2386122024895,1.44142135623729,27.1022041699623));
#4721=CARTESIAN_POINT('Ctrl Pts',(10.2077284759316,1.44144731858256,27.1214106214195));
#4722=CARTESIAN_POINT('Ctrl Pts',(10.1688233154677,1.40791111216125,27.158857332916));
#4723=CARTESIAN_POINT('Ctrl Pts',(10.120513444311,1.2656101299059,27.245030642367));
#4724=CARTESIAN_POINT('Ctrl Pts',(10.1248434209497,1.12626362385652,27.2971710212583));
#4725=CARTESIAN_POINT('Ctrl Pts',(10.1441159440301,1.01715728746918,27.3280135053926));
#4726=CARTESIAN_POINT('Ctrl Pts',(10.2288247545702,1.45993336847962,27.0864911034097));
#4727=CARTESIAN_POINT('Ctrl Pts',(10.1938914175799,1.45995842054412,27.1082291201929));
#4728=CARTESIAN_POINT('Ctrl Pts',(10.1474541463216,1.42378395900551,27.1464089086267));
#4729=CARTESIAN_POINT('Ctrl Pts',(10.0874954854006,1.27207636500938,27.2241606029364));
#4730=CARTESIAN_POINT('Ctrl Pts',(10.092008524818,1.12617371799282,27.2630121075633));
#4731=CARTESIAN_POINT('Ctrl Pts',(10.1163441658809,1.01715728746918,27.2835693698785));
#4732=CARTESIAN_POINT('Ctrl Pts',(10.2131518734698,1.5043173027975,27.0613293834361));
#4733=CARTESIAN_POINT('Ctrl Pts',(10.1685001563339,1.50433563905673,27.0891364795223));
#4734=CARTESIAN_POINT('Ctrl Pts',(10.1051423908823,1.46395085128094,27.1310869489484));
#4735=CARTESIAN_POINT('Ctrl Pts',(10.0120993213215,1.29541524586659,27.2006059656231));
#4736=CARTESIAN_POINT('Ctrl Pts',(10.0034222565747,1.13415611687021,27.2186128390171));
#4737=CARTESIAN_POINT('Ctrl Pts',(10.024171190879,1.01715728746512,27.218170959954));
#4738=CARTESIAN_POINT('Ctrl Pts',(10.2076412082234,1.55666277369469,27.0524823938552));
#4739=CARTESIAN_POINT('Ctrl Pts',(10.1515396353184,1.55666889572465,27.0874273014766));
#4740=CARTESIAN_POINT('Ctrl Pts',(10.0702302498499,1.51337846154521,27.1382864450424));
#4741=CARTESIAN_POINT('Ctrl Pts',(9.93941200401501,1.33071381840395,27.219974093663));
#4742=CARTESIAN_POINT('Ctrl Pts',(9.90760805878851,1.15308680968143,27.2401205477982));
#4743=CARTESIAN_POINT('Ctrl Pts',(9.91268429360898,1.01715728745536,27.236704202478));
#4744=CARTESIAN_POINT('Ctrl Pts',(10.2076412082234,1.5828427124746,27.0524823938552));
#4745=CARTESIAN_POINT('Ctrl Pts',(10.145812944939,1.58284271247461,27.0909943485276));
#4746=CARTESIAN_POINT('Ctrl Pts',(10.0560369735142,1.53810839497009,27.1470240153731));
#4747=CARTESIAN_POINT('Ctrl Pts',(9.90892307972692,1.34839623891922,27.2390308691536));
#4748=CARTESIAN_POINT('Ctrl Pts',(9.86827993429384,1.16263245225665,27.2645395346731));
#4749=CARTESIAN_POINT('Ctrl Pts',(9.86827993430539,1.01715728745045,27.2645395346659));
#4750=CARTESIAN_POINT('',(10.2386122024895,1.44142135623734,27.1022041699623));
#4751=CARTESIAN_POINT('',(10.0142319118858,1.48203594422486,27.1731730046788));
#4752=CARTESIAN_POINT('Ctrl Pts',(10.2386122024895,1.44142135623729,27.1022041699623));
#4753=CARTESIAN_POINT('Ctrl Pts',(10.2382354345407,1.44159065513329,27.1022393975507));
#4754=CARTESIAN_POINT('Ctrl Pts',(10.2378583783705,1.4417592435197,27.102274926871));
#4755=CARTESIAN_POINT('Ctrl Pts',(10.2021123424495,1.45766278173981,27.1056697528199));
#4756=CARTESIAN_POINT('Ctrl Pts',(10.1650321018476,1.46694126944376,27.1119542727682));
#4757=CARTESIAN_POINT('Ctrl Pts',(10.0910453535498,1.47899886141562,27.1336529650375));
#4758=CARTESIAN_POINT('Ctrl Pts',(10.0515590324431,1.48203594422485,27.1498380141571));
#4759=CARTESIAN_POINT('Ctrl Pts',(10.0142319118859,1.48203594422486,27.1731730046788));
#4760=CARTESIAN_POINT('',(9.86827993430539,1.01715728745045,27.2645395346659));
#4761=CARTESIAN_POINT('Ctrl Pts',(10.0143496112888,1.48189532461437,27.1730996533189));
#4762=CARTESIAN_POINT('Ctrl Pts',(9.99989567388782,1.46508375418416,27.1821359033916));
#4763=CARTESIAN_POINT('Ctrl Pts',(9.90613600153336,1.33565760381991,27.2407801098843));
#4764=CARTESIAN_POINT('Ctrl Pts',(9.86827993429384,1.16263245225665,27.2645395346731));
#4765=CARTESIAN_POINT('Ctrl Pts',(9.86827993430539,1.01715728745045,27.2645395346659));
#4766=CARTESIAN_POINT('',(10.144115944035,1.01715728747854,27.3280135054006));
#4767=CARTESIAN_POINT('Origin',(9.97450632478886,1.01715728745045,27.4339973582234));
#4768=CARTESIAN_POINT('Ctrl Pts',(10.1441159440301,1.01715728746918,27.3280135053926));
#4769=CARTESIAN_POINT('Ctrl Pts',(10.1248434209497,1.12626362385652,27.2971710212583));
#4770=CARTESIAN_POINT('Ctrl Pts',(10.120513444311,1.2656101299059,27.245030642367));
#4771=CARTESIAN_POINT('Ctrl Pts',(10.1688233154677,1.40791111216125,27.158857332916));
#4772=CARTESIAN_POINT('Ctrl Pts',(10.2077284759316,1.44144731858256,27.1214106214195));
#4773=CARTESIAN_POINT('Ctrl Pts',(10.2386122024895,1.44142135623729,27.1022041699623));
#4774=CARTESIAN_POINT('Origin',(9.97450632478885,1.5,27.4339973582234));
#4775=CARTESIAN_POINT('',(9.86827993430539,0.2,27.2645395346659));
#4776=CARTESIAN_POINT('',(10.1441159440201,0.2,27.3280135053768));
#4777=CARTESIAN_POINT('Origin',(9.97450632478885,0.2,27.4339973582234));
#4778=CARTESIAN_POINT('',(10.1441159440201,1.5,27.3280135053768));
#4779=CARTESIAN_POINT('',(9.86827993430539,1.5,27.2645395346659));
#4780=CARTESIAN_POINT('Ctrl Pts',(10.1441159440201,0.199999999999989,27.3280135053768));
#4781=CARTESIAN_POINT('Ctrl Pts',(10.1441159440201,0.147641949469462,27.3280135053768));
#4782=CARTESIAN_POINT('Ctrl Pts',(10.1808557406416,0.0434179654346457,27.3048650332291));
#4783=CARTESIAN_POINT('Ctrl Pts',(10.2692440772392,1.63942096870981E-15,
27.2496481189869));
#4784=CARTESIAN_POINT('Ctrl Pts',(10.3137255632514,0.,27.2220296525301));
#4785=CARTESIAN_POINT('Ctrl Pts',(10.1163441658685,0.199999999999989,27.2835693698678));
#4786=CARTESIAN_POINT('Ctrl Pts',(10.1163441658685,0.147771381619568,27.2835693698678));
#4787=CARTESIAN_POINT('Ctrl Pts',(10.1531613058993,0.0435674011676872,27.2604167499604));
#4788=CARTESIAN_POINT('Ctrl Pts',(10.2416271830226,-2.0049512528521E-5,
27.2051782815988));
#4789=CARTESIAN_POINT('Ctrl Pts',(10.2860426084521,-1.22937015231438E-15,
27.1775863089154));
#4790=CARTESIAN_POINT('Ctrl Pts',(10.0241718572618,0.19999999999999,27.2181680640379));
#4791=CARTESIAN_POINT('Ctrl Pts',(10.0241718572618,0.136279594222519,27.2181680640379));
#4792=CARTESIAN_POINT('Ctrl Pts',(10.0688913135886,0.0094447835018321,27.1901630749898));
#4793=CARTESIAN_POINT('Ctrl Pts',(10.17671537121,-0.0434624444313185,27.1228807579081));
#4794=CARTESIAN_POINT('Ctrl Pts',(10.2309438975622,-0.0434257502096073,
27.0891285933803));
#4795=CARTESIAN_POINT('Ctrl Pts',(9.91268429360634,0.199999999999992,27.2367042024797));
#4796=CARTESIAN_POINT('Ctrl Pts',(9.91268429360634,0.109026195796581,27.2367042024797));
#4797=CARTESIAN_POINT('Ctrl Pts',(9.97672147623348,-0.072126927236774,27.196567981967));
#4798=CARTESIAN_POINT('Ctrl Pts',(10.1306274792625,-0.147652717434405,27.1004533320746));
#4799=CARTESIAN_POINT('Ctrl Pts',(10.2079844649546,-0.147640122440171,27.0522685847584));
#4800=CARTESIAN_POINT('Ctrl Pts',(9.8682799343054,0.199999999999993,27.2645395346659));
#4801=CARTESIAN_POINT('Ctrl Pts',(9.8682799343054,0.0952838989389374,27.2645395346659));
#4802=CARTESIAN_POINT('Ctrl Pts',(9.94195056085236,-0.1131640691307,27.2183138456539));
#4803=CARTESIAN_POINT('Ctrl Pts',(10.1189737211041,-0.199999999999995,27.1077117669823));
#4804=CARTESIAN_POINT('Ctrl Pts',(10.2079844649546,-0.2,27.0522685847584));
#4805=CARTESIAN_POINT('',(10.2079844649546,-0.2,27.0522685847584));
#4806=CARTESIAN_POINT('',(10.3137255632514,-1.51571309210352E-30,27.2220296525301));
#4807=CARTESIAN_POINT('Origin',(10.3137255632514,-0.2,27.2220296525301));
#4808=CARTESIAN_POINT('Ctrl Pts',(10.3137255632514,0.,27.2220296525301));
#4809=CARTESIAN_POINT('Ctrl Pts',(10.2692440772392,1.63942096870981E-15,
27.2496481189869));
#4810=CARTESIAN_POINT('Ctrl Pts',(10.1808557406416,0.0434179654346457,27.3048650332291));
#4811=CARTESIAN_POINT('Ctrl Pts',(10.1441159440201,0.147641949469462,27.3280135053768));
#4812=CARTESIAN_POINT('Ctrl Pts',(10.1441159440201,0.199999999999989,27.3280135053768));
#4813=CARTESIAN_POINT('Ctrl Pts',(9.8682799343054,0.199999999999993,27.2645395346659));
#4814=CARTESIAN_POINT('Ctrl Pts',(9.8682799343054,0.0952838989389374,27.2645395346659));
#4815=CARTESIAN_POINT('Ctrl Pts',(9.94195056085236,-0.1131640691307,27.2183138456539));
#4816=CARTESIAN_POINT('Ctrl Pts',(10.1189737211041,-0.199999999999995,27.1077117669823));
#4817=CARTESIAN_POINT('Ctrl Pts',(10.2079844649546,-0.2,27.0522685847584));
#4818=CARTESIAN_POINT('Origin',(84.2267532727297,-0.2,145.885016024936));
#4819=CARTESIAN_POINT('',(18.3239595919232,-0.2,22.3665081604668));
#4820=CARTESIAN_POINT('',(18.4181064400386,0.,22.5429631717018));
#4821=CARTESIAN_POINT('Origin',(18.4181064400386,-0.2,22.5429631717018));
#4822=CARTESIAN_POINT('Origin',(84.2267532727297,0.,145.885016024936));
#4823=CARTESIAN_POINT('Origin',(84.2267532727297,-0.2,145.885016024936));
#4824=CARTESIAN_POINT('Ctrl Pts',(18.4181064400386,3.46944695195361E-17,
22.5429631717018));
#4825=CARTESIAN_POINT('Ctrl Pts',(18.4642659132061,1.00200740364423E-15,
22.5182500742984));
#4826=CARTESIAN_POINT('Ctrl Pts',(18.5562816428513,0.043421356282299,22.4693107659928));
#4827=CARTESIAN_POINT('Ctrl Pts',(18.5946959586104,0.147641454239771,22.4490688591446));
#4828=CARTESIAN_POINT('Ctrl Pts',(18.5946959586104,0.199999999999994,22.4490688591446));
#4829=CARTESIAN_POINT('Ctrl Pts',(18.3934588528388,-7.17415467376864E-16,
22.4967673577864));
#4830=CARTESIAN_POINT('Ctrl Pts',(18.4395623509047,-2.00497021674045E-5,
22.472098224055));
#4831=CARTESIAN_POINT('Ctrl Pts',(18.5316354621661,0.043570842461736,22.4231025679988));
#4832=CARTESIAN_POINT('Ctrl Pts',(18.5700920972862,0.147770887614114,22.4027957260026));
#4833=CARTESIAN_POINT('Ctrl Pts',(18.5700920972862,0.199999999999994,22.4027957260026));
#4834=CARTESIAN_POINT('Ctrl Pts',(18.3444044664005,-0.0434318830349999,
22.4048270275113));
#4835=CARTESIAN_POINT('Ctrl Pts',(18.400749494426,-0.0434685776037846,22.374739543764));
#4836=CARTESIAN_POINT('Ctrl Pts',(18.5129352682485,0.00944582577665417,
22.314999395275));
#4837=CARTESIAN_POINT('Ctrl Pts',(18.5595473804573,0.13627899152176,22.2902740628517));
#4838=CARTESIAN_POINT('Ctrl Pts',(18.5595473804573,0.199999999999994,22.2902740628517));
#4839=CARTESIAN_POINT('Ctrl Pts',(18.3239595919232,-0.147640122440171,22.3665081604668));
#4840=CARTESIAN_POINT('Ctrl Pts',(18.4043680605579,-0.147652717553535,22.3236070135778));
#4841=CARTESIAN_POINT('Ctrl Pts',(18.564562797939,-0.0721210222548904,22.2383757044716));
#4842=CARTESIAN_POINT('Ctrl Pts',(18.6313356079066,0.109025335318997,22.202988519198));
#4843=CARTESIAN_POINT('Ctrl Pts',(18.6313356079066,0.199999999999995,22.202988519198));
#4844=CARTESIAN_POINT('Ctrl Pts',(18.3239595919232,-0.2,22.3665081604668));
#4845=CARTESIAN_POINT('Ctrl Pts',(18.4164810432287,-0.199999999999995,22.3171437192843));
#4846=CARTESIAN_POINT('Ctrl Pts',(18.6007814581963,-0.113157287435398,22.2191357538283));
#4847=CARTESIAN_POINT('Ctrl Pts',(18.677643892353,0.0952829084795575,22.1784508820977));
#4848=CARTESIAN_POINT('Ctrl Pts',(18.677643892353,0.199999999999996,22.1784508820977));
#4849=CARTESIAN_POINT('',(18.677643892353,0.199999999999996,22.1784508820977));
#4850=CARTESIAN_POINT('',(18.5946959586104,0.199999999999997,22.4490688591446));
#4851=CARTESIAN_POINT('Origin',(18.7712854771822,0.199999999999996,22.3551745465874));
#4852=CARTESIAN_POINT('Ctrl Pts',(18.5946959586104,0.199999999999994,22.4490688591446));
#4853=CARTESIAN_POINT('Ctrl Pts',(18.5946959586104,0.147641454239771,22.4490688591446));
#4854=CARTESIAN_POINT('Ctrl Pts',(18.5562816428513,0.043421356282299,22.4693107659928));
#4855=CARTESIAN_POINT('Ctrl Pts',(18.4642659132061,1.00200740364423E-15,
22.5182500742984));
#4856=CARTESIAN_POINT('Ctrl Pts',(18.4181064400386,3.46944695195361E-17,
22.5429631717018));
#4857=CARTESIAN_POINT('Ctrl Pts',(18.3239595919232,-0.2,22.3665081604668));
#4858=CARTESIAN_POINT('Ctrl Pts',(18.4164810432287,-0.199999999999995,22.3171437192843));
#4859=CARTESIAN_POINT('Ctrl Pts',(18.6007814581963,-0.113157287435398,22.2191357538283));
#4860=CARTESIAN_POINT('Ctrl Pts',(18.677643892353,0.0952829084795575,22.1784508820977));
#4861=CARTESIAN_POINT('Ctrl Pts',(18.677643892353,0.199999999999996,22.1784508820977));
#4862=CARTESIAN_POINT('Origin',(18.7712854771822,1.5,22.3551745465874));
#4863=CARTESIAN_POINT('',(18.6776438923531,1.01715728752537,22.1784508820977));
#4864=CARTESIAN_POINT('',(18.5946959586104,1.01715728752537,22.4490688591446));
#4865=CARTESIAN_POINT('Origin',(18.7712854771822,1.01715728752537,22.3551745465874));
#4866=CARTESIAN_POINT('',(18.5946959586104,1.5,22.4490688591446));
#4867=CARTESIAN_POINT('',(18.6776438923531,1.5,22.1784508820977));
#4868=CARTESIAN_POINT('Ctrl Pts',(18.3243163843982,1.58284271247461,22.366317795966));
#4869=CARTESIAN_POINT('Ctrl Pts',(18.3885828471299,1.58284271247461,22.3320289266293));
#4870=CARTESIAN_POINT('Ctrl Pts',(18.4819938446431,1.53810840270133,22.2822955429708));
#4871=CARTESIAN_POINT('Ctrl Pts',(18.635231076611,1.34839630257652,22.2008945936972));
#4872=CARTESIAN_POINT('Ctrl Pts',(18.6776438923531,1.16263245231758,22.1784508820977));
#4873=CARTESIAN_POINT('Ctrl Pts',(18.6776438923531,1.01715728752537,22.1784508820977));
#4874=CARTESIAN_POINT('Ctrl Pts',(18.3243163843982,1.55666277369469,22.366317795966));
#4875=CARTESIAN_POINT('Ctrl Pts',(18.3826303485781,1.55666889572465,22.3352048624517));
#4876=CARTESIAN_POINT('Ctrl Pts',(18.4673302673699,1.51337846323586,22.2902185131521));
#4877=CARTESIAN_POINT('Ctrl Pts',(18.6034829832631,1.3307138711938,22.2177704130414));
#4878=CARTESIAN_POINT('Ctrl Pts',(18.6368323671403,1.15308680973951,22.2003005435541));
#4879=CARTESIAN_POINT('Ctrl Pts',(18.6313356079066,1.01715728752537,22.202988519198));
#4880=CARTESIAN_POINT('Ctrl Pts',(18.3292230047786,1.50431750982833,22.3755141078279));
#4881=CARTESIAN_POINT('Ctrl Pts',(18.3756305149581,1.50433584608754,22.3507481345111));
#4882=CARTESIAN_POINT('Ctrl Pts',(18.4436416167128,1.46395099496719,22.316854538647));
#4883=CARTESIAN_POINT('Ctrl Pts',(18.550368194139,1.29541544086448,22.2710363327788));
#4884=CARTESIAN_POINT('Ctrl Pts',(18.5703067945091,1.13415611692255,22.2725265934808));
#4885=CARTESIAN_POINT('Ctrl Pts',(18.5595496488732,1.01715728752537,22.2902747581507));
#4886=CARTESIAN_POINT('Ctrl Pts',(18.3431770176489,1.45993336847963,22.4016676400218));
#4887=CARTESIAN_POINT('Ctrl Pts',(18.3794693609027,1.45995842054412,22.3822834911427));
#4888=CARTESIAN_POINT('Ctrl Pts',(18.4357526124888,1.42378395372698,22.3611575526435));
#4889=CARTESIAN_POINT('Ctrl Pts',(18.533066889925,1.27207639881721,22.3481076602805));
#4890=CARTESIAN_POINT('Ctrl Pts',(18.5644568064144,1.12617371804035,22.3714418114746));
#4891=CARTESIAN_POINT('Ctrl Pts',(18.5700920972862,1.01715728752537,22.4027957260025));
#4892=CARTESIAN_POINT('Ctrl Pts',(18.3518912084951,1.44142135623731,22.4180003518344));
#4893=CARTESIAN_POINT('Ctrl Pts',(18.3839663466495,1.44144731858256,22.400857485802));
#4894=CARTESIAN_POINT('Ctrl Pts',(18.4358486779682,1.40791111795355,22.3858880099209));
#4895=CARTESIAN_POINT('Ctrl Pts',(18.5346318882432,1.26561017771169,22.387137073123));
#4896=CARTESIAN_POINT('Ctrl Pts',(18.57762184537,1.12626362390222,22.4169571225011));
#4897=CARTESIAN_POINT('Ctrl Pts',(18.5946959586104,1.01715728752537,22.4490688591446));
#4898=CARTESIAN_POINT('',(18.5255421675384,1.48203594422486,22.2591657374214));
#4899=CARTESIAN_POINT('',(18.3518912084951,1.44142135623734,22.4180003518344));
#4900=CARTESIAN_POINT('Ctrl Pts',(18.5255421675384,1.48203594422487,22.2591657374214));
#4901=CARTESIAN_POINT('Ctrl Pts',(18.5144896846976,1.48203594422487,22.2650396020433));
#4902=CARTESIAN_POINT('Ctrl Pts',(18.5037072112971,1.48177657260423,22.2714248246561));
#4903=CARTESIAN_POINT('Ctrl Pts',(18.4641196327263,1.47981983491825,22.2972296206478));
#4904=CARTESIAN_POINT('Ctrl Pts',(18.4371290367921,1.47644196488739,22.3198778602687));
#4905=CARTESIAN_POINT('Ctrl Pts',(18.3903092696375,1.46413069095359,22.3674081786591));
#4906=CARTESIAN_POINT('Ctrl Pts',(18.3702137743278,1.45542495934266,22.3922405155723));
#4907=CARTESIAN_POINT('Ctrl Pts',(18.3523293977466,1.44175924345389,22.4173828995742));
#4908=CARTESIAN_POINT('Ctrl Pts',(18.3521101005896,1.44159065523665,22.4176916748252));
#4909=CARTESIAN_POINT('Ctrl Pts',(18.3518912084951,1.44142135623731,22.4180003518344));
#4910=CARTESIAN_POINT('Ctrl Pts',(18.3518912084951,1.44142135623731,22.4180003518344));
#4911=CARTESIAN_POINT('Ctrl Pts',(18.3839663466495,1.44144731858256,22.400857485802));
#4912=CARTESIAN_POINT('Ctrl Pts',(18.4358486779682,1.40791111795355,22.3858880099209));
#4913=CARTESIAN_POINT('Ctrl Pts',(18.5346318882432,1.26561017771169,22.387137073123));
#4914=CARTESIAN_POINT('Ctrl Pts',(18.57762184537,1.12626362390222,22.4169571225011));
#4915=CARTESIAN_POINT('Ctrl Pts',(18.5946959586104,1.01715728752537,22.4490688591446));
#4916=CARTESIAN_POINT('Ctrl Pts',(18.6776438923531,1.01715728752537,22.1784508820977));
#4917=CARTESIAN_POINT('Ctrl Pts',(18.6776438923531,1.16263245231758,22.1784508820977));
#4918=CARTESIAN_POINT('Ctrl Pts',(18.6381395161577,1.33565763104591,22.1993555263835));
#4919=CARTESIAN_POINT('Ctrl Pts',(18.5404723227943,1.46508373490782,22.2512316732242));
#4920=CARTESIAN_POINT('Ctrl Pts',(18.5254197570911,1.48189528264746,22.2592310118271));
#4921=CARTESIAN_POINT('Origin',(84.2267532727297,1.5,145.885016024936));
#4922=CARTESIAN_POINT('',(-32.165142444162,1.48203594422488,68.0844593982119));
#4923=CARTESIAN_POINT('Origin',(84.2267532727297,1.48203594422487,145.885016024936));
#4924=CARTESIAN_POINT('',(-32.1651424441621,-8.5,68.0844593982119));
#4925=CARTESIAN_POINT('',(-32.165142444162,1.5,68.0844593982119));
#4926=CARTESIAN_POINT('',(75.0454426638627,-8.5,6.18639922611662));
#4927=CARTESIAN_POINT('Origin',(84.2267532727297,-8.5,145.885016024936));
#4928=CARTESIAN_POINT('',(75.0454426638627,1.48203594422486,6.18639922611662));
#4929=CARTESIAN_POINT('',(75.0454426638627,0.,6.18639922611662));
#4930=CARTESIAN_POINT('Origin',(84.2267532727297,1.48203594422487,145.885016024936));
#4931=CARTESIAN_POINT('Origin',(84.2267532727297,1.3,145.885016024936));
#4932=CARTESIAN_POINT('',(75.0522768174785,1.5,6.10292917479686));
#4933=CARTESIAN_POINT('Ctrl Pts',(75.0454426638627,1.48203594422486,6.18639922611662));
#4934=CARTESIAN_POINT('Ctrl Pts',(75.0464745567158,1.4876895156086,6.17388162854339));
#4935=CARTESIAN_POINT('Ctrl Pts',(75.0475481914442,1.49205427549048,6.16081904287322));
#4936=CARTESIAN_POINT('Ctrl Pts',(75.0498420836157,1.4983455302022,6.13281484077576));
#4937=CARTESIAN_POINT('Ctrl Pts',(75.0510599850679,1.5,6.11789347149819));
#4938=CARTESIAN_POINT('Ctrl Pts',(75.0522768174785,1.5,6.10292917479686));
#4939=CARTESIAN_POINT('',(-32.240846705868,1.5,68.0486429231967));
#4940=CARTESIAN_POINT('Origin',(84.2267532727297,1.5,145.885016024936));
#4941=CARTESIAN_POINT('Ctrl Pts',(-32.240846705868,1.5,68.0486429231967));
#4942=CARTESIAN_POINT('Ctrl Pts',(-32.2168126779961,1.5,68.0600300335791));
#4943=CARTESIAN_POINT('Ctrl Pts',(-32.1929882348835,1.49480855660851,68.0713016888256));
#4944=CARTESIAN_POINT('Ctrl Pts',(-32.1688645673576,1.48384804740754,68.0827008628751));
#4945=CARTESIAN_POINT('Ctrl Pts',(-32.1669959975634,1.48295869268183,68.0835837239434));
#4946=CARTESIAN_POINT('Ctrl Pts',(-32.1651424441621,1.48203594422489,68.0844593982119));
#4947=CARTESIAN_POINT('Origin',(84.2267532727298,1.44142135623733,145.885016024936));
#4948=CARTESIAN_POINT('Origin',(0.,1.5,0.));
#4949=CARTESIAN_POINT('Origin',(0.,1.5,0.));
#4950=CARTESIAN_POINT('',(-38.2004172281361,1.5,-64.));
#4951=CARTESIAN_POINT('Origin',(-36.9504172281361,1.5,-64.));
#4952=CARTESIAN_POINT('',(72.6508344562721,1.5,-5.21661791855671E-14));
#4953=CARTESIAN_POINT('Origin',(73.9008344562721,1.5,-5.23192600354605E-14));
#4954=CARTESIAN_POINT('',(-38.200417228136,1.5,64.));
#4955=CARTESIAN_POINT('Origin',(-36.950417228136,1.5,64.));
#4956=CARTESIAN_POINT('',(-5.95448415407615,1.5,-30.7299582195962));
#4957=CARTESIAN_POINT('',(31.7012753851154,1.5,-63.8800824906707));
#4958=CARTESIAN_POINT('',(-2.45212416000037,1.5,-33.8132493407011));
#4959=CARTESIAN_POINT('',(67.383100868551,1.5,-23.3485228097302));
#4960=CARTESIAN_POINT('',(58.4626444976921,1.5,-33.4814127299653));
#4961=CARTESIAN_POINT('',(29.7273413293594,1.5,9.8016014613443));
#4962=CARTESIAN_POINT('',(33.2297013234352,1.5,6.71831034023937));
#4963=CARTESIAN_POINT('',(20.8068849585006,1.5,-0.331288458890814));
#4964=CARTESIAN_POINT('',(-56.7281727957621,1.5,11.6403118408753));
#4965=CARTESIAN_POINT('Origin',(-54.6930130968687,1.5,10.4653118408753));
#4966=CARTESIAN_POINT('',(-26.3325436802429,1.5,46.1671960135283));
#4967=CARTESIAN_POINT('Origin',(-24.2973839813494,1.5,44.9921960135283));
#4968=CARTESIAN_POINT('',(-46.1557800599294,1.5,23.6496628574503));
#4969=CARTESIAN_POINT('Origin',(-44.1206203610359,1.5,22.4746628574503));
#4970=CARTESIAN_POINT('',(-36.9049364160757,1.5,34.1578449969534));
#4971=CARTESIAN_POINT('Origin',(-34.8697767171822,1.5,32.9828449969534));
#4972=CARTESIAN_POINT('Ctrl Pts',(18.3518780600106,1.44144936312121,22.4179756232175));
#4973=CARTESIAN_POINT('Ctrl Pts',(18.5240226582847,1.07477335934761,22.7417313992921));
#4974=CARTESIAN_POINT('Ctrl Pts',(18.6961672609078,0.708097357041259,23.0654871747062));
#4975=CARTESIAN_POINT('Ctrl Pts',(18.8683118679838,0.341421356237294,23.3892429494436));
#4976=CARTESIAN_POINT('Ctrl Pts',(18.3980618149899,1.44141200933761,22.3933769793719));
#4977=CARTESIAN_POINT('Ctrl Pts',(18.5702062887442,1.07473590566246,22.7171327085081));
#4978=CARTESIAN_POINT('Ctrl Pts',(18.7423507681313,0.70805980928766,23.0408884429127));
#4979=CARTESIAN_POINT('Ctrl Pts',(18.914495248708,0.341383706995529,23.3646441699671));
#4980=CARTESIAN_POINT('Ctrl Pts',(18.4755396962169,1.4106667462721,22.3173601305196));
#4981=CARTESIAN_POINT('Ctrl Pts',(18.6476838784463,1.04399055970603,22.6411159209706));
#4982=CARTESIAN_POINT('Ctrl Pts',(18.8198280594537,0.67731437138792,22.9648717100779));
#4983=CARTESIAN_POINT('Ctrl Pts',(18.9919722438739,0.310638184888779,23.2886274994238));
#4984=CARTESIAN_POINT('Ctrl Pts',(18.4792666108028,1.33702825478139,22.2319778298452));
#4985=CARTESIAN_POINT('Ctrl Pts',(18.6514107106985,0.970352188268442,22.5557338004865));
#4986=CARTESIAN_POINT('Ctrl Pts',(18.8235548194783,0.603676124399238,22.8794897693966));
#4987=CARTESIAN_POINT('Ctrl Pts',(18.9956989202579,0.237000059859663,23.2032457417974));
#4988=CARTESIAN_POINT('Ctrl Pts',(18.461896064303,1.30002800688391,22.1993085833255));
#4989=CARTESIAN_POINT('Ctrl Pts',(18.6340401962803,0.93335200311031,22.5230646081893));
#4990=CARTESIAN_POINT('Ctrl Pts',(18.8061843289464,0.56667600080396,22.8468206343485));
#4991=CARTESIAN_POINT('Ctrl Pts',(18.9783284623178,0.199999999999995,23.1705766618343));
#4992=CARTESIAN_POINT('',(18.8683118679838,0.341421356237329,23.3892429494436));
#4993=CARTESIAN_POINT('Ctrl Pts',(18.3518912084951,1.44142135623733,22.4180003518344));
#4994=CARTESIAN_POINT('Ctrl Pts',(18.5240314239413,1.07475468809176,22.7417478850367));
#4995=CARTESIAN_POINT('Ctrl Pts',(18.6961716437362,0.708088021413372,23.0654954175784));
#4996=CARTESIAN_POINT('Ctrl Pts',(18.8683118679838,0.341421356237294,23.3892429494436));
#4997=CARTESIAN_POINT('',(18.9783284623178,0.2,23.1705766618343));
#4998=CARTESIAN_POINT('Origin',(18.801738943746,0.200000000000033,23.2644709743914));
#4999=CARTESIAN_POINT('Ctrl Pts',(18.9783284623178,0.199999999999995,23.1705766618343));
#5000=CARTESIAN_POINT('Ctrl Pts',(18.8504509606951,0.47238576168419,22.9300740602099));
#5001=CARTESIAN_POINT('Ctrl Pts',(18.7225734594615,0.744771524197444,22.6895714593176));
#5002=CARTESIAN_POINT('Ctrl Pts',(18.5946959586104,1.01715728752535,22.4490688591446));
#5003=CARTESIAN_POINT('Origin',(18.801738943746,0.2,23.2644709743914));
#5004=CARTESIAN_POINT('',(18.801738943746,0.,23.2644709743914));
#5005=CARTESIAN_POINT('Origin',(18.801738943746,0.2,23.2644709743914));
#5006=CARTESIAN_POINT('Origin',(18.801738943746,0.2,23.2644709743914));
#5007=CARTESIAN_POINT('Origin',(10.7467533975556,0.2,27.915019047803));
#5008=CARTESIAN_POINT('',(10.5771437783243,0.2,28.0210029006496));
#5009=CARTESIAN_POINT('',(10.8215226355123,0.341421356237326,28.0350588789232));
#5010=CARTESIAN_POINT('Origin',(10.7467533975556,0.200000000000003,27.915019047803));
#5011=CARTESIAN_POINT('',(10.7467533975556,0.2,28.115019047803));
#5012=CARTESIAN_POINT('Origin',(10.7467533975556,0.2,27.915019047803));
#5013=CARTESIAN_POINT('',(10.7467533975556,0.,27.915019047803));
#5014=CARTESIAN_POINT('Origin',(10.7467533975556,0.2,27.915019047803));
#5015=CARTESIAN_POINT('Origin',(10.7467533975556,0.2,27.915019047803));
#5016=CARTESIAN_POINT('Origin',(10.8038250715748,0.2,28.0063528183661));
#5017=CARTESIAN_POINT('',(10.8038250715748,0.,28.0063528183661));
#5018=CARTESIAN_POINT('',(10.6342154523435,0.2,28.1123366712127));
#5019=CARTESIAN_POINT('Origin',(84.2267532727297,0.2,145.885016024936));
#5020=CARTESIAN_POINT('Origin',(84.2267532727298,0.341421356237329,145.885016024936));
#5021=CARTESIAN_POINT('Origin',(84.2267532727297,0.,145.885016024936));
#5022=CARTESIAN_POINT('Ctrl Pts',(9.99421714745687,1.30002800688661,27.0881252853749));
#5023=CARTESIAN_POINT('Ctrl Pts',(10.188526023629,0.933352003112125,27.3990844892122));
#5024=CARTESIAN_POINT('Ctrl Pts',(10.3828349005786,0.566676000804861,27.7100436942939));
#5025=CARTESIAN_POINT('Ctrl Pts',(10.5771437783243,0.200000000000001,28.0210029006496));
#5026=CARTESIAN_POINT('Ctrl Pts',(10.0138242716155,1.33702825478409,27.1195032431811));
#5027=CARTESIAN_POINT('Ctrl Pts',(10.2081331168704,0.970352188270263,27.4304623921237));
#5028=CARTESIAN_POINT('Ctrl Pts',(10.4024419561839,0.603676124400146,27.7414215478948));
#5029=CARTESIAN_POINT('Ctrl Pts',(10.5967508025206,0.237000059859674,28.0523806984827));
#5030=CARTESIAN_POINT('Ctrl Pts',(10.0896283336779,1.41067067797244,27.1589730745381));
#5031=CARTESIAN_POINT('Ctrl Pts',(10.2839369817165,1.04399449140548,27.4699322046887));
#5032=CARTESIAN_POINT('Ctrl Pts',(10.4782456292264,0.677318302994483,27.7808913329856));
#5033=CARTESIAN_POINT('Ctrl Pts',(10.6725542752127,0.310642116494448,28.091850464481));
#5034=CARTESIAN_POINT('Ctrl Pts',(10.1942024331613,1.44141200934033,27.1298774018614));
#5035=CARTESIAN_POINT('Ctrl Pts',(10.3885108823373,1.07473590566429,27.4408367538225));
#5036=CARTESIAN_POINT('Ctrl Pts',(10.5828193332595,0.708059809288576,27.751796113296));
#5037=CARTESIAN_POINT('Ctrl Pts',(10.7771277772215,0.34138370699555,28.0627554701247));
#5038=CARTESIAN_POINT('Ctrl Pts',(10.2385973611199,1.44144936312392,27.1021804187299));
#5039=CARTESIAN_POINT('Ctrl Pts',(10.4329057886859,1.07477335934943,27.4131399019977));
#5040=CARTESIAN_POINT('Ctrl Pts',(10.6272142135053,0.70809735704217,27.7240993887014));
#5041=CARTESIAN_POINT('Ctrl Pts',(10.8215226355123,0.34142135623731,28.0350588789232));
#5042=CARTESIAN_POINT('Ctrl Pts',(10.14411594404,1.0171572874879,27.3280135054085));
#5043=CARTESIAN_POINT('Ctrl Pts',(10.2884585550339,0.744771524172479,27.559009969794));
#5044=CARTESIAN_POINT('Ctrl Pts',(10.4328011664594,0.472385761671705,27.7900064348703));
#5045=CARTESIAN_POINT('Ctrl Pts',(10.5771437783243,0.200000000000001,28.0210029006496));
#5046=CARTESIAN_POINT('Ctrl Pts',(10.8215226355123,0.34142135623731,28.0350588789232));
#5047=CARTESIAN_POINT('Ctrl Pts',(10.6272191606283,0.708088021413382,27.7241073057791));
#5048=CARTESIAN_POINT('Ctrl Pts',(10.4329156829321,1.07475468809178,27.4131557361528));
#5049=CARTESIAN_POINT('Ctrl Pts',(10.2386122024895,1.44142135623733,27.1022041699623));
#5050=CARTESIAN_POINT('Origin',(18.9314954046161,0.2,23.5085073843995));
#5051=CARTESIAN_POINT('',(19.1080849231879,0.2,23.4146130718423));
#5052=CARTESIAN_POINT('',(18.9314954046161,0.,23.5085073843995));
#5053=CARTESIAN_POINT('Origin',(10.4354957282561,0.75,27.7943186351541));
#5054=CARTESIAN_POINT('Origin',(84.2267532727297,0.750000000000001,145.885016024936));
#5055=CARTESIAN_POINT('Origin',(10.832935176431,0.,28.4303547072714));
#5056=CARTESIAN_POINT('Origin',(18.8528381547946,0.75,22.9345637193308));
#5057=CARTESIAN_POINT('Origin',(-24.2973839813494,9.15,44.9921960135283));
#5058=CARTESIAN_POINT('',(-26.3325436802429,9.15,46.1671960135283));
#5059=CARTESIAN_POINT('',(-24.2973839813494,9.15,47.3421960135283));
#5060=CARTESIAN_POINT('Origin',(-24.2973839813494,9.15,44.9921960135283));
#5061=CARTESIAN_POINT('',(-24.2973839813494,11.5,44.9921960135283));
#5062=CARTESIAN_POINT('Origin',(-24.2973839813494,9.15,44.9921960135283));
#5063=CARTESIAN_POINT('Origin',(-24.2973839813494,9.15,44.9921960135283));
#5064=CARTESIAN_POINT('Origin',(-24.2973839813494,1.5,44.9921960135283));
#5065=CARTESIAN_POINT('',(-26.3325436802429,1.5,46.1671960135283));
#5066=CARTESIAN_POINT('Origin',(-34.8697767171822,9.15,32.9828449969534));
#5067=CARTESIAN_POINT('',(-36.9049364160757,9.15,34.1578449969534));
#5068=CARTESIAN_POINT('',(-34.8697767171822,9.15,35.3328449969534));
#5069=CARTESIAN_POINT('Origin',(-34.8697767171822,9.15,32.9828449969534));
#5070=CARTESIAN_POINT('',(-34.8697767171822,11.5,32.9828449969534));
#5071=CARTESIAN_POINT('Origin',(-34.8697767171822,9.15,32.9828449969534));
#5072=CARTESIAN_POINT('Origin',(-34.8697767171822,9.15,32.9828449969534));
#5073=CARTESIAN_POINT('Origin',(-34.8697767171822,1.5,32.9828449969534));
#5074=CARTESIAN_POINT('',(-36.9049364160757,1.5,34.1578449969534));
#5075=CARTESIAN_POINT('Origin',(-44.1206203610359,9.15,22.4746628574503));
#5076=CARTESIAN_POINT('',(-46.1557800599294,9.15,23.6496628574503));
#5077=CARTESIAN_POINT('',(-44.1206203610359,9.15,24.8246628574503));
#5078=CARTESIAN_POINT('Origin',(-44.1206203610359,9.15,22.4746628574503));
#5079=CARTESIAN_POINT('',(-44.1206203610359,11.5,22.4746628574503));
#5080=CARTESIAN_POINT('Origin',(-44.1206203610359,9.15,22.4746628574503));
#5081=CARTESIAN_POINT('Origin',(-44.1206203610359,9.15,22.4746628574503));
#5082=CARTESIAN_POINT('Origin',(-44.1206203610359,1.5,22.4746628574503));
#5083=CARTESIAN_POINT('',(-46.1557800599294,1.5,23.6496628574503));
#5084=CARTESIAN_POINT('Origin',(-54.6930130968687,9.15,10.4653118408753));
#5085=CARTESIAN_POINT('',(-56.7281727957621,9.15,11.6403118408753));
#5086=CARTESIAN_POINT('',(-54.6930130968687,9.15,12.8153118408753));
#5087=CARTESIAN_POINT('Origin',(-54.6930130968687,9.15,10.4653118408753));
#5088=CARTESIAN_POINT('',(-54.6930130968687,11.5,10.4653118408753));
#5089=CARTESIAN_POINT('Origin',(-54.6930130968687,9.15,10.4653118408753));
#5090=CARTESIAN_POINT('Origin',(-54.6930130968687,9.15,10.4653118408753));
#5091=CARTESIAN_POINT('Origin',(-54.6930130968687,1.5,10.4653118408753));
#5092=CARTESIAN_POINT('',(-56.7281727957621,1.5,11.6403118408753));
#5093=CARTESIAN_POINT('Origin',(7.35598546951993,-0.85,65.2845937529569));
#5094=CARTESIAN_POINT('',(5.00598546951993,-0.85,65.2845937529569));
#5095=CARTESIAN_POINT('',(7.35598546951993,-0.85,67.6345937529569));
#5096=CARTESIAN_POINT('Origin',(7.35598546951993,-0.85,65.2845937529569));
#5097=CARTESIAN_POINT('',(7.35598546951993,1.5,65.2845937529569));
#5098=CARTESIAN_POINT('Origin',(7.35598546951993,-0.85,65.2845937529569));
#5099=CARTESIAN_POINT('Origin',(7.35598546951993,-0.85,65.2845937529569));
#5100=CARTESIAN_POINT('Origin',(7.35598546951993,-8.5,65.2845937529569));
#5101=CARTESIAN_POINT('',(5.00598546951993,-8.5,65.2845937529569));
#5102=CARTESIAN_POINT('',(5.00598546951993,-8.5,65.2845937529569));
#5103=CARTESIAN_POINT('Origin',(7.35598546951993,-8.5,65.2845937529569));
#5104=CARTESIAN_POINT('Origin',(-2.52396414679164,-0.85,52.6994201117573));
#5105=CARTESIAN_POINT('',(-4.87396414679164,-0.85,52.6994201117573));
#5106=CARTESIAN_POINT('',(-2.52396414679164,-0.85,55.0494201117573));
#5107=CARTESIAN_POINT('Origin',(-2.52396414679164,-0.85,52.6994201117573));
#5108=CARTESIAN_POINT('',(-2.52396414679164,1.5,52.6994201117573));
#5109=CARTESIAN_POINT('Origin',(-2.52396414679164,-0.85,52.6994201117573));
#5110=CARTESIAN_POINT('Origin',(-2.52396414679164,-0.85,52.6994201117573));
#5111=CARTESIAN_POINT('Origin',(-2.52396414679164,-8.5,52.6994201117573));
#5112=CARTESIAN_POINT('',(-4.87396414679164,-8.5,52.6994201117573));
#5113=CARTESIAN_POINT('',(-4.87396414679164,-8.5,52.6994201117573));
#5114=CARTESIAN_POINT('Origin',(-2.52396414679164,-8.5,52.6994201117573));
#5115=CARTESIAN_POINT('Origin',(20.8068849585006,1.8,-0.331288458890814));
#5116=CARTESIAN_POINT('',(29.9196785001996,1.644,9.63227806451676));
#5117=CARTESIAN_POINT('Origin',(29.7273413293594,1.8,9.8016014613443));
#5118=CARTESIAN_POINT('',(-5.76214698323603,1.644,-30.8992816164237));
#5119=CARTESIAN_POINT('',(20.9992221293407,1.644,-0.500611855718356));
#5120=CARTESIAN_POINT('Origin',(-5.95448415407615,1.8,-30.7299582195962));
#5121=CARTESIAN_POINT('Origin',(29.8538789417543,1.5,9.69020448974723));
#5122=CARTESIAN_POINT('',(34.2174659110728,11.0495553226878,5.84873502874756));
#5123=CARTESIAN_POINT('',(40.0017805507601,23.7083227642251,0.756532627968529));
#5124=CARTESIAN_POINT('',(25.7193652381634,11.3954331248107,-4.12305628720898));
#5125=CARTESIAN_POINT('Origin',(30.6327951973252,12.6041613821126,0.344569708374321));
#5126=CARTESIAN_POINT('',(22.6028264582305,4.57499853658501,-1.37942160516593));
#5127=CARTESIAN_POINT('',(25.5105905731187,10.9385371747957,-3.93926219632944));
#5128=CARTESIAN_POINT('',(4.233294079721,4.57499853658501,-22.2456689964649));
#5129=CARTESIAN_POINT('',(26.8317835525636,4.57499853658501,3.42431880146405));
#5130=CARTESIAN_POINT('',(7.34983285965388,11.3954331248106,-24.989303678508));
#5131=CARTESIAN_POINT('',(3.58929263145717,3.16562420731688,-21.6787244360059));
#5132=CARTESIAN_POINT('',(-1.46435957236275,11.0495553226878,-34.6828246521929));
#5133=CARTESIAN_POINT('Origin',(3.54103881175365,12.6041613821126,-30.429392271599));
#5134=CARTESIAN_POINT('',(-1.43999388594721,11.1028787632509,-34.7042749042264));
#5135=CARTESIAN_POINT('Origin',(25.7029277439588,10.7825371747957,-4.10858559315699));
#5136=CARTESIAN_POINT('',(29.8175535639894,20.2210743495914,-8.13057146597371));
#5137=CARTESIAN_POINT('',(26.8181059564681,13.6568896394145,-5.49001761310506));
#5138=CARTESIAN_POINT('',(25.5046953801619,10.7825371747957,-4.33376092471777));
#5139=CARTESIAN_POINT('',(26.8240011494249,13.8128896394145,-5.09551888471673));
#5140=CARTESIAN_POINT('Origin',(27.016338320265,13.6568896394145,-5.26484228154428));
#5141=CARTESIAN_POINT('',(29.9405399293578,20.6333242276401,-7.83915356675976));
#5142=CARTESIAN_POINT('',(25.5105905731187,10.9385371747957,-3.93926219632944));
#5143=CARTESIAN_POINT('Origin',(30.1328771001979,20.4773242276401,-8.0084769635873));
#5144=CARTESIAN_POINT('Ctrl Pts',(26.8181059564681,13.6568896394145,-5.49001761310506));
#5145=CARTESIAN_POINT('Ctrl Pts',(26.6339956721879,13.2539708119517,-5.32793672884832));
#5146=CARTESIAN_POINT('Ctrl Pts',(26.2548432696359,12.457039930424,-4.99415115617397));
#5147=CARTESIAN_POINT('Ctrl Pts',(25.8975803294868,11.6423519522734,-4.67963589985401));
#5148=CARTESIAN_POINT('Ctrl Pts',(25.7134700452066,11.2394331248107,-4.5175550155973));
#5149=CARTESIAN_POINT('Ctrl Pts',(26.7677522028912,13.6977303439111,-5.44568885147553));
#5150=CARTESIAN_POINT('Ctrl Pts',(26.5866195481888,13.2939304917845,-5.286067773856));
#5151=CARTESIAN_POINT('Ctrl Pts',(26.20968120134,12.49377649174,-4.95412761790407));
#5152=CARTESIAN_POINT('Ctrl Pts',(25.8492246712619,11.6801679561933,-4.6369046151222));
#5153=CARTESIAN_POINT('Ctrl Pts',(25.6631162916297,11.2802738293074,-4.47322625396777));
#5154=CARTESIAN_POINT('Ctrl Pts',(26.7104489316886,13.7790669737584,-5.30858484887543));
#5155=CARTESIAN_POINT('Ctrl Pts',(26.5304935653206,13.3736619564911,-5.15885671226101));
#5156=CARTESIAN_POINT('Ctrl Pts',(26.153510265837,12.5671865166875,-4.83544222598442));
#5157=CARTESIAN_POINT('Ctrl Pts',(25.7911567982713,11.7556496632385,-4.50798401693406));
#5158=CARTESIAN_POINT('Ctrl Pts',(25.6058130204271,11.3616104591547,-4.33612225136768));
#5159=CARTESIAN_POINT('Ctrl Pts',(26.7721040379409,13.8128896394145,-5.15446964866681));
#5160=CARTESIAN_POINT('Ctrl Pts',(26.5814010133746,13.4109596215214,-5.01137267420489));
#5161=CARTESIAN_POINT('Ctrl Pts',(26.1933641073881,12.6051818837626,-4.69571846733615));
#5162=CARTESIAN_POINT('Ctrl Pts',(25.8412431562924,11.7911504018527,-4.35977713496342));
#5163=CARTESIAN_POINT('Ctrl Pts',(25.6674681266794,11.3954331248107,-4.18200705115906));
#5164=CARTESIAN_POINT('Ctrl Pts',(26.8240011494249,13.8128896394145,-5.09551888471673));
#5165=CARTESIAN_POINT('Ctrl Pts',(26.627013729879,13.4140573960707,-4.95183037237333));
#5166=CARTESIAN_POINT('Ctrl Pts',(26.232286975855,12.6109912981855,-4.63706366162818));
#5167=CARTESIAN_POINT('Ctrl Pts',(25.8868637284199,11.7942653681544,-4.3002417488038));
#5168=CARTESIAN_POINT('Ctrl Pts',(25.7193652381634,11.3954331248107,-4.12305628720897));
#5169=CARTESIAN_POINT('',(25.7134700452066,11.2394331248107,-4.5175550155973));
#5170=CARTESIAN_POINT('Origin',(25.9117024090035,11.2394331248107,-4.29237968403651));
#5171=CARTESIAN_POINT('Ctrl Pts',(25.7193652381634,11.3954331248107,-4.12305628720897));
#5172=CARTESIAN_POINT('Ctrl Pts',(25.8868637284199,11.7942653681544,-4.3002417488038));
#5173=CARTESIAN_POINT('Ctrl Pts',(26.232286975855,12.6109912981855,-4.63706366162818));
#5174=CARTESIAN_POINT('Ctrl Pts',(26.627013729879,13.4140573960707,-4.95183037237333));
#5175=CARTESIAN_POINT('Ctrl Pts',(26.8240011494249,13.8128896394145,-5.09551888471673));
#5176=CARTESIAN_POINT('Ctrl Pts',(26.8181059564681,13.6568896394145,-5.49001761310506));
#5177=CARTESIAN_POINT('Ctrl Pts',(26.6339956721879,13.2539708119517,-5.32793672884832));
#5178=CARTESIAN_POINT('Ctrl Pts',(26.2548432696359,12.457039930424,-4.99415115617397));
#5179=CARTESIAN_POINT('Ctrl Pts',(25.8975803294868,11.6423519522734,-4.67963589985401));
#5180=CARTESIAN_POINT('Ctrl Pts',(25.7134700452066,11.2394331248107,-4.5175550155973));
#5181=CARTESIAN_POINT('Origin',(25.7029277439588,10.7825371747957,-4.10858559315699));
#5182=CARTESIAN_POINT('',(22.7140224376853,4.67524841463376,-1.87700116272862));
#5183=CARTESIAN_POINT('',(25.5046953801619,10.7825371747957,-4.33376092471777));
#5184=CARTESIAN_POINT('Origin',(22.7951636290706,4.41899853658501,-1.54874500199347));
#5185=CARTESIAN_POINT('Origin',(25.3753003690731,20.4773242276401,-13.4126849210461));
#5186=CARTESIAN_POINT('',(11.5710075508483,20.6333242276401,-28.7054009580588));
#5187=CARTESIAN_POINT('',(25.182963198233,20.6333242276401,-13.2433615242185));
#5188=CARTESIAN_POINT('',(11.8444859130737,20.2210743495914,-28.5464681941512));
#5189=CARTESIAN_POINT('Origin',(11.7633447216884,20.4773242276401,-28.8747243548863));
#5190=CARTESIAN_POINT('',(25.2582091966615,20.2210743495914,-13.3096040918717));
#5191=CARTESIAN_POINT('Origin',(27.0241207234037,4.41899853658501,3.2549954046365));
#5192=CARTESIAN_POINT('',(4.7409547867696,4.67524841463376,-22.2928978909061));
#5193=CARTESIAN_POINT('',(27.1412118958153,4.67524841463376,3.15191457546213));
#5194=CARTESIAN_POINT('Origin',(4.42563125056112,4.41899853658501,-22.4149923932925));
#5195=CARTESIAN_POINT('Origin',(3.78162980229729,3.00962420731688,-21.8480478328335));
#5196=CARTESIAN_POINT('',(7.74040239429088,11.2394331248106,-24.9334517437747));
#5197=CARTESIAN_POINT('',(3.97986216609416,3.00962420731688,-21.6228725012727));
#5198=CARTESIAN_POINT('Origin',(7.54217003049401,11.2394331248106,-25.1586270753355));
#5199=CARTESIAN_POINT('Ctrl Pts',(7.74040239429088,11.2394331248106,-24.9334517437747));
#5200=CARTESIAN_POINT('Ctrl Pts',(7.9245126908979,11.6423519792502,-25.0955326388833));
#5201=CARTESIAN_POINT('Ctrl Pts',(8.28177585682119,12.4570368833399,-25.4100480939629));
#5202=CARTESIAN_POINT('Ctrl Pts',(8.66092800894539,13.2539707849749,-25.7438334461739));
#5203=CARTESIAN_POINT('Ctrl Pts',(8.84503830555242,13.6568896394145,-25.9059143412825));
#5204=CARTESIAN_POINT('Ctrl Pts',(7.69004864071392,11.2802738293073,-24.8891229821452));
#5205=CARTESIAN_POINT('Ctrl Pts',(7.87599679596145,11.6801679829676,-25.0529833698693));
#5206=CARTESIAN_POINT('Ctrl Pts',(8.23635025644139,12.4937733481956,-25.3703241404885));
#5207=CARTESIAN_POINT('Ctrl Pts',(8.61339164830033,13.2939304647487,-25.702146506957));
#5208=CARTESIAN_POINT('Ctrl Pts',(8.79468455197545,13.6977303439112,-25.861585579653));
#5209=CARTESIAN_POINT('Ctrl Pts',(7.54678700920134,11.3616087149273,-24.8496648000719));
#5210=CARTESIAN_POINT('Ctrl Pts',(7.74075564722296,11.7556479453935,-25.0117294737931));
#5211=CARTESIAN_POINT('Ctrl Pts',(8.11150244370822,12.5671820583464,-25.3296531762903));
#5212=CARTESIAN_POINT('Ctrl Pts',(8.48009238981418,13.3736601851205,-25.6626021475885));
#5213=CARTESIAN_POINT('Ctrl Pts',(8.65142292046287,13.7790652295312,-25.8221273975797));
#5214=CARTESIAN_POINT('Ctrl Pts',(7.40172997113789,11.3954331248106,-24.9303529145579));
#5215=CARTESIAN_POINT('Ctrl Pts',(7.60009288718044,11.7911504283473,-25.0801932476707));
#5216=CARTESIAN_POINT('Ctrl Pts',(7.97795781948213,12.605178569989,-25.3868926743448));
#5217=CARTESIAN_POINT('Ctrl Pts',(8.34025071985956,13.4109595946108,-25.7317887654291));
#5218=CARTESIAN_POINT('Ctrl Pts',(8.50636588239943,13.8128896394145,-25.9028155120657));
#5219=CARTESIAN_POINT('Ctrl Pts',(7.3498328596539,11.3954331248106,-24.989303678508));
#5220=CARTESIAN_POINT('Ctrl Pts',(7.54682029238873,11.7942653948576,-25.1329922004718));
#5221=CARTESIAN_POINT('Ctrl Pts',(7.92470902980223,12.6109884673898,-25.4329359369778));
#5222=CARTESIAN_POINT('Ctrl Pts',(8.2869702694443,13.4140573693675,-25.7845808025577));
#5223=CARTESIAN_POINT('Ctrl Pts',(8.45446877091543,13.8128896394145,-25.9617662760158));
#5224=CARTESIAN_POINT('',(8.84503830555242,13.6568896394145,-25.9059143412825));
#5225=CARTESIAN_POINT('',(8.45446877091543,13.8128896394145,-25.9617662760158));
#5226=CARTESIAN_POINT('Origin',(8.64680594175555,13.6568896394145,-26.1310896728433));
#5227=CARTESIAN_POINT('',(7.92080229892824,12.6075752389466,-25.4458613456367));
#5228=CARTESIAN_POINT('Ctrl Pts',(8.45446877091543,13.8128896394145,-25.9617662760158));
#5229=CARTESIAN_POINT('Ctrl Pts',(8.28697031276448,13.4140574725176,-25.7845808483832));
#5230=CARTESIAN_POINT('Ctrl Pts',(8.10583974331497,13.0125231260766,-25.6087584607138));
#5231=CARTESIAN_POINT('Ctrl Pts',(7.92080229892824,12.6075752389466,-25.4458613456367));
#5232=CARTESIAN_POINT('Ctrl Pts',(7.92080229892824,12.6075752389466,-25.4458613456367));
#5233=CARTESIAN_POINT('Ctrl Pts',(7.73576475882893,12.202627142353,-25.2829641462993));
#5234=CARTESIAN_POINT('Ctrl Pts',(7.54682034333563,11.7942654980077,-25.132992237634));
#5235=CARTESIAN_POINT('Ctrl Pts',(7.3498328596539,11.3954331248106,-24.989303678508));
#5236=CARTESIAN_POINT('Ctrl Pts',(7.74040239429088,11.2394331248106,-24.9334517437747));
#5237=CARTESIAN_POINT('Ctrl Pts',(7.9245126908979,11.6423519792502,-25.0955326388833));
#5238=CARTESIAN_POINT('Ctrl Pts',(8.28177585682119,12.4570368833399,-25.4100480939629));
#5239=CARTESIAN_POINT('Ctrl Pts',(8.66092800894539,13.2539707849749,-25.7438334461739));
#5240=CARTESIAN_POINT('Ctrl Pts',(8.84503830555242,13.6568896394145,-25.9059143412825));
#5241=CARTESIAN_POINT('Origin',(3.78162980229729,3.00962420731688,-21.8480478328335));
#5242=CARTESIAN_POINT('',(3.58929263145717,3.16562420731688,-21.6787244360059));
#5243=CARTESIAN_POINT('',(3.97986216609416,3.00962420731688,-21.6228725012727));
#5244=CARTESIAN_POINT('Origin',(22.5216852668452,4.83124841463376,-1.70767776590108));
#5245=CARTESIAN_POINT('',(23.2910339501968,4.207248414641,-2.38497135320339));
#5246=CARTESIAN_POINT('',(22.5216852668452,4.83124841463376,-1.70767776590108));
#5247=CARTESIAN_POINT('',(5.31796629928161,4.20724841464054,-22.8008680813813));
#5248=CARTESIAN_POINT('',(27.2226424988351,4.20724841464054,2.08100605608492));
#5249=CARTESIAN_POINT('',(4.54861761592947,4.83124841463376,-22.1235744940785));
#5250=CARTESIAN_POINT('Origin',(29.6252163931493,20.3770743495914,-7.96124806914617));
#5251=CARTESIAN_POINT('',(30.3945650764661,19.7530743496268,-8.63854165641784));
#5252=CARTESIAN_POINT('',(29.6252163931493,20.3770743495914,-7.96124806914617));
#5253=CARTESIAN_POINT('',(25.917207996548,9.95453717481431,-4.69691505210566));
#5254=CARTESIAN_POINT('Origin',(2.89991490895324,13.1241613821126,-29.8649809488406));
#5255=CARTESIAN_POINT('',(6.69936854839314,13.1241613821126,-25.5491204272589));
#5256=CARTESIAN_POINT('',(-0.899538730486668,13.1241613821126,-34.1808414704222));
#5257=CARTESIAN_POINT('Origin',(2.89991490895324,13.1241613821126,-29.8649809488406));
#5258=CARTESIAN_POINT('Origin',(2.89991490895324,13.1241613821126,-29.8649809488406));
#5259=CARTESIAN_POINT('Origin',(7.36014309438269,13.1241613821126,-24.798535988723));
#5260=CARTESIAN_POINT('',(-0.0436319019940624,14.1587674415373,-35.9335575919722));
#5261=CARTESIAN_POINT('Origin',(3.54103881175365,12.6041613821126,-30.429392271599));
#5262=CARTESIAN_POINT('Ctrl Pts',(-0.0436319019940509,14.1587674415373,
-35.9335575919723));
#5263=CARTESIAN_POINT('Ctrl Pts',(-0.110038416892606,14.0134391388658,-35.875096834621));
#5264=CARTESIAN_POINT('Ctrl Pts',(-0.192154859357721,13.8410565900533,-35.8028058941187));
#5265=CARTESIAN_POINT('Ctrl Pts',(-0.423046328673158,13.3625116386736,-35.599541347218));
#5266=CARTESIAN_POINT('Ctrl Pts',(-0.618721717901808,12.9612694745884,-35.4272791607928));
#5267=CARTESIAN_POINT('Ctrl Pts',(-0.929986462855079,12.2800776196228,-35.1532582645826));
#5268=CARTESIAN_POINT('Ctrl Pts',(-1.10766810401593,11.8642411642401,-34.9968368151881));
#5269=CARTESIAN_POINT('Ctrl Pts',(-1.32072161247602,11.3712282767809,-34.8092758585571));
#5270=CARTESIAN_POINT('Ctrl Pts',(-1.3979530574642,11.1948836253593,-34.7412854095441));
#5271=CARTESIAN_POINT('Ctrl Pts',(-1.46435957236275,11.0495553226878,-34.6828246521929));
#5272=CARTESIAN_POINT('Origin',(29.8538789417543,1.5,9.69020448974723));
#5273=CARTESIAN_POINT('',(35.6381935814416,14.1587674415374,4.59800208896819));
#5274=CARTESIAN_POINT('Origin',(30.6327951973252,12.6041613821126,0.344569708374321));
#5275=CARTESIAN_POINT('',(40.0017805507601,23.7083227642251,0.756532627968531));
#5276=CARTESIAN_POINT('',(40.0017805507601,23.7083227642251,0.756532627968529));
#5277=CARTESIAN_POINT('',(4.31995506732451,23.7083227642251,-39.7750270529719));
#5278=CARTESIAN_POINT('',(40.0017805507601,23.7083227642251,0.756532627968531));
#5279=CARTESIAN_POINT('',(-1.43999388594721,11.1028787632509,-34.7042749042264));
#5280=CARTESIAN_POINT('Origin',(29.9916712945247,13.1241613821126,0.90898103113279));
#5281=CARTESIAN_POINT('',(33.7911249339646,13.1241613821126,5.22484155271442));
#5282=CARTESIAN_POINT('Origin',(29.9916712945247,13.1241613821126,0.90898103113279));
#5283=CARTESIAN_POINT('',(34.9074713930572,12.6206735471056,5.24129096825274));
#5284=CARTESIAN_POINT('Origin',(34.4518994799542,13.1241613821126,5.97542599125036));
#5285=CARTESIAN_POINT('Ctrl Pts',(34.9074713930572,12.6206735471056,5.24129096825274));
#5286=CARTESIAN_POINT('Ctrl Pts',(35.0631037655338,12.9612694745884,5.10428052014763));
#5287=CARTESIAN_POINT('Ctrl Pts',(35.2587791547624,13.3625116386736,4.93201833372248));
#5288=CARTESIAN_POINT('Ctrl Pts',(35.4896706240779,13.8410565900533,4.72875378682171));
#5289=CARTESIAN_POINT('Ctrl Pts',(35.571787066543,14.0134391388659,4.6564628463194));
#5290=CARTESIAN_POINT('Ctrl Pts',(35.6381935814416,14.1587674415374,4.59800208896819));
#5291=CARTESIAN_POINT('Ctrl Pts',(34.2174659110728,11.0495553226878,5.84873502874756));
#5292=CARTESIAN_POINT('Ctrl Pts',(34.2838724259714,11.1948836253593,5.79027427139635));
#5293=CARTESIAN_POINT('Ctrl Pts',(34.3611038709596,11.3712282767809,5.72228382238341));
#5294=CARTESIAN_POINT('Ctrl Pts',(34.5741573794197,11.8642411642401,5.53472286575234));
#5295=CARTESIAN_POINT('Ctrl Pts',(34.7518390205805,12.2800776196228,5.37830141635784));
#5296=CARTESIAN_POINT('Ctrl Pts',(34.9074713930572,12.6206735471056,5.24129096825274));
#5297=CARTESIAN_POINT('Origin',(27.1055513264235,3.95099853659179,2.18408688525929));
#5298=CARTESIAN_POINT('',(23.5645123124231,3.79499853659254,-2.22603858929657));
#5299=CARTESIAN_POINT('',(5.19497993391361,3.79499853659254,-23.0922859805956));
#5300=CARTESIAN_POINT('',(27.297888497264,3.79499853659254,2.01476348843144));
#5301=CARTESIAN_POINT('Origin',(5.00264276307314,3.95099853659179,-22.9229625837677));
#5302=CARTESIAN_POINT('Origin',(23.3721751415826,3.95099853659179,-2.05671519246873));
#5303=CARTESIAN_POINT('Origin',(4.19414241870046,2.18162420732163,-22.2112019602364));
#5304=CARTESIAN_POINT('',(12.4214974255509,19.7530743496264,-29.0544383845958));
#5305=CARTESIAN_POINT('',(4.39237478249732,2.18162420732163,-21.9860266286756));
#5306=CARTESIAN_POINT('',(12.5326934050055,19.8533242276763,-29.5520179421583));
#5307=CARTESIAN_POINT('',(4.38647958954092,2.02562420732238,-22.3805253570643));
#5308=CARTESIAN_POINT('Origin',(12.3403562341651,20.0093242276756,-29.3826945453304));
#5309=CARTESIAN_POINT('Origin',(26.1154403603448,9.95453717481431,-4.47173972054487));
#5310=CARTESIAN_POINT('',(30.902225783515,19.8533242276763,-8.68577055085927));
#5311=CARTESIAN_POINT('',(26.3077775311853,9.79853717481506,-4.64106311737272));
#5312=CARTESIAN_POINT('Origin',(30.7098886126745,20.0093242276756,-8.51644715403143));
#5313=CARTESIAN_POINT('Origin',(25.4567309720576,20.0093242276756,-14.4835934403921));
#5314=CARTESIAN_POINT('',(25.6490681428981,19.8533242276763,-14.65291683722));
#5315=CARTESIAN_POINT('',(25.339639799646,19.7530743496268,-14.3805126112178));
#5316=CARTESIAN_POINT('Origin',(29.495405184744,0.,8.00734297395799));
#5317=CARTESIAN_POINT('',(-4.16720606924674,0.144000000000753,-30.3632279773254));
#5318=CARTESIAN_POINT('',(29.5901137101583,0.144000000000753,7.98225470944791));
#5319=CARTESIAN_POINT('',(21.1363292818225,0.144000000000753,-1.62053504260556));
#5320=CARTESIAN_POINT('',(-4.06701424729611,0.3,-30.3931434439374));
#5321=CARTESIAN_POINT('Origin',(-4.26524661109298,0.3,-30.6183187754981));
#5322=CARTESIAN_POINT('',(5.687346878424,21.6470733740643,-38.9803632334098));
#5323=CARTESIAN_POINT('',(0.0729635255936656,9.36019452692237,-34.0377592830614));
#5324=CARTESIAN_POINT('',(39.3868487238909,21.6470733740643,-0.700556868077089));
#5325=CARTESIAN_POINT('',(39.3868487238909,21.6470733740643,-0.700556868077089));
#5326=CARTESIAN_POINT('',(29.6324875981708,0.299999999999998,7.8866629213953));
#5327=CARTESIAN_POINT('',(39.3868487238909,21.6470733740643,-0.700556868077089));
#5328=CARTESIAN_POINT('Origin',(29.8307199619677,0.3,8.11183825295608));
#5329=CARTESIAN_POINT('',(3.18117557397512,11.8241613821126,-32.7771781328086));
#5330=CARTESIAN_POINT('Origin',(4.50272466595422,11.8241613821126,-31.2760092557367));
#5331=CARTESIAN_POINT('',(30.2729319595466,11.8241613821126,-2.00321615283523));
#5332=CARTESIAN_POINT('Origin',(31.5944810515257,11.8241613821126,-0.50204727576336));
#5333=CARTESIAN_POINT('Origin',(20.943992110982,0.3,-1.45121164577772));
#5334=CARTESIAN_POINT('',(29.5670999361456,0.,8.34391527711622));
#5335=CARTESIAN_POINT('',(-4.52886663691505,0.,-30.386241751338));
#5336=CARTESIAN_POINT('',(20.943992110982,0.,-1.45121164577772));
#5337=CARTESIAN_POINT('Origin',(-4.52886663691504,0.3,-30.386241751338));
#5338=CARTESIAN_POINT('Origin',(29.5670999361456,0.3,8.34391527711622));
#5339=CARTESIAN_POINT('Origin',(57.7144623518874,0.299999999999998,-33.8219743898726));
#5340=CARTESIAN_POINT('',(66.1173981754646,0.0437501219514351,-24.0408578102159));
#5341=CARTESIAN_POINT('',(32.227593260753,0.0437501219514351,-62.5368324938465));
#5342=CARTESIAN_POINT('',(57.5973711794755,0.0437501219514351,-33.718893560698));
#5343=CARTESIAN_POINT('',(32.2416036039903,0.,-62.7570044954329));
#5344=CARTESIAN_POINT('Origin',(32.2416036039903,0.299999999999998,-62.7570044954329));
#5345=CARTESIAN_POINT('',(66.337570177051,0.,-24.0268474669787));
#5346=CARTESIAN_POINT('',(57.7144623518874,0.,-33.8219743898726));
#5347=CARTESIAN_POINT('Origin',(66.337570177051,0.299999999999998,-24.0268474669787));
#5348=CARTESIAN_POINT('Origin',(-1.57996057566714,0.3,-32.9823015198934));
#5349=CARTESIAN_POINT('',(-1.57996057566714,0.,-32.9823015198934));
#5350=CARTESIAN_POINT('',(32.0068064840173,0.3,-62.1506130796481));
#5351=CARTESIAN_POINT('Origin',(31.8085741202204,0.3,-62.3757884112089));
#5352=CARTESIAN_POINT('',(-1.38172821187027,0.3,-32.7571261883327));
#5353=CARTESIAN_POINT('Origin',(32.5160059973935,0.3,5.74785550856079));
#5354=CARTESIAN_POINT('',(32.5160059973935,0.,5.74785550856079));
#5355=CARTESIAN_POINT('',(65.7063083294843,0.3,-23.8708067143155));
#5356=CARTESIAN_POINT('',(32.3177736335967,0.3,5.52268017700001));
#5357=CARTESIAN_POINT('Origin',(65.9045406932811,0.3,-23.6456313827547));
#5358=CARTESIAN_POINT('Origin',(47.7857963444599,10.8235366870322,-8.09454282866631));
#5359=CARTESIAN_POINT('',(66.0761875041758,0.,-24.1964286312906));
#5360=CARTESIAN_POINT('Origin',(0.,0.,0.));
#5361=CARTESIAN_POINT('',(75.1546654109575,0.,4.67613803977474));
#5362=CARTESIAN_POINT('',(-33.5276783714311,0.,67.4239184786962));
#5363=CARTESIAN_POINT('Origin',(84.2267532727297,0.,145.885016024936));
#5364=CARTESIAN_POINT('Origin',(0.,0.,0.));
#5365=CARTESIAN_POINT('',(-38.200417228136,0.,64.));
#5366=CARTESIAN_POINT('Origin',(-36.950417228136,0.,64.));
#5367=CARTESIAN_POINT('',(72.6508344562721,0.,-5.21661791855671E-14));
#5368=CARTESIAN_POINT('Origin',(73.9008344562721,0.,-5.23192600354605E-14));
#5369=CARTESIAN_POINT('',(-38.2004172281361,0.,-64.));
#5370=CARTESIAN_POINT('Origin',(-36.9504172281361,0.,-64.));
#5371=CARTESIAN_POINT('',(60.5069311356803,0.,-6.26215979882645));
#5372=CARTESIAN_POINT('Origin',(66.7569311356803,0.,-6.26215979882645));
#5373=CARTESIAN_POINT('',(-56.5766866038345,0.,44.3049333085993));
#5374=CARTESIAN_POINT('Origin',(-50.3266866038345,0.,44.3049333085993));
#5375=CARTESIAN_POINT('',(8.42335833048784,0.,-65.4247281637846));
#5376=CARTESIAN_POINT('Origin',(14.6733583304878,0.,-65.4247281637846));
#5377=CARTESIAN_POINT('',(-63.9382969583324,0.,-34.1725459111149));
#5378=CARTESIAN_POINT('Origin',(-57.6882969583324,0.,-34.1725459111149));
#5379=CARTESIAN_POINT('Origin',(30.6327951973252,12.6041613821126,0.344569708374315));
#5380=CARTESIAN_POINT('',(32.6371019089239,14.0601613821126,6.24078193367966));
#5381=CARTESIAN_POINT('Origin',(28.837648269484,14.0601613821126,1.92492141209803));
#5382=CARTESIAN_POINT('',(34.4322488367651,12.6041613821126,4.66043022995594));
#5383=CARTESIAN_POINT('Origin',(3.54103881175365,12.6041613821126,-30.429392271599));
#5384=CARTESIAN_POINT('',(-2.05356175552742,14.0601613821126,-33.1649010894569));
#5385=CARTESIAN_POINT('Origin',(1.74589188391249,14.0601613821126,-28.8490405678753));
#5386=CARTESIAN_POINT('',(-0.258414827686261,12.6041613821126,-34.7452527931807));
#5387=CARTESIAN_POINT('Origin',(30.2696966842861,17.1941485486513,0.664222292127377));
#5388=CARTESIAN_POINT('',(30.2712218495987,17.3420944847226,0.52965010380167));
#5389=CARTESIAN_POINT('',(30.1445222343513,17.5940404207938,0.507960180027659));
#5390=CARTESIAN_POINT('Origin',(30.2727470149114,17.4900404207938,0.395077915475964));
#5391=CARTESIAN_POINT('',(30.4033767587967,17.3420944847226,0.679766991508858));
#5392=CARTESIAN_POINT('Origin',(30.2696966842861,17.1941485486513,0.664222292127378));
#5393=CARTESIAN_POINT('',(30.4088320527471,17.5940404207939,0.808193955442033));
#5394=CARTESIAN_POINT('Origin',(30.5370568333072,17.4900404207939,0.695311690890339));
#5395=CARTESIAN_POINT('Origin',(30.141471903726,17.2981485486513,0.777104556679071));
#5396=CARTESIAN_POINT('Origin',(32.0648436121273,15.7381485486513,-0.916129411596342));
#5397=CARTESIAN_POINT('',(32.1985236866378,15.8860944847226,-0.900584712214851));
#5398=CARTESIAN_POINT('',(32.0663687774399,15.8860944847226,-1.05070159992204));
#5399=CARTESIAN_POINT('Origin',(32.0648436121273,15.7381485486513,-0.916129411596335));
#5400=CARTESIAN_POINT('',(32.1985236866378,15.8860944847226,-0.90058471221486));
#5401=CARTESIAN_POINT('',(32.0663687774399,15.8860944847226,-1.05070159992205));
#5402=CARTESIAN_POINT('Origin',(27.4540619683788,15.6271549653819,-1.09040950686397));
#5403=CARTESIAN_POINT('',(27.3219070591809,15.6271549653819,-1.24052639457115));
#5404=CARTESIAN_POINT('',(27.0615273694229,15.7311549653819,-1.27776101772664));
#5405=CARTESIAN_POINT('Origin',(27.1897521499829,15.6271549653819,-1.39064328227834));
#5406=CARTESIAN_POINT('',(27.4555871336914,15.7751009014532,-1.22498169518968));
#5407=CARTESIAN_POINT('Origin',(27.4540619683788,15.6271549653819,-1.09040950686397));
#5408=CARTESIAN_POINT('',(27.3288875184439,16.0270468375245,-1.24667161896369));
#5409=CARTESIAN_POINT('Origin',(27.457112299004,15.9230468375245,-1.35955388351538));
#5410=CARTESIAN_POINT('Origin',(27.3258371878187,15.7311549653819,-0.977527242312275));
#5411=CARTESIAN_POINT('Origin',(29.2492088962199,14.1711549653819,-2.67076121058769));
#5412=CARTESIAN_POINT('',(29.2507340615325,14.3191009014532,-2.80533339891339));
#5413=CARTESIAN_POINT('',(29.117053987022,14.171154965382,-2.82087809829487));
#5414=CARTESIAN_POINT('Origin',(29.2492088962199,14.171154965382,-2.67076121058768));
#5415=CARTESIAN_POINT('',(29.2507340615325,14.3191009014532,-2.80533339891339));
#5416=CARTESIAN_POINT('',(29.117053987022,14.1711549653819,-2.82087809829487));
#5417=CARTESIAN_POINT('Origin',(29.6131441665526,17.1229496809884,-0.0159697697570932));
#5418=CARTESIAN_POINT('',(29.61161900124,16.9750037449171,0.118602418568613));
#5419=CARTESIAN_POINT('',(29.4849193859925,17.2269496809884,0.0969124947946019));
#5420=CARTESIAN_POINT('Origin',(31.6532829853914,15.627154965382,3.67955321108937));
#5421=CARTESIAN_POINT('',(31.7869630599019,15.7751009014532,3.69509791047086));
#5422=CARTESIAN_POINT('',(31.7924183538523,16.0270468375245,3.82352487440403));
#5423=CARTESIAN_POINT('Origin',(31.9206431344124,15.9230468375245,3.71064260985234));
#5424=CARTESIAN_POINT('',(31.7854378945893,15.627154965382,3.82967009879656));
#5425=CARTESIAN_POINT('Origin',(31.6532829853914,15.627154965382,3.67955321108937));
#5426=CARTESIAN_POINT('',(31.7893680232271,15.731154965382,4.09266925105544));
#5427=CARTESIAN_POINT('Origin',(31.9175928037872,15.627154965382,3.97978698650375));
#5428=CARTESIAN_POINT('Origin',(31.5250582048313,15.731154965382,3.79243547564107));
#5429=CARTESIAN_POINT('Origin',(33.4484299132325,14.171154965382,2.09920150736566));
#5430=CARTESIAN_POINT('',(33.5805848224304,14.171154965382,2.24931839507285));
#5431=CARTESIAN_POINT('',(33.582109987743,14.3191009014532,2.11474620674715));
#5432=CARTESIAN_POINT('Origin',(33.4484299132325,14.171154965382,2.09920150736566));
#5433=CARTESIAN_POINT('',(33.5805848224304,14.171154965382,2.24931839507284));
#5434=CARTESIAN_POINT('',(33.582109987743,14.3191009014532,2.11474620674714));
#5435=CARTESIAN_POINT('Origin',(26.0220135535767,12.4931677988432,0.170289613106694));
#5436=CARTESIAN_POINT('',(25.8883334790661,12.3452218627719,0.154744913725214));
#5437=CARTESIAN_POINT('',(25.6264286239955,12.3012759267007,0.252082478895426));
#5438=CARTESIAN_POINT('Origin',(25.7546534045556,12.1972759267007,0.139200214343731));
#5439=CARTESIAN_POINT('',(25.8898586443787,12.4931677988432,0.0201727253995056));
#5440=CARTESIAN_POINT('Origin',(26.0220135535767,12.4931677988432,0.170289613106694));
#5441=CARTESIAN_POINT('',(25.6294789546208,12.5971677988432,-0.0170618977559849));
#5442=CARTESIAN_POINT('Origin',(25.7577037351808,12.4931677988432,-0.129944162307681));
#5443=CARTESIAN_POINT('Origin',(25.8937887730166,12.5971677988432,0.283171877658389));
#5444=CARTESIAN_POINT('Origin',(27.8171604814178,11.0371677988432,-1.41006209061702));
#5445=CARTESIAN_POINT('',(27.6850055722199,11.0371677988432,-1.56017897832421));
#5446=CARTESIAN_POINT('',(27.6834804069073,10.8892218627719,-1.4256067899985));
#5447=CARTESIAN_POINT('Origin',(27.8171604814178,11.0371677988432,-1.41006209061702));
#5448=CARTESIAN_POINT('',(27.6850055722199,11.0371677988432,-1.56017897832421));
#5449=CARTESIAN_POINT('',(27.6834804069073,10.8892218627719,-1.4256067899985));
#5450=CARTESIAN_POINT('Origin',(26.8542742529196,14.892973485771,-1.09530641710971));
#5451=CARTESIAN_POINT('',(26.9864291621175,14.892973485771,-0.945189529402526));
#5452=CARTESIAN_POINT('',(26.7260494723595,14.996973485771,-0.982424152558017));
#5453=CARTESIAN_POINT('Origin',(30.2212345705892,12.4931677988432,4.94025233106003));
#5454=CARTESIAN_POINT('',(30.3533894797872,12.4931677988432,5.09036921876722));
#5455=CARTESIAN_POINT('',(30.357319608425,12.5971677988432,5.3533683710261));
#5456=CARTESIAN_POINT('Origin',(30.4855443889851,12.4931677988432,5.24048610647441));
#5457=CARTESIAN_POINT('',(30.2197094052766,12.3452218627719,5.07482451938574));
#5458=CARTESIAN_POINT('Origin',(30.2212345705892,12.4931677988432,4.94025233106004));
#5459=CARTESIAN_POINT('',(30.0899594594039,12.3012759267007,5.32227897226314));
#5460=CARTESIAN_POINT('Origin',(30.218184239964,12.1972759267007,5.20939670771145));
#5461=CARTESIAN_POINT('Origin',(30.0930097900292,12.5971677988432,5.05313459561173));
#5462=CARTESIAN_POINT('Origin',(32.0163814984304,11.0371677988432,3.35990062733632));
#5463=CARTESIAN_POINT('',(32.0148563331178,10.8892218627719,3.49447281566203));
#5464=CARTESIAN_POINT('',(32.1485364076283,11.0371677988432,3.51001751504351));
#5465=CARTESIAN_POINT('Origin',(32.0163814984304,11.0371677988432,3.35990062733633));
#5466=CARTESIAN_POINT('',(32.0148563331178,10.8892218627719,3.49447281566202));
#5467=CARTESIAN_POINT('',(32.1485364076283,11.0371677988432,3.5100175150435));
#5468=CARTESIAN_POINT('Origin',(27.4055998546819,10.9261742155738,3.18562053206869));
#5469=CARTESIAN_POINT('',(27.4040746893693,10.7782282795026,3.32019272039439));
#5470=CARTESIAN_POINT('',(27.2743247434966,10.7342823434313,3.56764717327179));
#5471=CARTESIAN_POINT('Origin',(27.4025495240567,10.6302823434313,3.4547649087201));
#5472=CARTESIAN_POINT('',(27.2719197801714,10.7782282795026,3.17007583268721));
#5473=CARTESIAN_POINT('Origin',(27.4055998546819,10.9261742155738,3.18562053206869));
#5474=CARTESIAN_POINT('',(27.0100149251008,10.7342823434313,3.26741339785742));
#5475=CARTESIAN_POINT('Origin',(27.1382397056608,10.6302823434313,3.15453113330573));
#5476=CARTESIAN_POINT('Origin',(27.2773750741218,11.0301742155738,3.29850279662038));
#5477=CARTESIAN_POINT('Origin',(29.200746782523,9.47017421557381,1.60526882834497));
#5478=CARTESIAN_POINT('',(29.0670667080125,9.32222827950256,1.5897241289635));
#5479=CARTESIAN_POINT('',(29.1992216172104,9.32222827950256,1.73984101667068));
#5480=CARTESIAN_POINT('Origin',(29.200746782523,9.47017421557381,1.60526882834498));
#5481=CARTESIAN_POINT('',(29.0670667080125,9.32222827950255,1.58972412896349));
#5482=CARTESIAN_POINT('',(29.1992216172104,9.32222827950255,1.73984101667068));
#5483=CARTESIAN_POINT('Origin',(26.078778355851,11.8301851868952,0.845584764745412));
#5484=CARTESIAN_POINT('',(26.2124584303616,11.9781311229665,0.861129464126894));
#5485=CARTESIAN_POINT('',(25.9505535752909,11.9341851868952,0.958467029297106));
#5486=CARTESIAN_POINT('Origin',(28.0621523724154,10.9973730832368,3.86581259395316));
#5487=CARTESIAN_POINT('',(28.063677537728,11.145319019308,3.73124040562745));
#5488=CARTESIAN_POINT('',(27.9339275918553,11.1013730832368,3.97869485850485));
#5489=CARTESIAN_POINT('Origin',(30.8210222860484,13.2273492784541,4.94514924130578));
#5490=CARTESIAN_POINT('',(30.6888673768505,13.2273492784541,4.79503235359859));
#5491=CARTESIAN_POINT('',(30.6927975054883,13.3313492784541,5.05803150585748));
#5492=CARTESIAN_POINT('Origin',(31.596518183117,16.2901375773299,3.00425805945066));
#5493=CARTESIAN_POINT('',(31.4628381086065,16.1421916412587,2.98871336006917));
#5494=CARTESIAN_POINT('',(31.4682934025569,16.3941375773299,3.11714032400235));
#5495=CARTESIAN_POINT('Origin',(32.154980438676,15.9354097967463,-0.995481070892487));
#5496=CARTESIAN_POINT('',(31.0726268063958,15.333044302732,-1.66997627093506));
#5497=CARTESIAN_POINT('Origin',(29.1621224002964,14.2697855894294,-2.86055392794295));
#5498=CARTESIAN_POINT('',(26.2446006877072,7.88489279471472,-0.292123267681542));
#5499=CARTESIAN_POINT('Origin',(27.6399371589455,10.9385371747957,-1.52050314867614));
#5500=CARTESIAN_POINT('',(30.2945326914614,7.93205021962346,4.26481286676815));
#5501=CARTESIAN_POINT('Origin',(29.8538789417543,1.5,9.69020448974723));
#5502=CARTESIAN_POINT('',(29.5246853428838,9.5033595771229,1.94266171612379));
#5503=CARTESIAN_POINT('',(29.9470389024402,6.21926858739784,5.44809861531957));
#5504=CARTESIAN_POINT('',(35.5449123697063,12.0961107379157,6.39239676271043));
#5505=CARTESIAN_POINT('',(29.311246105346,12.6041613821126,-1.15659916869747));
#5506=CARTESIAN_POINT('Origin',(30.6327951973251,12.6041613821126,0.34456970837434));
#5507=CARTESIAN_POINT('Origin',(28.7094234889239,14.1641613821126,2.03780367664972));
#5508=CARTESIAN_POINT('',(32.3767222191659,14.1641613821126,6.20354731052416));
#5509=CARTESIAN_POINT('Origin',(28.7094234889239,14.1641613821126,2.03780367664972));
#5510=CARTESIAN_POINT('Origin',(28.837648269484,14.0601613821126,1.92492141209803));
#5511=CARTESIAN_POINT('Origin',(32.504946999726,14.0601613821126,6.09066504597247));
#5512=CARTESIAN_POINT('Origin',(33.6256532357048,14.2697855894295,2.20964256542477));
#5513=CARTESIAN_POINT('Origin',(32.1034679943539,10.9385371747957,3.54969334469158));
#5514=CARTESIAN_POINT('Origin',(29.1106099559743,9.2729129674788,1.68462048764112));
#5515=CARTESIAN_POINT('Origin',(3.17794029871461,17.1941485486513,-30.109739687846));
#5516=CARTESIAN_POINT('',(3.17946546402722,17.3420944847226,-30.2443118761717));
#5517=CARTESIAN_POINT('',(3.05276584877975,17.5940404207938,-30.2660017999457));
#5518=CARTESIAN_POINT('Origin',(3.18099062933983,17.4900404207939,-30.3788840644974));
#5519=CARTESIAN_POINT('',(3.31162037322513,17.3420944847226,-30.0941949884645));
#5520=CARTESIAN_POINT('Origin',(3.1779402987146,17.1941485486513,-30.109739687846));
#5521=CARTESIAN_POINT('',(3.31707566717557,17.5940404207938,-29.9657680245313));
#5522=CARTESIAN_POINT('Origin',(3.44530044773565,17.4900404207939,-30.078650289083));
#5523=CARTESIAN_POINT('Origin',(3.04971551815452,17.2981485486513,-29.9968574232943));
#5524=CARTESIAN_POINT('Origin',(4.97308722655576,15.7381485486513,-31.6900913915697));
#5525=CARTESIAN_POINT('',(5.10676730106629,15.8860944847226,-31.6745466921882));
#5526=CARTESIAN_POINT('',(4.97461239186838,15.8860944847226,-31.8246635798954));
#5527=CARTESIAN_POINT('Origin',(4.97308722655577,15.7381485486513,-31.6900913915697));
#5528=CARTESIAN_POINT('',(5.10676730106629,15.8860944847226,-31.6745466921882));
#5529=CARTESIAN_POINT('',(4.97461239186838,15.8860944847226,-31.8246635798954));
#5530=CARTESIAN_POINT('Origin',(4.56152659981984,15.627154965382,-27.094408768884));
#5531=CARTESIAN_POINT('',(4.69520667433036,15.7751009014532,-27.0788640695025));
#5532=CARTESIAN_POINT('',(4.70066196828081,16.0270468375245,-26.9504371055693));
#5533=CARTESIAN_POINT('Origin',(4.82888674884089,15.9230468375245,-27.063319370121));
#5534=CARTESIAN_POINT('',(4.69368150901775,15.6271549653819,-26.9442918811768));
#5535=CARTESIAN_POINT('Origin',(4.56152659981984,15.6271549653819,-27.094408768884));
#5536=CARTESIAN_POINT('',(4.69761163765558,15.7311549653819,-26.6812927289179));
#5537=CARTESIAN_POINT('Origin',(4.82583641821566,15.6271549653819,-26.7941749934696));
#5538=CARTESIAN_POINT('Origin',(4.43330181925976,15.7311549653819,-26.9815265043323));
#5539=CARTESIAN_POINT('Origin',(6.356673527661,14.1711549653819,-28.6747604726077));
#5540=CARTESIAN_POINT('',(6.48882843685891,14.1711549653819,-28.5246435849005));
#5541=CARTESIAN_POINT('',(6.49035360217152,14.3191009014532,-28.6592157732262));
#5542=CARTESIAN_POINT('Origin',(6.35667352766101,14.1711549653819,-28.6747604726077));
#5543=CARTESIAN_POINT('',(6.48882843685891,14.1711549653819,-28.5246435849005));
#5544=CARTESIAN_POINT('',(6.49035360217152,14.3191009014532,-28.6592157732262));
#5545=CARTESIAN_POINT('Origin',(0.362305582807257,15.627154965382,-31.8643714868373));
#5546=CARTESIAN_POINT('',(0.230150673609344,15.627154965382,-32.0144883745445));
#5547=CARTESIAN_POINT('',(-0.030229016148646,15.731154965382,-32.0517229977));
#5548=CARTESIAN_POINT('Origin',(0.0979957644114365,15.627154965382,-32.1646052622517));
#5549=CARTESIAN_POINT('',(0.363830748119871,15.7751009014532,-31.998943675163));
#5550=CARTESIAN_POINT('Origin',(0.362305582807254,15.627154965382,-31.8643714868373));
#5551=CARTESIAN_POINT('',(0.237131132872406,16.0270468375245,-32.020633598937));
#5552=CARTESIAN_POINT('Origin',(0.365355913432487,15.9230468375245,-32.1335158634887));
#5553=CARTESIAN_POINT('Origin',(0.234080802247178,15.731154965382,-31.7514892222856));
#5554=CARTESIAN_POINT('Origin',(2.15745251064841,14.171154965382,-33.444723190561));
#5555=CARTESIAN_POINT('',(2.15897767596103,14.3191009014532,-33.5792953788867));
#5556=CARTESIAN_POINT('',(2.0252976014505,14.171154965382,-33.5948400782682));
#5557=CARTESIAN_POINT('Origin',(2.15745251064842,14.1711549653819,-33.444723190561));
#5558=CARTESIAN_POINT('',(2.15897767596103,14.3191009014532,-33.5792953788867));
#5559=CARTESIAN_POINT('',(2.0252976014505,14.171154965382,-33.5948400782682));
#5560=CARTESIAN_POINT('Origin',(1.02495876179125,16.2901375773299,-31.7224681782557));
#5561=CARTESIAN_POINT('',(0.896733981231166,16.3941375773299,-31.609585913704));
#5562=CARTESIAN_POINT('',(1.02343359647863,16.1421916412587,-31.58789598993));
#5563=CARTESIAN_POINT('Origin',(3.12947818501772,12.4931677988432,-25.8337096489133));
#5564=CARTESIAN_POINT('',(3.26163309421563,12.4931677988432,-25.6835927612061));
#5565=CARTESIAN_POINT('',(3.26556322285346,12.5971677988432,-25.4205936089473));
#5566=CARTESIAN_POINT('Origin',(3.39378800341354,12.4931677988432,-25.5334758734989));
#5567=CARTESIAN_POINT('',(3.1279530197051,12.3452218627719,-25.6991374605876));
#5568=CARTESIAN_POINT('Origin',(3.12947818501772,12.4931677988432,-25.8337096489133));
#5569=CARTESIAN_POINT('',(2.99820307383241,12.3012759267007,-25.4516830077102));
#5570=CARTESIAN_POINT('Origin',(3.12642785439249,12.1972759267007,-25.5645652722619));
#5571=CARTESIAN_POINT('Origin',(3.00125340445764,12.5971677988432,-25.7208273843616));
#5572=CARTESIAN_POINT('Origin',(4.92462511285888,11.0371677988432,-27.414061352637));
#5573=CARTESIAN_POINT('',(4.92309994754626,10.8892218627719,-27.2794891643113));
#5574=CARTESIAN_POINT('',(5.05678002205678,11.0371677988432,-27.2639444649298));
#5575=CARTESIAN_POINT('Origin',(4.92462511285889,11.0371677988432,-27.414061352637));
#5576=CARTESIAN_POINT('',(4.92309994754626,10.8892218627719,-27.2794891643113));
#5577=CARTESIAN_POINT('',(5.05678002205678,11.0371677988432,-27.2639444649298));
#5578=CARTESIAN_POINT('Origin',(-1.06974283199487,12.4931677988432,-30.6036723668667));
#5579=CARTESIAN_POINT('',(-1.20342290650539,12.3452218627719,-30.6192170662481));
#5580=CARTESIAN_POINT('',(-1.465327761576,12.3012759267007,-30.5218795010779));
#5581=CARTESIAN_POINT('Origin',(-1.33710298101592,12.1972759267007,-30.6347617656296));
#5582=CARTESIAN_POINT('',(-1.20189774119278,12.4931677988432,-30.7537892545738));
#5583=CARTESIAN_POINT('Origin',(-1.06974283199487,12.4931677988432,-30.6036723668667));
#5584=CARTESIAN_POINT('',(-1.46227743095077,12.5971677988432,-30.7910238777293));
#5585=CARTESIAN_POINT('Origin',(-1.33405265039069,12.4931677988432,-30.903906142281));
#5586=CARTESIAN_POINT('Origin',(-1.19796761255495,12.5971677988432,-30.490790102315));
#5587=CARTESIAN_POINT('Origin',(0.725404095846289,11.0371677988432,-32.1840240705904));
#5588=CARTESIAN_POINT('',(0.593249186648375,11.0371677988432,-32.3341409582976));
#5589=CARTESIAN_POINT('',(0.591724021335764,10.8892218627719,-32.1995687699719));
#5590=CARTESIAN_POINT('Origin',(0.725404095846289,11.0371677988432,-32.1840240705904));
#5591=CARTESIAN_POINT('',(0.593249186648381,11.0371677988432,-32.3341409582976));
#5592=CARTESIAN_POINT('',(0.591724021335764,10.8892218627719,-32.1995687699719));
#5593=CARTESIAN_POINT('Origin',(-0.998574753327346,13.2273492784541,-31.1992430074497));
#5594=CARTESIAN_POINT('',(-1.12679953388743,13.3313492784541,-31.086360742898));
#5595=CARTESIAN_POINT('',(-0.866419844129437,13.2273492784541,-31.0491261197425));
#5596=CARTESIAN_POINT('Origin',(0.313843469110369,10.9261742155738,-27.5883414479047));
#5597=CARTESIAN_POINT('',(0.312318303797754,10.7782282795026,-27.453769259579));
#5598=CARTESIAN_POINT('',(0.182568357925057,10.7342823434313,-27.2063148067016));
#5599=CARTESIAN_POINT('Origin',(0.310793138485138,10.6302823434313,-27.3191970712532));
#5600=CARTESIAN_POINT('',(0.180163394599847,10.7782282795026,-27.6038861472861));
#5601=CARTESIAN_POINT('Origin',(0.313843469110369,10.9261742155738,-27.5883414479047));
#5602=CARTESIAN_POINT('',(-0.0817414604707584,10.7342823434313,-27.5065485821159));
#5603=CARTESIAN_POINT('Origin',(0.0464833200893232,10.6302823434313,-27.6194308466676));
#5604=CARTESIAN_POINT('Origin',(0.185618688550286,11.0301742155738,-27.475459183353));
#5605=CARTESIAN_POINT('Origin',(2.10899039695153,9.47017421557381,-29.1686931516284));
#5606=CARTESIAN_POINT('',(1.975310322441,9.32222827950255,-29.1842378510099));
#5607=CARTESIAN_POINT('',(2.10746523163891,9.32222827950256,-29.0341209633027));
#5608=CARTESIAN_POINT('Origin',(2.10899039695153,9.4701742155738,-29.1686931516284));
#5609=CARTESIAN_POINT('',(1.975310322441,9.32222827950255,-29.1842378510099));
#5610=CARTESIAN_POINT('',(2.10746523163891,9.32222827950255,-29.0341209633027));
#5611=CARTESIAN_POINT('Origin',(-0.277641631206104,10.9973730832368,-28.3258153970693));
#5612=CARTESIAN_POINT('',(-0.405866411766186,11.1013730832368,-28.2129331325176));
#5613=CARTESIAN_POINT('',(-0.143961556695581,11.145319019308,-28.3102706976878));
#5614=CARTESIAN_POINT('Origin',(2.46682500603373,11.8301851868952,-25.975612957495));
#5615=CARTESIAN_POINT('',(2.33860022547365,11.9341851868952,-25.8627306929433));
#5616=CARTESIAN_POINT('',(2.46835017134634,11.9781311229665,-26.1101851458207));
#5617=CARTESIAN_POINT('Origin',(4.49035852115232,14.892973485771,-26.498838128301));
#5618=CARTESIAN_POINT('',(4.36213374059224,14.996973485771,-26.3859558637493));
#5619=CARTESIAN_POINT('',(4.35820361195441,14.892973485771,-26.6489550160082));
#5620=CARTESIAN_POINT('Origin',(3.76942539903108,17.1229496809884,-29.3722657386813));
#5621=CARTESIAN_POINT('',(3.641200618471,17.2269496809884,-29.2593834741296));
#5622=CARTESIAN_POINT('',(3.63574532452056,16.9750037449171,-29.3878104380628));
#5623=CARTESIAN_POINT('Origin',(2.07036601472488,14.2697855894295,-33.6345159079163));
#5624=CARTESIAN_POINT('',(16.1084843166917,22.0824614227254,-24.8863183411394));
#5625=CARTESIAN_POINT('Origin',(0.548180773373998,10.9385371747957,-32.2944651286495));
#5626=CARTESIAN_POINT('',(-1.60824831853975,6.21926858739784,-30.3960598580215));
#5627=CARTESIAN_POINT('Origin',(2.01885357040277,9.2729129674788,-29.0893414923322));
#5628=CARTESIAN_POINT('',(10.6328870785256,-0.482991107686808,-10.3162721483608));
#5629=CARTESIAN_POINT('Origin',(1.61766710335241,14.1641613821126,-28.7361583033236));
#5630=CARTESIAN_POINT('',(-2.04963162688959,14.1641613821126,-32.9019019371981));
#5631=CARTESIAN_POINT('Origin',(1.61766710335241,14.1641613821126,-28.7361583033236));
#5632=CARTESIAN_POINT('Origin',(1.74589188391249,14.0601613821126,-28.8490405678753));
#5633=CARTESIAN_POINT('Origin',(-1.92140684632951,14.0601613821126,-33.0147842017498));
#5634=CARTESIAN_POINT('Origin',(5.01171160878241,10.9385371747957,-27.2242686352818));
#5635=CARTESIAN_POINT('',(17.5534008915594,17.9184009044332,-19.4086074970301));
#5636=CARTESIAN_POINT('Origin',(6.53389685013329,14.2697855894294,-28.5643194145486));
#5637=CARTESIAN_POINT('',(3.61637513754411,7.88489279471477,-25.9958887542872));
#5638=CARTESIAN_POINT('Origin',(5.06322405310452,15.9354097967463,-31.7694430508658));
#5639=CARTESIAN_POINT('',(14.4125939597417,5.34669361792224,-11.3938118887358));
#5640=CARTESIAN_POINT('Origin',(183.082920292249,-133.017890708061,-188.488498123556));
#5641=CARTESIAN_POINT('',(2.21948971977447,12.6041613821126,-31.9305611486709));
#5642=CARTESIAN_POINT('Origin',(3.54103881175362,12.6041613821126,-30.429392271599));
#5643=CARTESIAN_POINT('',(181.76137120027,-133.017890708061,-189.989667000628));
#5644=CARTESIAN_POINT('Origin',(210.17467667782,-133.017890708061,-157.714536143583));
#5645=CARTESIAN_POINT('',(208.853127585841,-133.017890708061,-159.215705020655));
#5646=CARTESIAN_POINT('Origin',(11.6521487422336,20.3770743495914,-28.3771447973236));
#5647=CARTESIAN_POINT('',(11.6521487422336,20.3770743495914,-28.3771447973236));
#5648=CARTESIAN_POINT('Origin',(4.54861761592947,4.83124841463376,-22.1235744940785));
#5649=CARTESIAN_POINT('Origin',(39.3868487238909,21.6470733740644,-0.70055686807708));
#5650=CARTESIAN_POINT('',(10.5554822719575,17.6986471906272,-43.2660102430283));
#5651=CARTESIAN_POINT('Origin',(14.0862944989929,10.8235366870322,-46.374349193999));
#5652=CARTESIAN_POINT('Origin',(29.8538789417543,1.5,9.69020448974723));
#5653=CARTESIAN_POINT('Origin',(40.0017805507601,23.7083227642251,0.756532627968536));
#5654=CARTESIAN_POINT('',(9.31430789328958,19.6575246920305,-44.1717891648082));
#5655=CARTESIAN_POINT('',(67.383100868551,1.5,-23.3485228097302));
#5656=CARTESIAN_POINT('Origin',(48.6184899051527,12.6041613821126,-6.82915915999149));
#5657=CARTESIAN_POINT('Origin',(12.9366644217171,12.6041613821126,-47.360718840932));
#5658=CARTESIAN_POINT('Origin',(5.63485755583796,-5.4,157.643038041975));
#5659=CARTESIAN_POINT('',(5.63485755583796,-5.5,157.643038041975));
#5660=CARTESIAN_POINT('',(5.63485755583796,-5.32928932188134,157.713748720093));
#5661=CARTESIAN_POINT('Origin',(5.63485755583796,-5.4,157.643038041975));
#5662=CARTESIAN_POINT('',(5.73485755583796,-5.4,157.643038041975));
#5663=CARTESIAN_POINT('Origin',(5.63485755583796,-5.4,157.643038041975));
#5664=CARTESIAN_POINT('Origin',(5.63485755583796,-5.4,157.643038041975));
#5665=CARTESIAN_POINT('Origin',(5.63485755583796,-5.4,154.884459398212));
#5666=CARTESIAN_POINT('',(5.63485755583796,-5.5,156.484459398212));
#5667=CARTESIAN_POINT('',(5.73485755583796,-5.4,156.484459398212));
#5668=CARTESIAN_POINT('Origin',(5.63485755583796,-5.4,156.484459398212));
#5669=CARTESIAN_POINT('',(5.73485755583796,-5.4,154.884459398212));
#5670=CARTESIAN_POINT('',(5.63485755583796,-5.5,154.884459398212));
#5671=CARTESIAN_POINT('Origin',(5.83485755583796,-5.4,156.484459398212));
#5672=CARTESIAN_POINT('',(5.66165247508107,-5.5,156.384459398212));
#5673=CARTESIAN_POINT('',(5.83485755583796,-5.4,156.384459398212));
#5674=CARTESIAN_POINT('Ctrl Pts',(5.83485755583796,-5.4,156.384459398212));
#5675=CARTESIAN_POINT('Ctrl Pts',(5.80714773362986,-5.4277098222081,156.384459398212));
#5676=CARTESIAN_POINT('Ctrl Pts',(5.77333522861756,-5.46039127161887,156.384459398212));
#5677=CARTESIAN_POINT('Ctrl Pts',(5.71638450852287,-5.49104280001022,156.384459398212));
#5678=CARTESIAN_POINT('Ctrl Pts',(5.68714021726863,-5.5,156.384459398212));
#5679=CARTESIAN_POINT('Ctrl Pts',(5.66165247508107,-5.5,156.384459398212));
#5680=CARTESIAN_POINT('Origin',(5.83485755583796,-5.4,156.484459398212));
#5681=CARTESIAN_POINT('Origin',(5.83485755583796,-5.5,156.484459398212));
#5682=CARTESIAN_POINT('Origin',(5.63485755583796,-4.44571067811865,156.688748720093));
#5683=CARTESIAN_POINT('',(5.73485755583796,-4.2414213562373,156.484459398212));
#5684=CARTESIAN_POINT('',(5.63485755583796,-4.17071067811864,156.555170076331));
#5685=CARTESIAN_POINT('Origin',(5.63485755583796,-4.2414213562373,156.484459398212));
#5686=CARTESIAN_POINT('',(5.63485755583796,-4.37499999999999,156.759459398212));
#5687=CARTESIAN_POINT('',(5.73485755583796,-4.44571067811865,156.688748720093));
#5688=CARTESIAN_POINT('Ctrl Pts',(5.83485755583796,-3.97071067811864,156.355170076331));
#5689=CARTESIAN_POINT('Ctrl Pts',(5.78249767827813,-3.97071067811864,156.355170076331));
#5690=CARTESIAN_POINT('Ctrl Pts',(5.67831893824825,-4.01417206052894,156.398631458741));
#5691=CARTESIAN_POINT('Ctrl Pts',(5.63485755583796,-4.11835080055882,156.502810198771));
#5692=CARTESIAN_POINT('Ctrl Pts',(5.63485755583796,-4.17071067811865,156.555170076331));
#5693=CARTESIAN_POINT('Ctrl Pts',(5.83485755583796,-3.98128897082854,156.36574836904));
#5694=CARTESIAN_POINT('Ctrl Pts',(5.78803795502815,-3.98128897082854,156.36574836904));
#5695=CARTESIAN_POINT('Ctrl Pts',(5.69489953518321,-4.02327731020457,156.407614239756));
#5696=CARTESIAN_POINT('Ctrl Pts',(5.66117496371532,-4.12238702381129,156.506640933658));
#5697=CARTESIAN_POINT('Ctrl Pts',(5.66477748587215,-4.17071067811865,156.555170076331));
#5698=CARTESIAN_POINT('Ctrl Pts',(5.83485755583796,-4.00401765848254,156.380017890845));
#5699=CARTESIAN_POINT('Ctrl Pts',(5.79772215135858,-4.00401765848254,156.380017890845));
#5700=CARTESIAN_POINT('Ctrl Pts',(5.72403359496751,-4.04547470847749,156.417028169051));
#5701=CARTESIAN_POINT('Ctrl Pts',(5.70722053481055,-4.14234377122493,156.50019730446));
#5702=CARTESIAN_POINT('Ctrl Pts',(5.71655766155417,-4.18847991277845,156.537400841671));
#5703=CARTESIAN_POINT('Ctrl Pts',(5.83485755583796,-4.03020138247447,156.384459398212));
#5704=CARTESIAN_POINT('Ctrl Pts',(5.80574151591677,-4.03020138247447,156.384459398212));
#5705=CARTESIAN_POINT('Ctrl Pts',(5.74794003928817,-4.07305761187675,156.411439974648));
#5706=CARTESIAN_POINT('Ctrl Pts',(5.73066423313062,-4.17504783286474,156.472314382847));
#5707=CARTESIAN_POINT('Ctrl Pts',(5.73485755583797,-4.22555391717246,156.500326837277));
#5708=CARTESIAN_POINT('Ctrl Pts',(5.83485755583796,-4.04142135623729,156.384459398212));
#5709=CARTESIAN_POINT('Ctrl Pts',(5.80867761705804,-4.04142135623729,156.384459398212));
#5710=CARTESIAN_POINT('Ctrl Pts',(5.75658824704311,-4.08488273864759,156.406190089417));
#5711=CARTESIAN_POINT('Ctrl Pts',(5.73485755583796,-4.18906147867748,156.458279459432));
#5712=CARTESIAN_POINT('Ctrl Pts',(5.73485755583796,-4.24142135623731,156.484459398212));
#5713=CARTESIAN_POINT('',(5.83485755583796,-4.04142135623729,156.384459398212));
#5714=CARTESIAN_POINT('',(5.73065647918196,-3.99999999999999,156.384459398212));
#5715=CARTESIAN_POINT('Ctrl Pts',(5.73071203607624,-4.00022599995208,156.384685398164));
#5716=CARTESIAN_POINT('Ctrl Pts',(5.73851874410304,-4.00025152141569,156.384691964776));
#5717=CARTESIAN_POINT('Ctrl Pts',(5.74632351175876,-4.00082487572086,156.384694641643));
#5718=CARTESIAN_POINT('Ctrl Pts',(5.75405154766104,-4.00196057570893,156.384696519606));
#5719=CARTESIAN_POINT('Ctrl Pts',(5.76095385210228,-4.00297492750163,156.384698196911));
#5720=CARTESIAN_POINT('Ctrl Pts',(5.76778048918499,-4.00443917393106,156.384701203763));
#5721=CARTESIAN_POINT('Ctrl Pts',(5.77447744096485,-4.00635596976787,156.384696028756));
#5722=CARTESIAN_POINT('Ctrl Pts',(5.77739414066691,-4.00719078507339,156.384693774904));
#5723=CARTESIAN_POINT('Ctrl Pts',(5.78028582380975,-4.00811183944321,156.384690265133));
#5724=CARTESIAN_POINT('Ctrl Pts',(5.78314608507687,-4.00912155676473,156.384685819647));
#5725=CARTESIAN_POINT('Ctrl Pts',(5.78832272498563,-4.01094899226626,156.38467777399));
#5726=CARTESIAN_POINT('Ctrl Pts',(5.79338491940891,-4.01306365823116,156.384666492807));
#5727=CARTESIAN_POINT('Ctrl Pts',(5.79830696031078,-4.0154582088288,156.384643396249));
#5728=CARTESIAN_POINT('Ctrl Pts',(5.80146163969701,-4.01699294605677,156.384628592992));
#5729=CARTESIAN_POINT('Ctrl Pts',(5.80455863840599,-4.01864310788566,156.384609499027));
#5730=CARTESIAN_POINT('Ctrl Pts',(5.80759018671594,-4.0204137397383,156.384590261533));
#5731=CARTESIAN_POINT('Ctrl Pts',(5.81183404572308,-4.02289244407281,156.384563331));
#5732=CARTESIAN_POINT('Ctrl Pts',(5.81591927171053,-4.02559308789169,156.384536311725));
#5733=CARTESIAN_POINT('Ctrl Pts',(5.81983947877518,-4.0284943171808,156.38451262121));
#5734=CARTESIAN_POINT('Ctrl Pts',(5.82341140719605,-4.03113779574771,156.384491035406));
#5735=CARTESIAN_POINT('Ctrl Pts',(5.82684632616343,-4.03394740710904,156.384473367457));
#5736=CARTESIAN_POINT('Ctrl Pts',(5.83015632850731,-4.03694629173367,156.384465162727));
#5737=CARTESIAN_POINT('Ctrl Pts',(5.83162644686402,-4.03827822895857,156.384461518643));
#5738=CARTESIAN_POINT('Ctrl Pts',(5.83307216021024,-4.03964808376843,156.384459683775));
#5739=CARTESIAN_POINT('Ctrl Pts',(5.83449580506515,-4.04106097413494,156.384459430328));
#5740=CARTESIAN_POINT('Ctrl Pts',(5.83461660319744,-4.04118085973479,156.384459408823));
#5741=CARTESIAN_POINT('Ctrl Pts',(5.83473718602815,-4.04130098642748,156.384459398212));
#5742=CARTESIAN_POINT('Ctrl Pts',(5.83485755583796,-4.04142135623729,156.384459398212));
#5743=CARTESIAN_POINT('Origin',(5.83485755583796,-4.17071067811863,156.555170076331));
#5744=CARTESIAN_POINT('Origin',(5.83485755583796,-4.24142135623729,156.484459398212));
#5745=CARTESIAN_POINT('Origin',(-9.16514244416204,-5.4,157.643038041975));
#5746=CARTESIAN_POINT('',(-9.26514244416204,-5.4,157.643038041975));
#5747=CARTESIAN_POINT('',(-9.16514244416204,-5.32928932188134,157.713748720093));
#5748=CARTESIAN_POINT('Origin',(-9.16514244416204,-5.4,157.643038041975));
#5749=CARTESIAN_POINT('',(-9.16514244416204,-5.5,157.643038041975));
#5750=CARTESIAN_POINT('Origin',(-9.16514244416204,-5.4,157.643038041975));
#5751=CARTESIAN_POINT('Origin',(-9.16514244416204,-5.4,157.643038041975));
#5752=CARTESIAN_POINT('Origin',(-9.36514244416204,-5.4,156.484459398212));
#5753=CARTESIAN_POINT('',(-9.16514244416204,-5.5,156.484459398212));
#5754=CARTESIAN_POINT('',(-9.26514244416204,-5.4,156.484459398212));
#5755=CARTESIAN_POINT('Origin',(-9.16514244416204,-5.4,156.484459398212));
#5756=CARTESIAN_POINT('',(-9.36514244416204,-5.4,156.384459398212));
#5757=CARTESIAN_POINT('Origin',(-9.36514244416204,-5.4,156.484459398212));
#5758=CARTESIAN_POINT('',(-9.19193736340515,-5.5,156.384459398212));
#5759=CARTESIAN_POINT('Ctrl Pts',(-9.19193736340515,-5.5,156.384459398212));
#5760=CARTESIAN_POINT('Ctrl Pts',(-9.21742510559271,-5.5,156.384459398212));
#5761=CARTESIAN_POINT('Ctrl Pts',(-9.24666939684695,-5.49104280001022,156.384459398212));
#5762=CARTESIAN_POINT('Ctrl Pts',(-9.30362011694164,-5.46039127161887,156.384459398212));
#5763=CARTESIAN_POINT('Ctrl Pts',(-9.33743262195394,-5.4277098222081,156.384459398212));
#5764=CARTESIAN_POINT('Ctrl Pts',(-9.36514244416204,-5.4,156.384459398212));
#5765=CARTESIAN_POINT('Origin',(-9.36514244416204,-5.5,156.484459398212));
#5766=CARTESIAN_POINT('Origin',(-9.16514244416204,-5.4,154.884459398212));
#5767=CARTESIAN_POINT('',(-9.26514244416204,-5.4,154.884459398212));
#5768=CARTESIAN_POINT('',(-9.16514244416204,-5.5,154.884459398212));
#5769=CARTESIAN_POINT('Origin',(-3.64014244416204,-5.4,157.643038041975));
#5770=CARTESIAN_POINT('',(-3.64014244416204,-5.32928932188134,157.713748720093));
#5771=CARTESIAN_POINT('',(-3.64014244416204,-5.5,157.643038041975));
#5772=CARTESIAN_POINT('Origin',(-9.16514244416204,-4.07071067811865,156.313748720093));
#5773=CARTESIAN_POINT('',(-9.16514244416204,-4.17071067811865,156.555170076331));
#5774=CARTESIAN_POINT('',(-9.26514244416204,-4.24142135623731,156.484459398212));
#5775=CARTESIAN_POINT('Origin',(-9.16514244416204,-4.24142135623731,156.484459398212));
#5776=CARTESIAN_POINT('',(-9.26514244416204,-4.07071067811865,156.313748720093));
#5777=CARTESIAN_POINT('',(-9.16514244416204,-3.99999999999999,156.384459398212));
#5778=CARTESIAN_POINT('Ctrl Pts',(-9.16514244416204,-4.17071067811866,156.555170076331));
#5779=CARTESIAN_POINT('Ctrl Pts',(-9.16514244416204,-4.11835080055883,156.502810198771));
#5780=CARTESIAN_POINT('Ctrl Pts',(-9.2086049295465,-4.01417316350311,156.398632561715));
#5781=CARTESIAN_POINT('Ctrl Pts',(-9.31278256660221,-3.97071067811864,156.355170076331));
#5782=CARTESIAN_POINT('Ctrl Pts',(-9.36514244416204,-3.97071067811864,156.355170076331));
#5783=CARTESIAN_POINT('Ctrl Pts',(-9.19506237419623,-4.17071067811866,156.555170076331));
#5784=CARTESIAN_POINT('Ctrl Pts',(-9.1914598520394,-4.12238702381129,156.506640933658));
#5785=CARTESIAN_POINT('Ctrl Pts',(-9.22518524361234,-4.02327908831735,156.407614855259));
#5786=CARTESIAN_POINT('Ctrl Pts',(-9.31832284335223,-3.98128897082854,156.36574836904));
#5787=CARTESIAN_POINT('Ctrl Pts',(-9.36514244416204,-3.98128897082854,156.36574836904));
#5788=CARTESIAN_POINT('Ctrl Pts',(-9.2468424115396,-4.18847999430487,156.537400760144));
#5789=CARTESIAN_POINT('Ctrl Pts',(-9.23750528479598,-4.14234385275135,156.500197222933));
#5790=CARTESIAN_POINT('Ctrl Pts',(-9.25431997679066,-4.04547582209702,156.417029420978));
#5791=CARTESIAN_POINT('Ctrl Pts',(-9.32800703968266,-4.00401766263602,156.380017879444));
#5792=CARTESIAN_POINT('Ctrl Pts',(-9.36514244416204,-4.00401766263602,156.380017879444));
#5793=CARTESIAN_POINT('Ctrl Pts',(-9.26514244416205,-4.22555391717247,156.500326837277));
#5794=CARTESIAN_POINT('Ctrl Pts',(-9.2609491214547,-4.17504783286475,156.472314382847));
#5795=CARTESIAN_POINT('Ctrl Pts',(-9.27822566207504,-4.07305866678181,156.411440890814));
#5796=CARTESIAN_POINT('Ctrl Pts',(-9.33602640424085,-4.03020138247448,156.384459398212));
#5797=CARTESIAN_POINT('Ctrl Pts',(-9.36514244416204,-4.03020138247448,156.384459398212));
#5798=CARTESIAN_POINT('Ctrl Pts',(-9.26514244416204,-4.24142135623732,156.484459398212));
#5799=CARTESIAN_POINT('Ctrl Pts',(-9.26514244416204,-4.18906147867748,156.458279459432));
#5800=CARTESIAN_POINT('Ctrl Pts',(-9.28687368685427,-4.08488384162177,156.406190640904));
#5801=CARTESIAN_POINT('Ctrl Pts',(-9.33896250538212,-4.0414213562373,156.384459398212));
#5802=CARTESIAN_POINT('Ctrl Pts',(-9.36514244416204,-4.0414213562373,156.384459398212));
#5803=CARTESIAN_POINT('',(-9.26094136750604,-3.99999999999999,156.384459398212));
#5804=CARTESIAN_POINT('',(-9.36514244416204,-4.0414213562373,156.384459398212));
#5805=CARTESIAN_POINT('Ctrl Pts',(-9.36514244416204,-4.0414213562373,156.384459398212));
#5806=CARTESIAN_POINT('Ctrl Pts',(-9.36502207427909,-4.04130098635435,156.384459398212));
#5807=CARTESIAN_POINT('Ctrl Pts',(-9.36490149160135,-4.0411808598194,156.384459408828));
#5808=CARTESIAN_POINT('Ctrl Pts',(-9.36478069340731,-4.04106097417024,156.384459430344));
#5809=CARTESIAN_POINT('Ctrl Pts',(-9.36149952396684,-4.03780459164327,156.384460014773));
#5810=CARTESIAN_POINT('Ctrl Pts',(-9.35809190825952,-4.03476010292087,156.384469764279));
#5811=CARTESIAN_POINT('Ctrl Pts',(-9.35453470034795,-4.03189203239446,156.38448708897));
#5812=CARTESIAN_POINT('Ctrl Pts',(-9.35129402599308,-4.02927917342362,156.384502872047));
#5813=CARTESIAN_POINT('Ctrl Pts',(-9.34792972291935,-4.02681395816434,156.384524069112));
#5814=CARTESIAN_POINT('Ctrl Pts',(-9.34444204071091,-4.024502469235,156.384547198322));
#5815=CARTESIAN_POINT('Ctrl Pts',(-9.33999917129985,-4.02155792244305,156.384576662033));
#5816=CARTESIAN_POINT('Ctrl Pts',(-9.33539290455241,-4.01888820969053,156.384609944916));
#5817=CARTESIAN_POINT('Ctrl Pts',(-9.330644455976,-4.01647852142251,156.384633656924));
#5818=CARTESIAN_POINT('Ctrl Pts',(-9.32996345126046,-4.01613293295354,156.384637057611));
#5819=CARTESIAN_POINT('Ctrl Pts',(-9.32927951984187,-4.01579277808939,156.384640277446));
#5820=CARTESIAN_POINT('Ctrl Pts',(-9.3285927209536,-4.01545809282419,156.384643298439));
#5821=CARTESIAN_POINT('Ctrl Pts',(-9.32617179727993,-4.01427834793002,156.384653947252));
#5822=CARTESIAN_POINT('Ctrl Pts',(-9.32371524722113,-4.01316640367685,156.384662003113));
#5823=CARTESIAN_POINT('Ctrl Pts',(-9.32122587022132,-4.01212464091971,156.384669116604));
#5824=CARTESIAN_POINT('Ctrl Pts',(-9.31509893135668,-4.00956061918858,156.384686624571));
#5825=CARTESIAN_POINT('Ctrl Pts',(-9.30879565212857,-4.00742279140051,156.384695825241));
#5826=CARTESIAN_POINT('Ctrl Pts',(-9.3023762425514,-4.00569378680572,156.384697665587));
#5827=CARTESIAN_POINT('Ctrl Pts',(-9.29947186954103,-4.00491152260844,156.384698498226));
#5828=CARTESIAN_POINT('Ctrl Pts',(-9.29654336760299,-4.00421354728348,156.38469807836));
#5829=CARTESIAN_POINT('Ctrl Pts',(-9.29359453608691,-4.00360074846778,156.384698057545));
#5830=CARTESIAN_POINT('Ctrl Pts',(-9.28611580677076,-4.0020465883054,156.384698004754));
#5831=CARTESIAN_POINT('Ctrl Pts',(-9.2785267837152,-4.00103827979409,156.38469761597));
#5832=CARTESIAN_POINT('Ctrl Pts',(-9.27090814991188,-4.0005559642524,156.384693106308));
#5833=CARTESIAN_POINT('Ctrl Pts',(-9.26760926475938,-4.00034712056463,156.384691153615));
#5834=CARTESIAN_POINT('Ctrl Pts',(-9.26430428208399,-4.0002372643171,156.384688577337));
#5835=CARTESIAN_POINT('Ctrl Pts',(-9.26099735521437,-4.00022643076611,156.384685828978));
#5836=CARTESIAN_POINT('Origin',(-9.36514244416204,-4.2414213562373,156.484459398212));
#5837=CARTESIAN_POINT('Origin',(-9.36514244416204,-4.17071067811864,156.555170076331));
#5838=CARTESIAN_POINT('Origin',(-9.26514244416204,-5.5,154.884459398212));
#5839=CARTESIAN_POINT('',(-16.5151424441621,-5.5,156.384459398212));
#5840=CARTESIAN_POINT('Origin',(-9.26514244416204,-4.,154.884459398212));
#5841=CARTESIAN_POINT('',(-9.26514244416204,-6.24999999999999,156.484459398212));
#5842=CARTESIAN_POINT('Origin',(-9.36514244416204,-6.24999999999999,156.484459398212));
#5843=CARTESIAN_POINT('',(-9.36514244416204,-6.24999999999999,156.384459398212));
#5844=CARTESIAN_POINT('Origin',(5.83485755583796,-7.,156.484459398212));
#5845=CARTESIAN_POINT('',(5.83485755583796,-7.,156.384459398212));
#5846=CARTESIAN_POINT('',(5.73485755583796,-7.,156.484459398212));
#5847=CARTESIAN_POINT('Origin',(5.73485755583796,-5.5,154.884459398212));
#5848=CARTESIAN_POINT('Origin',(1.98485755583796,-4.75,157.134459398212));
#5849=CARTESIAN_POINT('',(-9.01514244416206,-4.,156.384459398212));
#5850=CARTESIAN_POINT('Origin',(20.2348575558379,-8.5,149.684459398212));
#5851=CARTESIAN_POINT('',(26.9348575558379,-8.5,149.684459398212));
#5852=CARTESIAN_POINT('',(20.2348575558379,-8.5,156.384459398212));
#5853=CARTESIAN_POINT('Origin',(20.2348575558379,-8.5,149.684459398212));
#5854=CARTESIAN_POINT('',(26.9348575558379,-3.5,149.684459398212));
#5855=CARTESIAN_POINT('',(26.9348575558379,-8.5,149.684459398212));
#5856=CARTESIAN_POINT('',(20.2348575558379,-3.5,156.384459398212));
#5857=CARTESIAN_POINT('Origin',(20.2348575558379,-3.5,149.684459398212));
#5858=CARTESIAN_POINT('',(20.2348575558379,-8.5,156.384459398212));
#5859=CARTESIAN_POINT('Origin',(-23.7651424441621,-8.5,156.384459398212));
#5860=CARTESIAN_POINT('',(-23.7651424441621,-8.5,156.384459398212));
#5861=CARTESIAN_POINT('',(-1.16249616715587,-8.5,156.384459398212));
#5862=CARTESIAN_POINT('',(-23.7651424441621,-3.5,156.384459398212));
#5863=CARTESIAN_POINT('',(-23.7651424441621,-3.5,156.384459398212));
#5864=CARTESIAN_POINT('',(-23.7651424441621,-8.5,156.384459398212));
#5865=CARTESIAN_POINT('Origin',(-23.7651424441621,-8.5,149.684459398212));
#5866=CARTESIAN_POINT('',(-30.4651424441621,-8.5,149.684459398212));
#5867=CARTESIAN_POINT('Origin',(-23.7651424441621,-8.5,149.684459398212));
#5868=CARTESIAN_POINT('',(-30.4651424441621,-3.5,149.684459398212));
#5869=CARTESIAN_POINT('Origin',(-23.7651424441621,-3.5,149.684459398212));
#5870=CARTESIAN_POINT('',(-30.4651424441621,-8.5,149.684459398212));
#5871=CARTESIAN_POINT('Origin',(-30.4651424441621,-8.5,68.0844593982119));
#5872=CARTESIAN_POINT('',(-30.4651424441621,-8.5,68.0844593982119));
#5873=CARTESIAN_POINT('',(-30.4651424441621,-8.5,75.1099443551881));
#5874=CARTESIAN_POINT('',(-30.4651424441621,-3.5,68.0844593982119));
#5875=CARTESIAN_POINT('',(-30.4651424441621,-3.5,68.0844593982119));
#5876=CARTESIAN_POINT('',(-30.4651424441621,-8.5,68.0844593982119));
#5877=CARTESIAN_POINT('Origin',(-28.9651424441621,-8.5,68.0844593982119));
#5878=CARTESIAN_POINT('',(-28.9651424441621,-8.5,68.0844593982119));
#5879=CARTESIAN_POINT('',(-3.76249616715589,-8.5,68.0844593982119));
#5880=CARTESIAN_POINT('',(-28.9651424441621,-3.5,68.0844593982119));
#5881=CARTESIAN_POINT('',(-28.9651424441621,-3.5,68.0844593982119));
#5882=CARTESIAN_POINT('',(-28.9651424441621,-8.5,68.0844593982119));
#5883=CARTESIAN_POINT('Origin',(-28.9651424441621,-8.5,149.684459398212));
#5884=CARTESIAN_POINT('',(-28.9651424441621,-8.5,149.684459398212));
#5885=CARTESIAN_POINT('',(-28.9651424441621,-8.5,115.909944355188));
#5886=CARTESIAN_POINT('',(-28.9651424441621,-3.5,149.684459398212));
#5887=CARTESIAN_POINT('',(-28.9651424441621,-3.5,149.684459398212));
#5888=CARTESIAN_POINT('',(-28.9651424441621,-8.5,149.684459398212));
#5889=CARTESIAN_POINT('Origin',(-23.7651424441621,-8.5,149.684459398212));
#5890=CARTESIAN_POINT('',(-23.7651424441621,-8.5,154.884459398212));
#5891=CARTESIAN_POINT('Origin',(-23.7651424441621,-8.5,149.684459398212));
#5892=CARTESIAN_POINT('',(-23.7651424441621,-3.5,154.884459398212));
#5893=CARTESIAN_POINT('Origin',(-23.7651424441621,-3.5,149.684459398212));
#5894=CARTESIAN_POINT('',(-23.7651424441621,-8.5,154.884459398212));
#5895=CARTESIAN_POINT('Origin',(20.2348575558379,-8.5,154.884459398212));
#5896=CARTESIAN_POINT('',(20.2348575558379,-8.5,154.884459398212));
#5897=CARTESIAN_POINT('',(20.8375038328441,-8.5,154.884459398212));
#5898=CARTESIAN_POINT('',(20.2348575558379,-3.5,154.884459398212));
#5899=CARTESIAN_POINT('',(20.2348575558379,-3.5,154.884459398212));
#5900=CARTESIAN_POINT('',(20.2348575558379,-8.5,154.884459398212));
#5901=CARTESIAN_POINT('Origin',(20.2348575558379,-8.5,149.684459398212));
#5902=CARTESIAN_POINT('',(25.4348575558379,-8.5,149.684459398212));
#5903=CARTESIAN_POINT('Origin',(20.2348575558379,-8.5,149.684459398212));
#5904=CARTESIAN_POINT('',(25.4348575558379,-3.5,149.684459398212));
#5905=CARTESIAN_POINT('Origin',(20.2348575558379,-3.5,149.684459398212));
#5906=CARTESIAN_POINT('',(25.4348575558379,-8.5,149.684459398212));
#5907=CARTESIAN_POINT('Origin',(25.4348575558379,-8.5,67.678342334267));
#5908=CARTESIAN_POINT('',(25.4348575558379,-8.5,67.678342334267));
#5909=CARTESIAN_POINT('',(25.4348575558379,-8.5,74.9068858232156));
#5910=CARTESIAN_POINT('',(25.4348575558379,-3.5,67.678342334267));
#5911=CARTESIAN_POINT('',(25.4348575558379,-3.5,67.678342334267));
#5912=CARTESIAN_POINT('',(25.4348575558379,-8.5,67.678342334267));
#5913=CARTESIAN_POINT('Origin',(1.77635683940025E-14,-8.5,1.77635683940025E-14));
#5914=CARTESIAN_POINT('',(71.8902584981912,-8.5,7.6863992261166));
#5915=CARTESIAN_POINT('Origin',(1.77635683940025E-14,-8.5,1.77635683940025E-14));
#5916=CARTESIAN_POINT('',(71.8902584981912,-3.5,7.6863992261166));
#5917=CARTESIAN_POINT('Origin',(1.77635683940025E-14,-3.5,1.77635683940025E-14));
#5918=CARTESIAN_POINT('',(71.8902584981912,-8.5,7.6863992261166));
#5919=CARTESIAN_POINT('Origin',(73.398632595824,-8.5,7.68639922611664));
#5920=CARTESIAN_POINT('',(73.398632595824,-8.5,7.68639922611664));
#5921=CARTESIAN_POINT('',(47.419391352838,-8.5,7.68639922611603));
#5922=CARTESIAN_POINT('',(73.398632595824,-3.5,7.68639922611664));
#5923=CARTESIAN_POINT('',(73.398632595824,-3.5,7.68639922611664));
#5924=CARTESIAN_POINT('',(73.398632595824,-8.5,7.68639922611664));
#5925=CARTESIAN_POINT('Origin',(1.77635683940025E-14,-8.5,1.77635683940025E-14));
#5926=CARTESIAN_POINT('',(26.934857555838,-8.5,68.7091947882285));
#5927=CARTESIAN_POINT('Origin',(1.77635683940025E-14,-8.5,1.77635683940025E-14));
#5928=CARTESIAN_POINT('',(26.934857555838,-3.5,68.7091947882285));
#5929=CARTESIAN_POINT('Origin',(1.77635683940025E-14,-3.5,1.77635683940025E-14));
#5930=CARTESIAN_POINT('',(26.934857555838,-8.5,68.7091947882285));
#5931=CARTESIAN_POINT('Origin',(26.9348575558379,-8.5,149.684459398212));
#5932=CARTESIAN_POINT('',(26.934857555838,-8.5,115.909944355188));
#5933=CARTESIAN_POINT('',(26.9348575558379,-3.5,149.684459398212));
#5934=CARTESIAN_POINT('Origin',(21.466745075831,-3.5,82.0354293121643));
#5935=CARTESIAN_POINT('Origin',(-23.9651424441621,-8.5,149.884459398212));
#5936=CARTESIAN_POINT('',(-32.1651424441621,-10.,149.884459398212));
#5937=CARTESIAN_POINT('',(-23.9651424441621,-10.,158.084459398212));
#5938=CARTESIAN_POINT('Origin',(-23.9651424441621,-10.,149.884459398212));
#5939=CARTESIAN_POINT('',(-23.9651424441621,-8.5,158.084459398212));
#5940=CARTESIAN_POINT('',(-23.9651424441621,-8.5,158.084459398212));
#5941=CARTESIAN_POINT('',(-32.1651424441621,-8.5,149.884459398212));
#5942=CARTESIAN_POINT('Origin',(-23.9651424441621,-8.5,149.884459398212));
#5943=CARTESIAN_POINT('',(-32.1651424441621,-8.5,149.884459398212));
#5944=CARTESIAN_POINT('Origin',(28.6348575558379,-8.5,158.084459398212));
#5945=CARTESIAN_POINT('',(20.4348575558379,-10.,158.084459398212));
#5946=CARTESIAN_POINT('',(25.0375038328441,-10.,158.084459398212));
#5947=CARTESIAN_POINT('',(20.4348575558379,-8.5,158.084459398212));
#5948=CARTESIAN_POINT('',(20.4348575558379,-8.5,158.084459398212));
#5949=CARTESIAN_POINT('',(28.6348575558379,-8.5,158.084459398212));
#5950=CARTESIAN_POINT('Origin',(20.8134935197632,-10.,36.3802987189933));
#5951=CARTESIAN_POINT('',(-32.1651424441621,-10.,68.0844593982119));
#5952=CARTESIAN_POINT('',(-32.1651424441621,-10.,120.109944355188));
#5953=CARTESIAN_POINT('',(-33.5276783714311,-10.,67.4239184786962));
#5954=CARTESIAN_POINT('Origin',(0.,-10.,0.));
#5955=CARTESIAN_POINT('',(75.1546654109575,-10.,4.67613803977474));
#5956=CARTESIAN_POINT('Origin',(84.2267532727297,-10.,145.885016024936));
#5957=CARTESIAN_POINT('',(28.634857555838,-10.,69.6429101399193));
#5958=CARTESIAN_POINT('Origin',(0.,-10.,0.));
#5959=CARTESIAN_POINT('',(28.6348575558379,-10.,149.884459398212));
#5960=CARTESIAN_POINT('',(28.6348575558379,-10.,75.8891697260418));
#5961=CARTESIAN_POINT('Origin',(20.4348575558379,-10.,149.884459398212));
#5962=CARTESIAN_POINT('',(20.3346940959987,-10.,61.5545005651266));
#5963=CARTESIAN_POINT('Origin',(26.5846940959987,-10.,61.5545005651266));
#5964=CARTESIAN_POINT('',(-8.01514244416206,-10.,133.084459398212));
#5965=CARTESIAN_POINT('Origin',(-1.76514244416206,-10.,133.084459398212));
#5966=CARTESIAN_POINT('Origin',(20.4348575558379,-8.5,149.884459398212));
#5967=CARTESIAN_POINT('',(28.6348575558379,-8.5,149.884459398212));
#5968=CARTESIAN_POINT('',(28.6348575558379,-8.5,149.884459398212));
#5969=CARTESIAN_POINT('Origin',(20.4348575558379,-8.5,149.884459398212));
#5970=CARTESIAN_POINT('Origin',(28.634857555838,-8.5,69.6429101399193));
#5971=CARTESIAN_POINT('',(28.634857555838,-8.5,69.6429101399193));
#5972=CARTESIAN_POINT('',(28.634857555838,-8.5,69.6429101399193));
#5973=CARTESIAN_POINT('',(28.634857555838,-8.5,69.6429101399193));
#5974=CARTESIAN_POINT('Origin',(-1.76514244416206,-11.,133.084459398212));
#5975=CARTESIAN_POINT('',(3.48485755583794,-11.,133.084459398212));
#5976=CARTESIAN_POINT('Origin',(-1.76514244416206,-11.,133.084459398212));
#5977=CARTESIAN_POINT('Origin',(-1.76514244416206,-10.,133.084459398212));
#5978=CARTESIAN_POINT('',(3.48485755583794,-12.,133.084459398212));
#5979=CARTESIAN_POINT('Origin',(-1.76514244416206,-12.,133.084459398212));
#5980=CARTESIAN_POINT('',(3.48485755583794,-10.,133.084459398212));
#5981=CARTESIAN_POINT('Origin',(-1.76514244416206,-10.,133.084459398212));
#5982=CARTESIAN_POINT('',(-8.01514244416206,-12.,133.084459398212));
#5983=CARTESIAN_POINT('Origin',(-1.76514244416206,-12.,133.084459398212));
#5984=CARTESIAN_POINT('',(-8.01514244416206,-10.,133.084459398212));
#5985=CARTESIAN_POINT('Origin',(-1.76514244416206,-12.,133.084459398212));
#5986=CARTESIAN_POINT('Origin',(26.5846940959987,-12.,61.5545005651266));
#5987=CARTESIAN_POINT('',(21.3346940959987,-12.,61.5545005651266));
#5988=CARTESIAN_POINT('Origin',(26.5846940959987,-12.,61.5545005651266));
#5989=CARTESIAN_POINT('',(21.3346940959987,-11.,61.5545005651266));
#5990=CARTESIAN_POINT('',(21.3346940959987,-12.,61.5545005651266));
#5991=CARTESIAN_POINT('Origin',(26.5846940959987,-11.,61.5545005651266));
#5992=CARTESIAN_POINT('Origin',(26.5846940959987,-11.,61.5545005651266));
#5993=CARTESIAN_POINT('Origin',(26.5846940959987,-10.,61.5545005651266));
#5994=CARTESIAN_POINT('',(20.3346940959987,-12.,61.5545005651266));
#5995=CARTESIAN_POINT('Origin',(26.5846940959987,-12.,61.5545005651266));
#5996=CARTESIAN_POINT('',(20.3346940959987,-10.,61.5545005651266));
#5997=CARTESIAN_POINT('Origin',(26.5846940959987,-12.,61.5545005651266));
#5998=CARTESIAN_POINT('Origin',(-57.6882969583324,-11.,-34.1725459111149));
#5999=CARTESIAN_POINT('',(-52.4382969583324,-12.,-34.1725459111149));
#6000=CARTESIAN_POINT('Origin',(-57.6882969583324,-12.,-34.1725459111149));
#6001=CARTESIAN_POINT('',(-52.4382969583324,-11.,-34.1725459111149));
#6002=CARTESIAN_POINT('',(-52.4382969583324,-11.,-34.1725459111149));
#6003=CARTESIAN_POINT('Origin',(-57.6882969583324,-11.,-34.1725459111149));
#6004=CARTESIAN_POINT('Origin',(-57.6882969583324,-12.,-34.1725459111149));
#6005=CARTESIAN_POINT('',(-63.9382969583324,-12.,-34.1725459111149));
#6006=CARTESIAN_POINT('Origin',(-57.6882969583324,-12.,-34.1725459111149));
#6007=CARTESIAN_POINT('Origin',(14.6733583304878,-11.,-65.4247281637846));
#6008=CARTESIAN_POINT('',(19.9233583304878,-12.,-65.4247281637846));
#6009=CARTESIAN_POINT('Origin',(14.6733583304878,-12.,-65.4247281637846));
#6010=CARTESIAN_POINT('',(19.9233583304878,-11.,-65.4247281637846));
#6011=CARTESIAN_POINT('',(19.9233583304878,-11.,-65.4247281637846));
#6012=CARTESIAN_POINT('Origin',(14.6733583304878,-11.,-65.4247281637846));
#6013=CARTESIAN_POINT('Origin',(14.6733583304878,-12.,-65.4247281637846));
#6014=CARTESIAN_POINT('',(8.42335833048784,-12.,-65.4247281637846));
#6015=CARTESIAN_POINT('Origin',(14.6733583304878,-12.,-65.4247281637846));
#6016=CARTESIAN_POINT('Origin',(-50.3266866038345,-11.,44.3049333085993));
#6017=CARTESIAN_POINT('',(-45.0766866038345,-12.,44.3049333085993));
#6018=CARTESIAN_POINT('Origin',(-50.3266866038345,-12.,44.3049333085993));
#6019=CARTESIAN_POINT('',(-45.0766866038345,-11.,44.3049333085993));
#6020=CARTESIAN_POINT('',(-45.0766866038345,-11.,44.3049333085993));
#6021=CARTESIAN_POINT('Origin',(-50.3266866038345,-11.,44.3049333085993));
#6022=CARTESIAN_POINT('Origin',(-50.3266866038345,-12.,44.3049333085993));
#6023=CARTESIAN_POINT('',(-56.5766866038345,-12.,44.3049333085993));
#6024=CARTESIAN_POINT('Origin',(-50.3266866038345,-12.,44.3049333085993));
#6025=CARTESIAN_POINT('Origin',(66.7569311356803,-11.,-6.26215979882645));
#6026=CARTESIAN_POINT('',(72.0069311356803,-12.,-6.26215979882645));
#6027=CARTESIAN_POINT('Origin',(66.7569311356803,-12.,-6.26215979882645));
#6028=CARTESIAN_POINT('',(72.0069311356803,-11.,-6.26215979882645));
#6029=CARTESIAN_POINT('',(72.0069311356803,-11.,-6.26215979882645));
#6030=CARTESIAN_POINT('Origin',(66.7569311356803,-11.,-6.26215979882645));
#6031=CARTESIAN_POINT('Origin',(66.7569311356803,-12.,-6.26215979882645));
#6032=CARTESIAN_POINT('',(60.5069311356803,-12.,-6.26215979882645));
#6033=CARTESIAN_POINT('Origin',(66.7569311356803,-12.,-6.26215979882645));
#6034=CARTESIAN_POINT('Origin',(-57.6882969583324,0.,-34.1725459111149));
#6035=CARTESIAN_POINT('',(-63.9382969583324,0.,-34.1725459111149));
#6036=CARTESIAN_POINT('Origin',(-57.6882969583324,-11.,-34.1725459111149));
#6037=CARTESIAN_POINT('Origin',(14.6733583304878,0.,-65.4247281637846));
#6038=CARTESIAN_POINT('',(8.42335833048784,0.,-65.4247281637846));
#6039=CARTESIAN_POINT('Origin',(14.6733583304878,-11.,-65.4247281637846));
#6040=CARTESIAN_POINT('Origin',(-50.3266866038345,0.,44.3049333085993));
#6041=CARTESIAN_POINT('',(-56.5766866038345,0.,44.3049333085993));
#6042=CARTESIAN_POINT('Origin',(-50.3266866038345,-11.,44.3049333085993));
#6043=CARTESIAN_POINT('Origin',(66.7569311356803,0.,-6.26215979882645));
#6044=CARTESIAN_POINT('',(60.5069311356803,0.,-6.26215979882645));
#6045=CARTESIAN_POINT('Origin',(66.7569311356803,-11.,-6.26215979882645));
#6046=CARTESIAN_POINT('Origin',(-32.1651424441621,-8.5,158.084459398212));
#6047=CARTESIAN_POINT('',(-32.1651424441621,-8.5,158.084459398212));
#6048=CARTESIAN_POINT('',(-32.165142444162,1.5,68.0844593982119));
#6049=CARTESIAN_POINT('Origin',(21.4401501098503,-8.5,82.1354293121643));
#6050=CARTESIAN_POINT('Origin',(1.77635683940025E-14,-8.5,1.99840144432528E-14));
#6051=CARTESIAN_POINT('Origin',(84.2267532727297,0.,145.885016024936));
#6052=CARTESIAN_POINT('',(75.1546654109575,0.,4.67613803977474));
#6053=CARTESIAN_POINT('',(-33.5276783714311,0.,67.4239184786962));
#6054=CARTESIAN_POINT('Origin',(0.,0.,0.));
#6055=CARTESIAN_POINT('Origin',(-36.9504172281361,0.,-64.));
#6056=CARTESIAN_POINT('',(-38.2004172281361,0.,-64.));
#6057=CARTESIAN_POINT('Origin',(73.9008344562721,0.,-5.23192600354605E-14));
#6058=CARTESIAN_POINT('',(72.6508344562721,0.,-5.21661791855671E-14));
#6059=CARTESIAN_POINT('Origin',(-36.950417228136,0.,64.));
#6060=CARTESIAN_POINT('',(-38.200417228136,0.,64.));
#6061=CARTESIAN_POINT('Origin',(66.7569311356803,0.,-6.26215979882645));
#6062=CARTESIAN_POINT('Origin',(73.9008344562721,0.,-5.23192600354605E-14));
#6063=CARTESIAN_POINT('Origin',(26.5846940959987,0.,61.5545005651266));
#6064=CARTESIAN_POINT('Origin',(-50.3266866038345,0.,44.3049333085993));
#6065=CARTESIAN_POINT('Origin',(-57.6882969583324,0.,-34.1725459111149));
#6066=CARTESIAN_POINT('Origin',(14.6733583304878,0.,-65.4247281637846));
#6067=CARTESIAN_POINT('',(0.,0.,0.));
#6068=CARTESIAN_POINT('',(0.,0.,0.));
#6069=CARTESIAN_POINT('polyline point',(-23.765142444162,-8.5,154.884459398212));
#6070=CARTESIAN_POINT('polyline point',(20.234857555838,-8.5,154.884459398212));
#6071=CARTESIAN_POINT('polyline point',(25.434857555838,-8.5,149.684459398212));
#6072=CARTESIAN_POINT('polyline point',(25.434857555838,-8.5,105.684459398212));
#6073=CARTESIAN_POINT('polyline point',(20.234857555838,-8.5,100.484459398212));
#6074=CARTESIAN_POINT('polyline point',(-23.7651424441621,-8.5,100.484459398212));
#6075=CARTESIAN_POINT('polyline point',(-28.9651424441621,-8.5,105.684459398212));
#6076=CARTESIAN_POINT('polyline point',(-28.9651424441621,-8.5,149.684459398212));
#6077=CARTESIAN_POINT('polyline point',(-32.1651424441621,-8.5,158.084459398212));
#6078=CARTESIAN_POINT('polyline point',(-32.1651424441621,-8.5,68.0844593982119));
#6079=CARTESIAN_POINT('polyline point',(-32.1651424441621,-8.5,158.084459398212));
#6080=CARTESIAN_POINT('polyline point',(28.6348575558379,-8.5,158.084459398212));
#6081=CARTESIAN_POINT('Origin',(-23.7651424441621,-8.5,149.684459398212));
#6082=CARTESIAN_POINT('',(-28.9651424441621,-8.5,149.684459398212));
#6083=CARTESIAN_POINT('',(-23.7651424441621,-8.5,154.884459398212));
#6084=CARTESIAN_POINT('Origin',(20.234857555838,-8.5,149.684459398212));
#6085=CARTESIAN_POINT('',(20.234857555838,-8.5,154.884459398212));
#6086=CARTESIAN_POINT('',(25.434857555838,-8.5,149.684459398212));
#6087=CARTESIAN_POINT('Origin',(20.234857555838,-8.5,105.684459398212));
#6088=CARTESIAN_POINT('',(25.434857555838,-8.5,105.684459398212));
#6089=CARTESIAN_POINT('',(20.234857555838,-8.5,100.484459398212));
#6090=CARTESIAN_POINT('Origin',(-23.7651424441621,-8.5,105.684459398212));
#6091=CARTESIAN_POINT('',(-23.7651424441621,-8.5,100.484459398212));
#6092=CARTESIAN_POINT('',(-28.9651424441621,-8.5,105.684459398212));
#6093=CARTESIAN_POINT('polyline point',(28.634857555838,-8.5,69.6429101399193));
#6094=CARTESIAN_POINT('polyline point',(28.6348575558379,-8.5,158.084459398212));
#6095=CARTESIAN_POINT('',(0.,-8.5,0.));
#6096=UNCERTAINTY_MEASURE_WITH_UNIT(LENGTH_MEASURE(0.01),#6100,
'DISTANCE_ACCURACY_VALUE',
'Maximum model space distance between geometric entities at asserted c
onnectivities');
#6097=UNCERTAINTY_MEASURE_WITH_UNIT(LENGTH_MEASURE(0.01),#6100,
'DISTANCE_ACCURACY_VALUE',
'Maximum model space distance between geometric entities at asserted c
onnectivities');
#6098=(
GEOMETRIC_REPRESENTATION_CONTEXT(3)
GLOBAL_UNCERTAINTY_ASSIGNED_CONTEXT((#6096))
GLOBAL_UNIT_ASSIGNED_CONTEXT((#6100,#6102,#6103))
REPRESENTATION_CONTEXT('','3D')
);
#6099=(
GEOMETRIC_REPRESENTATION_CONTEXT(3)
GLOBAL_UNCERTAINTY_ASSIGNED_CONTEXT((#6097))
GLOBAL_UNIT_ASSIGNED_CONTEXT((#6100,#6102,#6103))
REPRESENTATION_CONTEXT('','3D')
);
#6100=(
LENGTH_UNIT()
NAMED_UNIT(*)
SI_UNIT(.MILLI.,.METRE.)
);
#6101=(
LENGTH_UNIT()
NAMED_UNIT(*)
SI_UNIT(.CENTI.,.METRE.)
);
#6102=(
NAMED_UNIT(*)
PLANE_ANGLE_UNIT()
SI_UNIT($,.RADIAN.)
);
#6103=(
NAMED_UNIT(*)
SI_UNIT($,.STERADIAN.)
SOLID_ANGLE_UNIT()
);
#6104=SHAPE_DEFINITION_REPRESENTATION(#6105,#6106);
#6105=PRODUCT_DEFINITION_SHAPE('',$,#6108);
#6106=SHAPE_REPRESENTATION('',(#3282),#6098);
#6107=PRODUCT_DEFINITION_CONTEXT('part definition',#6112,'design');
#6108=PRODUCT_DEFINITION('bottom_replacement_housing_bottom',
'bottom_replacement_housing_bottom',#6109,#6107);
#6109=PRODUCT_DEFINITION_FORMATION('',$,#6114);
#6110=PRODUCT_RELATED_PRODUCT_CATEGORY(
'bottom_replacement_housing_bottom','bottom_replacement_housing_bottom',
(#6114));
#6111=APPLICATION_PROTOCOL_DEFINITION('international standard',
'automotive_design',2009,#6112);
#6112=APPLICATION_CONTEXT(
'Core Data for Automotive Mechanical Design Process');
#6113=PRODUCT_CONTEXT('part definition',#6112,'mechanical');
#6114=PRODUCT('bottom_replacement_housing_bottom',
'bottom_replacement_housing_bottom',$,(#6113));
#6115=PRESENTATION_STYLE_ASSIGNMENT((#6119));
#6116=PRESENTATION_STYLE_ASSIGNMENT((#6120));
#6117=PRESENTATION_STYLE_ASSIGNMENT((#6121));
#6118=PRESENTATION_STYLE_ASSIGNMENT((#6122));
#6119=SURFACE_STYLE_USAGE(.BOTH.,#6129);
#6120=SURFACE_STYLE_USAGE(.BOTH.,#6130);
#6121=SURFACE_STYLE_USAGE(.BOTH.,#6131);
#6122=SURFACE_STYLE_USAGE(.BOTH.,#6132);
#6123=SURFACE_STYLE_RENDERING_WITH_PROPERTIES($,#6145,(#6126));
#6124=SURFACE_STYLE_RENDERING_WITH_PROPERTIES($,#6146,(#6127));
#6125=SURFACE_STYLE_RENDERING_WITH_PROPERTIES($,#6147,(#6128));
#6126=SURFACE_STYLE_TRANSPARENT(0.);
#6127=SURFACE_STYLE_TRANSPARENT(0.);
#6128=SURFACE_STYLE_TRANSPARENT(0.);
#6129=SURFACE_SIDE_STYLE('',(#6133,#6123));
#6130=SURFACE_SIDE_STYLE('',(#6134,#6124));
#6131=SURFACE_SIDE_STYLE('',(#6135,#6125));
#6132=SURFACE_SIDE_STYLE('',(#6136));
#6133=SURFACE_STYLE_FILL_AREA(#6137);
#6134=SURFACE_STYLE_FILL_AREA(#6138);
#6135=SURFACE_STYLE_FILL_AREA(#6139);
#6136=SURFACE_STYLE_FILL_AREA(#6140);
#6137=FILL_AREA_STYLE('',(#6141));
#6138=FILL_AREA_STYLE('',(#6142));
#6139=FILL_AREA_STYLE('',(#6143));
#6140=FILL_AREA_STYLE('',(#6144));
#6141=FILL_AREA_STYLE_COLOUR('',#6145);
#6142=FILL_AREA_STYLE_COLOUR('',#6146);
#6143=FILL_AREA_STYLE_COLOUR('',#6147);
#6144=FILL_AREA_STYLE_COLOUR('',#6148);
#6145=COLOUR_RGB('',0.698039215686274,0.,0.);
#6146=COLOUR_RGB('',0.250980392156863,0.250980392156863,0.250980392156863);
#6147=COLOUR_RGB('',0.313725490196078,0.313725490196078,0.313725490196078);
#6148=COLOUR_RGB('',0.913725490196078,0.913725490196078,0.);
ENDSEC;
END-ISO-10303-21;
