ISO-10303-21;
HEADER;
/* Generated by software containing ST-Developer
 * from STEP Tools, Inc. (www.steptools.com) 
 */

FILE_DESCRIPTION(
/* description */ (''),
/* implementation_level */ '2;1');

FILE_NAME(
/* name */ 'm2m_bottom.stp',
/* time_stamp */ '2026-04-07T10:57:47+02:00',
/* author */ ('Paul Juschitz'),
/* organization */ (''),
/* preprocessor_version */ 'ST-DEVELOPER v20.1',
/* originating_system */ 'Autodesk Inventor 2026',
/* authorisation */ '');

FILE_SCHEMA (('AUTOMOTIVE_DESIGN { 1 0 10303 214 3 1 1 }'));
ENDSEC;

DATA;
#10=MECHANICAL_DESIGN_GEOMETRIC_PRESENTATION_REPRESENTATION('',(#16,#17,
#18,#19,#20,#21,#22,#23),#1655);
#11=GEOMETRICALLY_BOUNDED_WIREFRAME_SHAPE_REPRESENTATION('',(#12),#1654);
#12=GEOMETRIC_CURVE_SET('Sketch5',(#231,#232,#233,#234,#235,#236,#237,#1651));
#13=SHAPE_REPRESENTATION_RELATIONSHIP('SRR','None',#1662,#15);
#14=SHAPE_REPRESENTATION_RELATIONSHIP('SRR','None',#1662,#11);
#15=ADVANCED_BREP_SHAPE_REPRESENTATION('',(#24),#1654);
#16=STYLED_ITEM('',(#1671),#24);
#17=STYLED_ITEM('',(#1673),#231);
#18=STYLED_ITEM('',(#1672),#232);
#19=STYLED_ITEM('',(#1672),#233);
#20=STYLED_ITEM('',(#1673),#234);
#21=STYLED_ITEM('',(#1673),#235);
#22=STYLED_ITEM('',(#1673),#236);
#23=STYLED_ITEM('',(#1673),#237);
#24=MANIFOLD_SOLID_BREP('Solid1',#598);
#25=LINE('',#1581,#34);
#26=LINE('',#1592,#35);
#27=LINE('',#1603,#36);
#28=LINE('',#1614,#37);
#29=LINE('',#1625,#38);
#30=LINE('',#1630,#39);
#31=LINE('',#1634,#40);
#32=LINE('',#1638,#41);
#33=LINE('',#1641,#42);
#34=VECTOR('',#833,7.15);
#35=VECTOR('',#848,7.15);
#36=VECTOR('',#863,7.15);
#37=VECTOR('',#878,7.15);
#38=VECTOR('',#893,7.15);
#39=VECTOR('',#900,1.);
#40=VECTOR('',#905,1.);
#41=VECTOR('',#910,1.);
#42=VECTOR('',#913,75.75);
#43=CYLINDRICAL_SURFACE('',#675,7.15);
#44=CYLINDRICAL_SURFACE('',#682,7.15);
#45=CYLINDRICAL_SURFACE('',#689,7.15);
#46=CYLINDRICAL_SURFACE('',#696,7.15);
#47=CYLINDRICAL_SURFACE('',#703,7.15);
#48=CYLINDRICAL_SURFACE('',#705,1.);
#49=CYLINDRICAL_SURFACE('',#707,1.);
#50=CYLINDRICAL_SURFACE('',#709,1.);
#51=CYLINDRICAL_SURFACE('',#711,75.75);
#52=FACE_BOUND('',#126,.T.);
#53=FACE_BOUND('',#127,.T.);
#54=FACE_BOUND('',#128,.T.);
#55=FACE_BOUND('',#161,.T.);
#56=FACE_BOUND('',#162,.T.);
#57=FACE_BOUND('',#163,.T.);
#58=PLANE('',#629);
#59=PLANE('',#676);
#60=PLANE('',#683);
#61=PLANE('',#690);
#62=PLANE('',#697);
#63=PLANE('',#704);
#64=PLANE('',#713);
#65=B_SPLINE_CURVE_WITH_KNOTS('',3,(#986,#987,#988,#989,#990,#991,#992,
#993),.UNSPECIFIED.,.F.,.F.,(4,2,1,1,4),(-2.14210923728838,-2.14057260247563,
-1.86675958045264,-1.72985306944115,-1.45604004741816),.UNSPECIFIED.);
#66=B_SPLINE_CURVE_WITH_KNOTS('',3,(#1034,#1035,#1036,#1037,#1038,#1039,
#1040,#1041),.UNSPECIFIED.,.F.,.F.,(4,1,1,2,4),(-0.684539300375108,-0.410723580225065,
-0.273815720150043,0.,0.00153030315624475),.UNSPECIFIED.);
#67=B_SPLINE_CURVE_WITH_KNOTS('',3,(#1119,#1120,#1121,#1122,#1123,#1124,
#1125,#1126),.UNSPECIFIED.,.F.,.F.,(4,2,1,1,4),(-2.14212432081677,-2.14060610731957,
-1.86678523780861,-1.72987480305313,-1.45605393354218),.UNSPECIFIED.);
#68=B_SPLINE_CURVE_WITH_KNOTS('',3,(#1167,#1168,#1169,#1170,#1171,#1172,
#1173,#1174),.UNSPECIFIED.,.F.,.F.,(4,1,1,2,4),(-0.684536595274901,-0.41072195716494,
-0.27381463810996,0.,0.00153284260980495),.UNSPECIFIED.);
#69=B_SPLINE_CURVE_WITH_KNOTS('',3,(#1226,#1227,#1228,#1229,#1230,#1231,
#1232,#1233),.UNSPECIFIED.,.F.,.F.,(4,2,1,1,4),(-2.14211212326661,-2.14057897792206,
-1.86676446881422,-1.7298572142603,-1.45604270515247),.UNSPECIFIED.);
#70=B_SPLINE_CURVE_WITH_KNOTS('',3,(#1294,#1295,#1296,#1297,#1298,#1299,
#1300,#1301,#1302,#1303,#1304,#1305),.UNSPECIFIED.,.F.,.F.,(4,1,1,1,1,1,
1,2,4),(-0.684532555057795,-0.547626044046236,-0.410719533034677,-0.273813022023118,
-0.205359766517339,-0.136906511011559,-0.0684532555057795,0.,0.00153663481241672),
 .UNSPECIFIED.);
#71=B_SPLINE_CURVE_WITH_KNOTS('',3,(#1357,#1358,#1359,#1360,#1361,#1362,
#1363,#1364),.UNSPECIFIED.,.F.,.F.,(4,2,1,1,4),(-2.14211494243097,-2.14058522145174,
-1.86676925326072,-1.72986126916521,-1.4560453009742),.UNSPECIFIED.);
#72=B_SPLINE_CURVE_WITH_KNOTS('',3,(#1425,#1426,#1427,#1428,#1429,#1430,
#1431,#1432,#1433,#1434,#1435,#1436),.UNSPECIFIED.,.F.,.F.,(4,1,1,1,1,1,
1,2,4),(-0.684532129171879,-0.547625703337503,-0.410719277503127,-0.273812851668751,
-0.205359638751564,-0.136906425834376,-0.0684532129171879,0.,0.0015370345122045),
 .UNSPECIFIED.);
#73=B_SPLINE_CURVE_WITH_KNOTS('',3,(#1487,#1488,#1489,#1490,#1491,#1492,
#1493),.UNSPECIFIED.,.F.,.F.,(4,2,1,4),(-2.14211237301639,-2.14057953040651,
-1.86676489229657,-1.83167529747685),.UNSPECIFIED.);
#74=B_SPLINE_CURVE_WITH_KNOTS('',3,(#1494,#1495,#1496,#1497,#1498),
 .UNSPECIFIED.,.F.,.F.,(4,1,4),(-1.83167529747685,-1.72985757324161,-1.45604293513167),
 .UNSPECIFIED.);
#75=B_SPLINE_CURVE_WITH_KNOTS('',3,(#1559,#1560,#1561,#1562,#1563,#1564,
#1565,#1566,#1567,#1568,#1569,#1570),.UNSPECIFIED.,.F.,.F.,(4,1,1,1,1,1,
1,2,4),(-0.684537868227727,-0.547630294582182,-0.410722720936636,-0.273815147291091,
-0.205361360468318,-0.136907573645546,-0.0684537868227728,0.,0.00153164764723557),
 .UNSPECIFIED.);
#76=B_SPLINE_SURFACE_WITH_KNOTS('',3,3,((#944,#945,#946,#947,#948,#949,
#950,#951),(#952,#953,#954,#955,#956,#957,#958,#959),(#960,#961,#962,#963,
#964,#965,#966,#967),(#968,#969,#970,#971,#972,#973,#974,#975),(#976,#977,
#978,#979,#980,#981,#982,#983)),.UNSPECIFIED.,.F.,.F.,.F.,(4,1,4),(4,2,
1,1,4),(0.,0.571428571428571,1.),(-2.14210923728838,-2.14057260247563,-1.86675958045264,
-1.72985306944115,-1.45604004741816),.UNSPECIFIED.);
#77=B_SPLINE_SURFACE_WITH_KNOTS('',3,3,((#994,#995,#996,#997,#998,#999,
#1000,#1001),(#1002,#1003,#1004,#1005,#1006,#1007,#1008,#1009),(#1010,#1011,
#1012,#1013,#1014,#1015,#1016,#1017),(#1018,#1019,#1020,#1021,#1022,#1023,
#1024,#1025),(#1026,#1027,#1028,#1029,#1030,#1031,#1032,#1033)),
 .UNSPECIFIED.,.F.,.F.,.F.,(4,1,4),(4,1,1,2,4),(0.,0.571428571428571,1.),
(-0.684539300375108,-0.410723580225065,-0.273815720150043,0.,0.00153030315624475),
 .UNSPECIFIED.);
#78=B_SPLINE_SURFACE_WITH_KNOTS('',3,3,((#1077,#1078,#1079,#1080,#1081,
#1082,#1083,#1084),(#1085,#1086,#1087,#1088,#1089,#1090,#1091,#1092),(#1093,
#1094,#1095,#1096,#1097,#1098,#1099,#1100),(#1101,#1102,#1103,#1104,#1105,
#1106,#1107,#1108),(#1109,#1110,#1111,#1112,#1113,#1114,#1115,#1116)),
 .UNSPECIFIED.,.F.,.F.,.F.,(4,1,4),(4,2,1,1,4),(0.,0.571428571428571,1.),
(-2.14212432081677,-2.14060610731957,-1.86678523780861,-1.72987480305313,
-1.45605393354218),.UNSPECIFIED.);
#79=B_SPLINE_SURFACE_WITH_KNOTS('',3,3,((#1127,#1128,#1129,#1130,#1131,
#1132,#1133,#1134),(#1135,#1136,#1137,#1138,#1139,#1140,#1141,#1142),(#1143,
#1144,#1145,#1146,#1147,#1148,#1149,#1150),(#1151,#1152,#1153,#1154,#1155,
#1156,#1157,#1158),(#1159,#1160,#1161,#1162,#1163,#1164,#1165,#1166)),
 .UNSPECIFIED.,.F.,.F.,.F.,(4,1,4),(4,1,1,2,4),(0.,0.571428571428571,1.),
(-0.684536595274901,-0.41072195716494,-0.27381463810996,0.,0.00153284260980495),
 .UNSPECIFIED.);
#80=B_SPLINE_SURFACE_WITH_KNOTS('',3,3,((#1184,#1185,#1186,#1187,#1188,
#1189,#1190,#1191),(#1192,#1193,#1194,#1195,#1196,#1197,#1198,#1199),(#1200,
#1201,#1202,#1203,#1204,#1205,#1206,#1207),(#1208,#1209,#1210,#1211,#1212,
#1213,#1214,#1215),(#1216,#1217,#1218,#1219,#1220,#1221,#1222,#1223)),
 .UNSPECIFIED.,.F.,.F.,.F.,(4,1,4),(4,2,1,1,4),(0.,0.571428571428571,1.),
(-2.14211212326661,-2.14057897792206,-1.86676446881422,-1.7298572142603,
-1.45604270515247),.UNSPECIFIED.);
#81=B_SPLINE_SURFACE_WITH_KNOTS('',3,3,((#1234,#1235,#1236,#1237,#1238,
#1239,#1240,#1241,#1242,#1243,#1244,#1245),(#1246,#1247,#1248,#1249,#1250,
#1251,#1252,#1253,#1254,#1255,#1256,#1257),(#1258,#1259,#1260,#1261,#1262,
#1263,#1264,#1265,#1266,#1267,#1268,#1269),(#1270,#1271,#1272,#1273,#1274,
#1275,#1276,#1277,#1278,#1279,#1280,#1281),(#1282,#1283,#1284,#1285,#1286,
#1287,#1288,#1289,#1290,#1291,#1292,#1293)),.UNSPECIFIED.,.F.,.F.,.F.,(4,
1,4),(4,1,1,1,1,1,1,2,4),(0.,0.571428571428571,1.),(-0.684532555057795,
-0.547626044046236,-0.410719533034677,-0.273813022023118,-0.205359766517339,
-0.136906511011559,-0.0684532555057795,0.,0.00153663481241672),
 .UNSPECIFIED.);
#82=B_SPLINE_SURFACE_WITH_KNOTS('',3,3,((#1315,#1316,#1317,#1318,#1319,
#1320,#1321,#1322),(#1323,#1324,#1325,#1326,#1327,#1328,#1329,#1330),(#1331,
#1332,#1333,#1334,#1335,#1336,#1337,#1338),(#1339,#1340,#1341,#1342,#1343,
#1344,#1345,#1346),(#1347,#1348,#1349,#1350,#1351,#1352,#1353,#1354)),
 .UNSPECIFIED.,.F.,.F.,.F.,(4,1,4),(4,2,1,1,4),(0.,0.571428571428571,1.),
(-2.14211494243097,-2.14058522145174,-1.86676925326072,-1.72986126916521,
-1.4560453009742),.UNSPECIFIED.);
#83=B_SPLINE_SURFACE_WITH_KNOTS('',3,3,((#1365,#1366,#1367,#1368,#1369,
#1370,#1371,#1372,#1373,#1374,#1375,#1376),(#1377,#1378,#1379,#1380,#1381,
#1382,#1383,#1384,#1385,#1386,#1387,#1388),(#1389,#1390,#1391,#1392,#1393,
#1394,#1395,#1396,#1397,#1398,#1399,#1400),(#1401,#1402,#1403,#1404,#1405,
#1406,#1407,#1408,#1409,#1410,#1411,#1412),(#1413,#1414,#1415,#1416,#1417,
#1418,#1419,#1420,#1421,#1422,#1423,#1424)),.UNSPECIFIED.,.F.,.F.,.F.,(4,
1,4),(4,1,1,1,1,1,1,2,4),(0.,0.571428571428571,1.),(-0.684532129171879,
-0.547625703337503,-0.410719277503127,-0.273812851668751,-0.205359638751564,
-0.136906425834376,-0.0684532129171879,0.,0.0015370345122045),
 .UNSPECIFIED.);
#84=B_SPLINE_SURFACE_WITH_KNOTS('',3,3,((#1444,#1445,#1446,#1447,#1448,
#1449,#1450,#1451),(#1452,#1453,#1454,#1455,#1456,#1457,#1458,#1459),(#1460,
#1461,#1462,#1463,#1464,#1465,#1466,#1467),(#1468,#1469,#1470,#1471,#1472,
#1473,#1474,#1475),(#1476,#1477,#1478,#1479,#1480,#1481,#1482,#1483)),
 .UNSPECIFIED.,.F.,.F.,.F.,(4,1,4),(4,2,1,1,4),(0.,0.571428571428571,1.),
(-2.14211237301639,-2.14057953040651,-1.86676489229657,-1.72985757324161,
-1.45604293513167),.UNSPECIFIED.);
#85=B_SPLINE_SURFACE_WITH_KNOTS('',3,3,((#1499,#1500,#1501,#1502,#1503,
#1504,#1505,#1506,#1507,#1508,#1509,#1510),(#1511,#1512,#1513,#1514,#1515,
#1516,#1517,#1518,#1519,#1520,#1521,#1522),(#1523,#1524,#1525,#1526,#1527,
#1528,#1529,#1530,#1531,#1532,#1533,#1534),(#1535,#1536,#1537,#1538,#1539,
#1540,#1541,#1542,#1543,#1544,#1545,#1546),(#1547,#1548,#1549,#1550,#1551,
#1552,#1553,#1554,#1555,#1556,#1557,#1558)),.UNSPECIFIED.,.F.,.F.,.F.,(4,
1,4),(4,1,1,1,1,1,1,2,4),(0.,0.571428571428571,1.),(-0.684537868227727,
-0.547630294582182,-0.410722720936636,-0.273815147291091,-0.205361360468318,
-0.136907573645546,-0.0684537868227728,0.,0.00153164764723557),
 .UNSPECIFIED.);
#86=FACE_OUTER_BOUND('',#122,.T.);
#87=FACE_OUTER_BOUND('',#123,.T.);
#88=FACE_OUTER_BOUND('',#124,.T.);
#89=FACE_OUTER_BOUND('',#125,.T.);
#90=FACE_OUTER_BOUND('',#129,.T.);
#91=FACE_OUTER_BOUND('',#130,.T.);
#92=FACE_OUTER_BOUND('',#131,.T.);
#93=FACE_OUTER_BOUND('',#132,.T.);
#94=FACE_OUTER_BOUND('',#133,.T.);
#95=FACE_OUTER_BOUND('',#134,.T.);
#96=FACE_OUTER_BOUND('',#135,.T.);
#97=FACE_OUTER_BOUND('',#136,.T.);
#98=FACE_OUTER_BOUND('',#137,.T.);
#99=FACE_OUTER_BOUND('',#138,.T.);
#100=FACE_OUTER_BOUND('',#139,.T.);
#101=FACE_OUTER_BOUND('',#140,.T.);
#102=FACE_OUTER_BOUND('',#141,.T.);
#103=FACE_OUTER_BOUND('',#142,.T.);
#104=FACE_OUTER_BOUND('',#143,.T.);
#105=FACE_OUTER_BOUND('',#144,.T.);
#106=FACE_OUTER_BOUND('',#145,.T.);
#107=FACE_OUTER_BOUND('',#146,.T.);
#108=FACE_OUTER_BOUND('',#147,.T.);
#109=FACE_OUTER_BOUND('',#148,.T.);
#110=FACE_OUTER_BOUND('',#149,.T.);
#111=FACE_OUTER_BOUND('',#150,.T.);
#112=FACE_OUTER_BOUND('',#151,.T.);
#113=FACE_OUTER_BOUND('',#152,.T.);
#114=FACE_OUTER_BOUND('',#153,.T.);
#115=FACE_OUTER_BOUND('',#154,.T.);
#116=FACE_OUTER_BOUND('',#155,.T.);
#117=FACE_OUTER_BOUND('',#156,.T.);
#118=FACE_OUTER_BOUND('',#157,.T.);
#119=FACE_OUTER_BOUND('',#158,.T.);
#120=FACE_OUTER_BOUND('',#159,.T.);
#121=FACE_OUTER_BOUND('',#160,.T.);
#122=EDGE_LOOP('',(#378,#379,#380,#381,#382));
#123=EDGE_LOOP('',(#383,#384,#385));
#124=EDGE_LOOP('',(#386,#387,#388));
#125=EDGE_LOOP('',(#389,#390,#391,#392,#393,#394,#395,#396,#397,#398,#399));
#126=EDGE_LOOP('',(#400));
#127=EDGE_LOOP('',(#401));
#128=EDGE_LOOP('',(#402));
#129=EDGE_LOOP('',(#403,#404,#405,#406,#407));
#130=EDGE_LOOP('',(#408,#409,#410));
#131=EDGE_LOOP('',(#411,#412,#413));
#132=EDGE_LOOP('',(#414,#415,#416,#417,#418));
#133=EDGE_LOOP('',(#419,#420,#421));
#134=EDGE_LOOP('',(#422,#423,#424));
#135=EDGE_LOOP('',(#425,#426,#427,#428,#429));
#136=EDGE_LOOP('',(#430,#431,#432));
#137=EDGE_LOOP('',(#433,#434,#435));
#138=EDGE_LOOP('',(#436,#437,#438,#439));
#139=EDGE_LOOP('',(#440,#441,#442,#443));
#140=EDGE_LOOP('',(#444,#445,#446));
#141=EDGE_LOOP('',(#447,#448,#449,#450,#451));
#142=EDGE_LOOP('',(#452,#453,#454,#455,#456,#457,#458,#459));
#143=EDGE_LOOP('',(#460));
#144=EDGE_LOOP('',(#461,#462,#463,#464,#465));
#145=EDGE_LOOP('',(#466,#467,#468,#469,#470,#471,#472,#473));
#146=EDGE_LOOP('',(#474));
#147=EDGE_LOOP('',(#475,#476,#477,#478,#479));
#148=EDGE_LOOP('',(#480,#481,#482,#483,#484,#485,#486,#487));
#149=EDGE_LOOP('',(#488));
#150=EDGE_LOOP('',(#489,#490,#491,#492,#493));
#151=EDGE_LOOP('',(#494,#495,#496,#497,#498,#499,#500,#501));
#152=EDGE_LOOP('',(#502));
#153=EDGE_LOOP('',(#503,#504,#505,#506,#507));
#154=EDGE_LOOP('',(#508,#509,#510,#511,#512,#513,#514,#515));
#155=EDGE_LOOP('',(#516));
#156=EDGE_LOOP('',(#517,#518,#519,#520));
#157=EDGE_LOOP('',(#521,#522,#523,#524));
#158=EDGE_LOOP('',(#525,#526,#527,#528));
#159=EDGE_LOOP('',(#529,#530,#531,#532,#533,#534,#535,#536,#537,#538,#539,
#540,#541,#542,#543,#544,#545,#546,#547));
#160=EDGE_LOOP('',(#548));
#161=EDGE_LOOP('',(#549));
#162=EDGE_LOOP('',(#550));
#163=EDGE_LOOP('',(#551));
#164=CIRCLE('',#622,2.);
#165=CIRCLE('',#623,7.15);
#166=CIRCLE('',#624,7.15);
#167=CIRCLE('',#625,2.);
#168=CIRCLE('',#626,9.15);
#169=CIRCLE('',#627,75.75);
#170=CIRCLE('',#628,75.75);
#171=CIRCLE('',#630,75.75);
#172=CIRCLE('',#631,9.15);
#173=CIRCLE('',#632,75.75);
#174=CIRCLE('',#633,75.75);
#175=CIRCLE('',#634,9.15);
#176=CIRCLE('',#635,75.75);
#177=CIRCLE('',#636,9.15);
#178=CIRCLE('',#637,75.75);
#179=CIRCLE('',#638,9.15);
#180=CIRCLE('',#639,75.75);
#181=CIRCLE('',#640,1.);
#182=CIRCLE('',#641,1.);
#183=CIRCLE('',#642,1.);
#184=CIRCLE('',#644,2.);
#185=CIRCLE('',#645,7.15);
#186=CIRCLE('',#646,7.15);
#187=CIRCLE('',#647,1.99999999999999);
#188=CIRCLE('',#648,75.75);
#189=CIRCLE('',#649,75.75);
#190=CIRCLE('',#651,2.);
#191=CIRCLE('',#652,7.15);
#192=CIRCLE('',#653,7.15);
#193=CIRCLE('',#654,2.00000000000001);
#194=CIRCLE('',#655,75.75);
#195=CIRCLE('',#656,75.75);
#196=CIRCLE('',#658,2.);
#197=CIRCLE('',#659,7.15);
#198=CIRCLE('',#660,7.15);
#199=CIRCLE('',#661,2.);
#200=CIRCLE('',#662,75.75);
#201=CIRCLE('',#663,75.75);
#202=CIRCLE('',#665,2.);
#203=CIRCLE('',#666,7.15);
#204=CIRCLE('',#667,2.);
#205=CIRCLE('',#668,75.75);
#206=CIRCLE('',#669,75.75);
#207=CIRCLE('',#671,6.65);
#208=CIRCLE('',#672,0.5);
#209=CIRCLE('',#673,7.15);
#210=CIRCLE('',#674,7.15);
#211=CIRCLE('',#678,6.65);
#212=CIRCLE('',#679,0.5);
#213=CIRCLE('',#680,7.15);
#214=CIRCLE('',#681,7.15);
#215=CIRCLE('',#685,6.65);
#216=CIRCLE('',#686,0.5);
#217=CIRCLE('',#687,7.15);
#218=CIRCLE('',#688,7.15);
#219=CIRCLE('',#692,6.65);
#220=CIRCLE('',#693,0.5);
#221=CIRCLE('',#694,7.15);
#222=CIRCLE('',#695,7.15);
#223=CIRCLE('',#699,6.65);
#224=CIRCLE('',#700,0.5);
#225=CIRCLE('',#701,7.15);
#226=CIRCLE('',#702,7.15);
#227=CIRCLE('',#706,1.);
#228=CIRCLE('',#708,1.);
#229=CIRCLE('',#710,1.);
#230=CIRCLE('',#712,75.75);
#231=CIRCLE('',#714,7.15);
#232=CIRCLE('',#715,1.);
#233=CIRCLE('',#716,75.75);
#234=CIRCLE('',#717,7.15);
#235=CIRCLE('',#718,7.15);
#236=CIRCLE('',#719,7.15);
#237=CIRCLE('',#720,7.15);
#238=VERTEX_POINT('',#934);
#239=VERTEX_POINT('',#935);
#240=VERTEX_POINT('',#937);
#241=VERTEX_POINT('',#939);
#242=VERTEX_POINT('',#941);
#243=VERTEX_POINT('',#984);
#244=VERTEX_POINT('',#1044);
#245=VERTEX_POINT('',#1046);
#246=VERTEX_POINT('',#1048);
#247=VERTEX_POINT('',#1050);
#248=VERTEX_POINT('',#1052);
#249=VERTEX_POINT('',#1054);
#250=VERTEX_POINT('',#1056);
#251=VERTEX_POINT('',#1058);
#252=VERTEX_POINT('',#1060);
#253=VERTEX_POINT('',#1063);
#254=VERTEX_POINT('',#1065);
#255=VERTEX_POINT('',#1067);
#256=VERTEX_POINT('',#1070);
#257=VERTEX_POINT('',#1072);
#258=VERTEX_POINT('',#1074);
#259=VERTEX_POINT('',#1117);
#260=VERTEX_POINT('',#1177);
#261=VERTEX_POINT('',#1179);
#262=VERTEX_POINT('',#1181);
#263=VERTEX_POINT('',#1224);
#264=VERTEX_POINT('',#1308);
#265=VERTEX_POINT('',#1310);
#266=VERTEX_POINT('',#1312);
#267=VERTEX_POINT('',#1355);
#268=VERTEX_POINT('',#1439);
#269=VERTEX_POINT('',#1441);
#270=VERTEX_POINT('',#1484);
#271=VERTEX_POINT('',#1486);
#272=VERTEX_POINT('',#1573);
#273=VERTEX_POINT('',#1575);
#274=VERTEX_POINT('',#1577);
#275=VERTEX_POINT('',#1584);
#276=VERTEX_POINT('',#1586);
#277=VERTEX_POINT('',#1588);
#278=VERTEX_POINT('',#1595);
#279=VERTEX_POINT('',#1597);
#280=VERTEX_POINT('',#1599);
#281=VERTEX_POINT('',#1606);
#282=VERTEX_POINT('',#1608);
#283=VERTEX_POINT('',#1610);
#284=VERTEX_POINT('',#1617);
#285=VERTEX_POINT('',#1619);
#286=VERTEX_POINT('',#1621);
#287=VERTEX_POINT('',#1628);
#288=VERTEX_POINT('',#1632);
#289=VERTEX_POINT('',#1636);
#290=VERTEX_POINT('',#1640);
#291=EDGE_CURVE('',#238,#239,#164,.T.);
#292=EDGE_CURVE('',#239,#240,#165,.T.);
#293=EDGE_CURVE('',#240,#241,#166,.T.);
#294=EDGE_CURVE('',#241,#242,#167,.T.);
#295=EDGE_CURVE('',#242,#238,#168,.T.);
#296=EDGE_CURVE('',#238,#243,#169,.T.);
#297=EDGE_CURVE('',#243,#239,#65,.T.);
#298=EDGE_CURVE('',#241,#243,#66,.T.);
#299=EDGE_CURVE('',#243,#242,#170,.T.);
#300=EDGE_CURVE('',#242,#244,#171,.T.);
#301=EDGE_CURVE('',#245,#244,#172,.T.);
#302=EDGE_CURVE('',#245,#246,#173,.T.);
#303=EDGE_CURVE('',#246,#247,#174,.T.);
#304=EDGE_CURVE('',#248,#247,#175,.T.);
#305=EDGE_CURVE('',#248,#249,#176,.T.);
#306=EDGE_CURVE('',#250,#249,#177,.T.);
#307=EDGE_CURVE('',#250,#251,#178,.T.);
#308=EDGE_CURVE('',#252,#251,#179,.T.);
#309=EDGE_CURVE('',#252,#238,#180,.T.);
#310=EDGE_CURVE('',#253,#253,#181,.T.);
#311=EDGE_CURVE('',#254,#254,#182,.T.);
#312=EDGE_CURVE('',#255,#255,#183,.T.);
#313=EDGE_CURVE('',#251,#256,#184,.T.);
#314=EDGE_CURVE('',#256,#257,#185,.T.);
#315=EDGE_CURVE('',#257,#258,#186,.T.);
#316=EDGE_CURVE('',#258,#252,#187,.T.);
#317=EDGE_CURVE('',#251,#259,#188,.T.);
#318=EDGE_CURVE('',#259,#256,#67,.T.);
#319=EDGE_CURVE('',#258,#259,#68,.T.);
#320=EDGE_CURVE('',#259,#252,#189,.T.);
#321=EDGE_CURVE('',#244,#260,#190,.T.);
#322=EDGE_CURVE('',#260,#261,#191,.T.);
#323=EDGE_CURVE('',#261,#262,#192,.T.);
#324=EDGE_CURVE('',#262,#245,#193,.T.);
#325=EDGE_CURVE('',#244,#263,#194,.T.);
#326=EDGE_CURVE('',#263,#260,#69,.T.);
#327=EDGE_CURVE('',#262,#263,#70,.T.);
#328=EDGE_CURVE('',#263,#245,#195,.T.);
#329=EDGE_CURVE('',#249,#264,#196,.T.);
#330=EDGE_CURVE('',#264,#265,#197,.T.);
#331=EDGE_CURVE('',#265,#266,#198,.T.);
#332=EDGE_CURVE('',#266,#250,#199,.T.);
#333=EDGE_CURVE('',#249,#267,#200,.T.);
#334=EDGE_CURVE('',#267,#264,#71,.T.);
#335=EDGE_CURVE('',#266,#267,#72,.T.);
#336=EDGE_CURVE('',#267,#250,#201,.T.);
#337=EDGE_CURVE('',#247,#268,#202,.T.);
#338=EDGE_CURVE('',#268,#269,#203,.T.);
#339=EDGE_CURVE('',#269,#248,#204,.T.);
#340=EDGE_CURVE('',#247,#270,#205,.T.);
#341=EDGE_CURVE('',#270,#271,#73,.T.);
#342=EDGE_CURVE('',#271,#268,#74,.T.);
#343=EDGE_CURVE('',#269,#270,#75,.T.);
#344=EDGE_CURVE('',#270,#248,#206,.T.);
#345=EDGE_CURVE('',#272,#272,#207,.T.);
#346=EDGE_CURVE('',#272,#273,#208,.T.);
#347=EDGE_CURVE('',#273,#274,#209,.T.);
#348=EDGE_CURVE('',#274,#273,#210,.T.);
#349=EDGE_CURVE('',#274,#261,#25,.T.);
#350=EDGE_CURVE('',#275,#275,#211,.T.);
#351=EDGE_CURVE('',#275,#276,#212,.T.);
#352=EDGE_CURVE('',#276,#277,#213,.T.);
#353=EDGE_CURVE('',#277,#276,#214,.T.);
#354=EDGE_CURVE('',#277,#271,#26,.T.);
#355=EDGE_CURVE('',#278,#278,#215,.T.);
#356=EDGE_CURVE('',#278,#279,#216,.T.);
#357=EDGE_CURVE('',#279,#280,#217,.T.);
#358=EDGE_CURVE('',#280,#279,#218,.T.);
#359=EDGE_CURVE('',#280,#265,#27,.T.);
#360=EDGE_CURVE('',#281,#281,#219,.T.);
#361=EDGE_CURVE('',#281,#282,#220,.T.);
#362=EDGE_CURVE('',#282,#283,#221,.T.);
#363=EDGE_CURVE('',#283,#282,#222,.T.);
#364=EDGE_CURVE('',#283,#257,#28,.T.);
#365=EDGE_CURVE('',#284,#284,#223,.T.);
#366=EDGE_CURVE('',#284,#285,#224,.T.);
#367=EDGE_CURVE('',#285,#286,#225,.T.);
#368=EDGE_CURVE('',#286,#285,#226,.T.);
#369=EDGE_CURVE('',#286,#240,#29,.T.);
#370=EDGE_CURVE('',#287,#287,#227,.T.);
#371=EDGE_CURVE('',#287,#253,#30,.T.);
#372=EDGE_CURVE('',#288,#288,#228,.T.);
#373=EDGE_CURVE('',#288,#254,#31,.T.);
#374=EDGE_CURVE('',#289,#289,#229,.T.);
#375=EDGE_CURVE('',#289,#255,#32,.T.);
#376=EDGE_CURVE('',#246,#290,#33,.T.);
#377=EDGE_CURVE('',#290,#290,#230,.T.);
#378=ORIENTED_EDGE('',*,*,#291,.T.);
#379=ORIENTED_EDGE('',*,*,#292,.T.);
#380=ORIENTED_EDGE('',*,*,#293,.T.);
#381=ORIENTED_EDGE('',*,*,#294,.T.);
#382=ORIENTED_EDGE('',*,*,#295,.T.);
#383=ORIENTED_EDGE('',*,*,#291,.F.);
#384=ORIENTED_EDGE('',*,*,#296,.T.);
#385=ORIENTED_EDGE('',*,*,#297,.T.);
#386=ORIENTED_EDGE('',*,*,#294,.F.);
#387=ORIENTED_EDGE('',*,*,#298,.T.);
#388=ORIENTED_EDGE('',*,*,#299,.T.);
#389=ORIENTED_EDGE('',*,*,#295,.F.);
#390=ORIENTED_EDGE('',*,*,#300,.T.);
#391=ORIENTED_EDGE('',*,*,#301,.F.);
#392=ORIENTED_EDGE('',*,*,#302,.T.);
#393=ORIENTED_EDGE('',*,*,#303,.T.);
#394=ORIENTED_EDGE('',*,*,#304,.F.);
#395=ORIENTED_EDGE('',*,*,#305,.T.);
#396=ORIENTED_EDGE('',*,*,#306,.F.);
#397=ORIENTED_EDGE('',*,*,#307,.T.);
#398=ORIENTED_EDGE('',*,*,#308,.F.);
#399=ORIENTED_EDGE('',*,*,#309,.T.);
#400=ORIENTED_EDGE('',*,*,#310,.T.);
#401=ORIENTED_EDGE('',*,*,#311,.T.);
#402=ORIENTED_EDGE('',*,*,#312,.T.);
#403=ORIENTED_EDGE('',*,*,#313,.T.);
#404=ORIENTED_EDGE('',*,*,#314,.T.);
#405=ORIENTED_EDGE('',*,*,#315,.T.);
#406=ORIENTED_EDGE('',*,*,#316,.T.);
#407=ORIENTED_EDGE('',*,*,#308,.T.);
#408=ORIENTED_EDGE('',*,*,#313,.F.);
#409=ORIENTED_EDGE('',*,*,#317,.T.);
#410=ORIENTED_EDGE('',*,*,#318,.T.);
#411=ORIENTED_EDGE('',*,*,#316,.F.);
#412=ORIENTED_EDGE('',*,*,#319,.T.);
#413=ORIENTED_EDGE('',*,*,#320,.T.);
#414=ORIENTED_EDGE('',*,*,#321,.T.);
#415=ORIENTED_EDGE('',*,*,#322,.T.);
#416=ORIENTED_EDGE('',*,*,#323,.T.);
#417=ORIENTED_EDGE('',*,*,#324,.T.);
#418=ORIENTED_EDGE('',*,*,#301,.T.);
#419=ORIENTED_EDGE('',*,*,#321,.F.);
#420=ORIENTED_EDGE('',*,*,#325,.T.);
#421=ORIENTED_EDGE('',*,*,#326,.T.);
#422=ORIENTED_EDGE('',*,*,#324,.F.);
#423=ORIENTED_EDGE('',*,*,#327,.T.);
#424=ORIENTED_EDGE('',*,*,#328,.T.);
#425=ORIENTED_EDGE('',*,*,#329,.T.);
#426=ORIENTED_EDGE('',*,*,#330,.T.);
#427=ORIENTED_EDGE('',*,*,#331,.T.);
#428=ORIENTED_EDGE('',*,*,#332,.T.);
#429=ORIENTED_EDGE('',*,*,#306,.T.);
#430=ORIENTED_EDGE('',*,*,#329,.F.);
#431=ORIENTED_EDGE('',*,*,#333,.T.);
#432=ORIENTED_EDGE('',*,*,#334,.T.);
#433=ORIENTED_EDGE('',*,*,#332,.F.);
#434=ORIENTED_EDGE('',*,*,#335,.T.);
#435=ORIENTED_EDGE('',*,*,#336,.T.);
#436=ORIENTED_EDGE('',*,*,#337,.T.);
#437=ORIENTED_EDGE('',*,*,#338,.T.);
#438=ORIENTED_EDGE('',*,*,#339,.T.);
#439=ORIENTED_EDGE('',*,*,#304,.T.);
#440=ORIENTED_EDGE('',*,*,#337,.F.);
#441=ORIENTED_EDGE('',*,*,#340,.T.);
#442=ORIENTED_EDGE('',*,*,#341,.T.);
#443=ORIENTED_EDGE('',*,*,#342,.T.);
#444=ORIENTED_EDGE('',*,*,#339,.F.);
#445=ORIENTED_EDGE('',*,*,#343,.T.);
#446=ORIENTED_EDGE('',*,*,#344,.T.);
#447=ORIENTED_EDGE('',*,*,#345,.T.);
#448=ORIENTED_EDGE('',*,*,#346,.T.);
#449=ORIENTED_EDGE('',*,*,#347,.T.);
#450=ORIENTED_EDGE('',*,*,#348,.T.);
#451=ORIENTED_EDGE('',*,*,#346,.F.);
#452=ORIENTED_EDGE('',*,*,#348,.F.);
#453=ORIENTED_EDGE('',*,*,#349,.T.);
#454=ORIENTED_EDGE('',*,*,#322,.F.);
#455=ORIENTED_EDGE('',*,*,#326,.F.);
#456=ORIENTED_EDGE('',*,*,#327,.F.);
#457=ORIENTED_EDGE('',*,*,#323,.F.);
#458=ORIENTED_EDGE('',*,*,#349,.F.);
#459=ORIENTED_EDGE('',*,*,#347,.F.);
#460=ORIENTED_EDGE('',*,*,#345,.F.);
#461=ORIENTED_EDGE('',*,*,#350,.T.);
#462=ORIENTED_EDGE('',*,*,#351,.T.);
#463=ORIENTED_EDGE('',*,*,#352,.T.);
#464=ORIENTED_EDGE('',*,*,#353,.T.);
#465=ORIENTED_EDGE('',*,*,#351,.F.);
#466=ORIENTED_EDGE('',*,*,#353,.F.);
#467=ORIENTED_EDGE('',*,*,#354,.T.);
#468=ORIENTED_EDGE('',*,*,#341,.F.);
#469=ORIENTED_EDGE('',*,*,#343,.F.);
#470=ORIENTED_EDGE('',*,*,#338,.F.);
#471=ORIENTED_EDGE('',*,*,#342,.F.);
#472=ORIENTED_EDGE('',*,*,#354,.F.);
#473=ORIENTED_EDGE('',*,*,#352,.F.);
#474=ORIENTED_EDGE('',*,*,#350,.F.);
#475=ORIENTED_EDGE('',*,*,#355,.T.);
#476=ORIENTED_EDGE('',*,*,#356,.T.);
#477=ORIENTED_EDGE('',*,*,#357,.T.);
#478=ORIENTED_EDGE('',*,*,#358,.T.);
#479=ORIENTED_EDGE('',*,*,#356,.F.);
#480=ORIENTED_EDGE('',*,*,#358,.F.);
#481=ORIENTED_EDGE('',*,*,#359,.T.);
#482=ORIENTED_EDGE('',*,*,#330,.F.);
#483=ORIENTED_EDGE('',*,*,#334,.F.);
#484=ORIENTED_EDGE('',*,*,#335,.F.);
#485=ORIENTED_EDGE('',*,*,#331,.F.);
#486=ORIENTED_EDGE('',*,*,#359,.F.);
#487=ORIENTED_EDGE('',*,*,#357,.F.);
#488=ORIENTED_EDGE('',*,*,#355,.F.);
#489=ORIENTED_EDGE('',*,*,#360,.T.);
#490=ORIENTED_EDGE('',*,*,#361,.T.);
#491=ORIENTED_EDGE('',*,*,#362,.T.);
#492=ORIENTED_EDGE('',*,*,#363,.T.);
#493=ORIENTED_EDGE('',*,*,#361,.F.);
#494=ORIENTED_EDGE('',*,*,#363,.F.);
#495=ORIENTED_EDGE('',*,*,#364,.T.);
#496=ORIENTED_EDGE('',*,*,#314,.F.);
#497=ORIENTED_EDGE('',*,*,#318,.F.);
#498=ORIENTED_EDGE('',*,*,#319,.F.);
#499=ORIENTED_EDGE('',*,*,#315,.F.);
#500=ORIENTED_EDGE('',*,*,#364,.F.);
#501=ORIENTED_EDGE('',*,*,#362,.F.);
#502=ORIENTED_EDGE('',*,*,#360,.F.);
#503=ORIENTED_EDGE('',*,*,#365,.T.);
#504=ORIENTED_EDGE('',*,*,#366,.T.);
#505=ORIENTED_EDGE('',*,*,#367,.T.);
#506=ORIENTED_EDGE('',*,*,#368,.T.);
#507=ORIENTED_EDGE('',*,*,#366,.F.);
#508=ORIENTED_EDGE('',*,*,#368,.F.);
#509=ORIENTED_EDGE('',*,*,#369,.T.);
#510=ORIENTED_EDGE('',*,*,#292,.F.);
#511=ORIENTED_EDGE('',*,*,#297,.F.);
#512=ORIENTED_EDGE('',*,*,#298,.F.);
#513=ORIENTED_EDGE('',*,*,#293,.F.);
#514=ORIENTED_EDGE('',*,*,#369,.F.);
#515=ORIENTED_EDGE('',*,*,#367,.F.);
#516=ORIENTED_EDGE('',*,*,#365,.F.);
#517=ORIENTED_EDGE('',*,*,#370,.F.);
#518=ORIENTED_EDGE('',*,*,#371,.T.);
#519=ORIENTED_EDGE('',*,*,#310,.F.);
#520=ORIENTED_EDGE('',*,*,#371,.F.);
#521=ORIENTED_EDGE('',*,*,#372,.F.);
#522=ORIENTED_EDGE('',*,*,#373,.T.);
#523=ORIENTED_EDGE('',*,*,#311,.F.);
#524=ORIENTED_EDGE('',*,*,#373,.F.);
#525=ORIENTED_EDGE('',*,*,#374,.F.);
#526=ORIENTED_EDGE('',*,*,#375,.T.);
#527=ORIENTED_EDGE('',*,*,#312,.F.);
#528=ORIENTED_EDGE('',*,*,#375,.F.);
#529=ORIENTED_EDGE('',*,*,#320,.F.);
#530=ORIENTED_EDGE('',*,*,#317,.F.);
#531=ORIENTED_EDGE('',*,*,#307,.F.);
#532=ORIENTED_EDGE('',*,*,#336,.F.);
#533=ORIENTED_EDGE('',*,*,#333,.F.);
#534=ORIENTED_EDGE('',*,*,#305,.F.);
#535=ORIENTED_EDGE('',*,*,#344,.F.);
#536=ORIENTED_EDGE('',*,*,#340,.F.);
#537=ORIENTED_EDGE('',*,*,#303,.F.);
#538=ORIENTED_EDGE('',*,*,#376,.T.);
#539=ORIENTED_EDGE('',*,*,#377,.T.);
#540=ORIENTED_EDGE('',*,*,#376,.F.);
#541=ORIENTED_EDGE('',*,*,#302,.F.);
#542=ORIENTED_EDGE('',*,*,#328,.F.);
#543=ORIENTED_EDGE('',*,*,#325,.F.);
#544=ORIENTED_EDGE('',*,*,#300,.F.);
#545=ORIENTED_EDGE('',*,*,#299,.F.);
#546=ORIENTED_EDGE('',*,*,#296,.F.);
#547=ORIENTED_EDGE('',*,*,#309,.F.);
#548=ORIENTED_EDGE('',*,*,#377,.F.);
#549=ORIENTED_EDGE('',*,*,#370,.T.);
#550=ORIENTED_EDGE('',*,*,#372,.T.);
#551=ORIENTED_EDGE('',*,*,#374,.T.);
#552=TOROIDAL_SURFACE('',#621,9.15,2.);
#553=TOROIDAL_SURFACE('',#643,9.15,2.);
#554=TOROIDAL_SURFACE('',#650,9.15,2.);
#555=TOROIDAL_SURFACE('',#657,9.15,2.);
#556=TOROIDAL_SURFACE('',#664,9.15,2.);
#557=TOROIDAL_SURFACE('',#670,6.65,0.5);
#558=TOROIDAL_SURFACE('',#677,6.65,0.5);
#559=TOROIDAL_SURFACE('',#684,6.65,0.5);
#560=TOROIDAL_SURFACE('',#691,6.65,0.5);
#561=TOROIDAL_SURFACE('',#698,6.65,0.5);
#562=ADVANCED_FACE('',(#86),#552,.F.);
#563=ADVANCED_FACE('',(#87),#76,.T.);
#564=ADVANCED_FACE('',(#88),#77,.T.);
#565=ADVANCED_FACE('',(#89,#52,#53,#54),#58,.T.);
#566=ADVANCED_FACE('',(#90),#553,.F.);
#567=ADVANCED_FACE('',(#91),#78,.T.);
#568=ADVANCED_FACE('',(#92),#79,.T.);
#569=ADVANCED_FACE('',(#93),#554,.F.);
#570=ADVANCED_FACE('',(#94),#80,.T.);
#571=ADVANCED_FACE('',(#95),#81,.T.);
#572=ADVANCED_FACE('',(#96),#555,.F.);
#573=ADVANCED_FACE('',(#97),#82,.T.);
#574=ADVANCED_FACE('',(#98),#83,.T.);
#575=ADVANCED_FACE('',(#99),#556,.F.);
#576=ADVANCED_FACE('',(#100),#84,.T.);
#577=ADVANCED_FACE('',(#101),#85,.T.);
#578=ADVANCED_FACE('',(#102),#557,.T.);
#579=ADVANCED_FACE('',(#103),#43,.T.);
#580=ADVANCED_FACE('',(#104),#59,.T.);
#581=ADVANCED_FACE('',(#105),#558,.T.);
#582=ADVANCED_FACE('',(#106),#44,.T.);
#583=ADVANCED_FACE('',(#107),#60,.T.);
#584=ADVANCED_FACE('',(#108),#559,.T.);
#585=ADVANCED_FACE('',(#109),#45,.T.);
#586=ADVANCED_FACE('',(#110),#61,.T.);
#587=ADVANCED_FACE('',(#111),#560,.T.);
#588=ADVANCED_FACE('',(#112),#46,.T.);
#589=ADVANCED_FACE('',(#113),#62,.T.);
#590=ADVANCED_FACE('',(#114),#561,.T.);
#591=ADVANCED_FACE('',(#115),#47,.T.);
#592=ADVANCED_FACE('',(#116),#63,.T.);
#593=ADVANCED_FACE('',(#117),#48,.F.);
#594=ADVANCED_FACE('',(#118),#49,.F.);
#595=ADVANCED_FACE('',(#119),#50,.F.);
#596=ADVANCED_FACE('',(#120),#51,.T.);
#597=ADVANCED_FACE('',(#121,#55,#56,#57),#64,.F.);
#598=CLOSED_SHELL('',(#562,#563,#564,#565,#566,#567,#568,#569,#570,#571,
#572,#573,#574,#575,#576,#577,#578,#579,#580,#581,#582,#583,#584,#585,#586,
#587,#588,#589,#590,#591,#592,#593,#594,#595,#596,#597));
#599=DERIVED_UNIT_ELEMENT(#602,1.);
#600=DERIVED_UNIT_ELEMENT(#1657,-3.);
#601=DIMENSIONAL_EXPONENTS(0.,1.,0.,0.,0.,0.,0.);
#602=(
CONVERSION_BASED_UNIT('gram',#604)
MASS_UNIT()
NAMED_UNIT(#601)
);
#603=(
MASS_UNIT()
NAMED_UNIT(*)
SI_UNIT(.KILO.,.GRAM.)
);
#604=MASS_MEASURE_WITH_UNIT(MASS_MEASURE(0.001),#603);
#605=DERIVED_UNIT((#599,#600));
#606=MEASURE_REPRESENTATION_ITEM('density measure',
POSITIVE_RATIO_MEASURE(1.),#605);
#607=PROPERTY_DEFINITION_REPRESENTATION(#612,#609);
#608=PROPERTY_DEFINITION_REPRESENTATION(#613,#610);
#609=REPRESENTATION('material name',(#611),#1654);
#610=REPRESENTATION('density',(#606),#1654);
#611=DESCRIPTIVE_REPRESENTATION_ITEM('Generic','Generic');
#612=PROPERTY_DEFINITION('material property','material name',#1664);
#613=PROPERTY_DEFINITION('material property','density of part',#1664);
#614=DATE_TIME_ROLE('creation_date');
#615=APPLIED_DATE_AND_TIME_ASSIGNMENT(#616,#614,(#1664));
#616=DATE_AND_TIME(#617,#618);
#617=CALENDAR_DATE(2025,5,5);
#618=LOCAL_TIME(0,0,0.,#619);
#619=COORDINATED_UNIVERSAL_TIME_OFFSET(0,0,.BEHIND.);
#620=AXIS2_PLACEMENT_3D('',#932,#721,#722);
#621=AXIS2_PLACEMENT_3D('',#933,#723,#724);
#622=AXIS2_PLACEMENT_3D('',#936,#725,#726);
#623=AXIS2_PLACEMENT_3D('',#938,#727,#728);
#624=AXIS2_PLACEMENT_3D('',#940,#729,#730);
#625=AXIS2_PLACEMENT_3D('',#942,#731,#732);
#626=AXIS2_PLACEMENT_3D('',#943,#733,#734);
#627=AXIS2_PLACEMENT_3D('',#985,#735,#736);
#628=AXIS2_PLACEMENT_3D('',#1042,#737,#738);
#629=AXIS2_PLACEMENT_3D('',#1043,#739,#740);
#630=AXIS2_PLACEMENT_3D('',#1045,#741,#742);
#631=AXIS2_PLACEMENT_3D('',#1047,#743,#744);
#632=AXIS2_PLACEMENT_3D('',#1049,#745,#746);
#633=AXIS2_PLACEMENT_3D('',#1051,#747,#748);
#634=AXIS2_PLACEMENT_3D('',#1053,#749,#750);
#635=AXIS2_PLACEMENT_3D('',#1055,#751,#752);
#636=AXIS2_PLACEMENT_3D('',#1057,#753,#754);
#637=AXIS2_PLACEMENT_3D('',#1059,#755,#756);
#638=AXIS2_PLACEMENT_3D('',#1061,#757,#758);
#639=AXIS2_PLACEMENT_3D('',#1062,#759,#760);
#640=AXIS2_PLACEMENT_3D('',#1064,#761,#762);
#641=AXIS2_PLACEMENT_3D('',#1066,#763,#764);
#642=AXIS2_PLACEMENT_3D('',#1068,#765,#766);
#643=AXIS2_PLACEMENT_3D('',#1069,#767,#768);
#644=AXIS2_PLACEMENT_3D('',#1071,#769,#770);
#645=AXIS2_PLACEMENT_3D('',#1073,#771,#772);
#646=AXIS2_PLACEMENT_3D('',#1075,#773,#774);
#647=AXIS2_PLACEMENT_3D('',#1076,#775,#776);
#648=AXIS2_PLACEMENT_3D('',#1118,#777,#778);
#649=AXIS2_PLACEMENT_3D('',#1175,#779,#780);
#650=AXIS2_PLACEMENT_3D('',#1176,#781,#782);
#651=AXIS2_PLACEMENT_3D('',#1178,#783,#784);
#652=AXIS2_PLACEMENT_3D('',#1180,#785,#786);
#653=AXIS2_PLACEMENT_3D('',#1182,#787,#788);
#654=AXIS2_PLACEMENT_3D('',#1183,#789,#790);
#655=AXIS2_PLACEMENT_3D('',#1225,#791,#792);
#656=AXIS2_PLACEMENT_3D('',#1306,#793,#794);
#657=AXIS2_PLACEMENT_3D('',#1307,#795,#796);
#658=AXIS2_PLACEMENT_3D('',#1309,#797,#798);
#659=AXIS2_PLACEMENT_3D('',#1311,#799,#800);
#660=AXIS2_PLACEMENT_3D('',#1313,#801,#802);
#661=AXIS2_PLACEMENT_3D('',#1314,#803,#804);
#662=AXIS2_PLACEMENT_3D('',#1356,#805,#806);
#663=AXIS2_PLACEMENT_3D('',#1437,#807,#808);
#664=AXIS2_PLACEMENT_3D('',#1438,#809,#810);
#665=AXIS2_PLACEMENT_3D('',#1440,#811,#812);
#666=AXIS2_PLACEMENT_3D('',#1442,#813,#814);
#667=AXIS2_PLACEMENT_3D('',#1443,#815,#816);
#668=AXIS2_PLACEMENT_3D('',#1485,#817,#818);
#669=AXIS2_PLACEMENT_3D('',#1571,#819,#820);
#670=AXIS2_PLACEMENT_3D('',#1572,#821,#822);
#671=AXIS2_PLACEMENT_3D('',#1574,#823,#824);
#672=AXIS2_PLACEMENT_3D('',#1576,#825,#826);
#673=AXIS2_PLACEMENT_3D('',#1578,#827,#828);
#674=AXIS2_PLACEMENT_3D('',#1579,#829,#830);
#675=AXIS2_PLACEMENT_3D('',#1580,#831,#832);
#676=AXIS2_PLACEMENT_3D('',#1582,#834,#835);
#677=AXIS2_PLACEMENT_3D('',#1583,#836,#837);
#678=AXIS2_PLACEMENT_3D('',#1585,#838,#839);
#679=AXIS2_PLACEMENT_3D('',#1587,#840,#841);
#680=AXIS2_PLACEMENT_3D('',#1589,#842,#843);
#681=AXIS2_PLACEMENT_3D('',#1590,#844,#845);
#682=AXIS2_PLACEMENT_3D('',#1591,#846,#847);
#683=AXIS2_PLACEMENT_3D('',#1593,#849,#850);
#684=AXIS2_PLACEMENT_3D('',#1594,#851,#852);
#685=AXIS2_PLACEMENT_3D('',#1596,#853,#854);
#686=AXIS2_PLACEMENT_3D('',#1598,#855,#856);
#687=AXIS2_PLACEMENT_3D('',#1600,#857,#858);
#688=AXIS2_PLACEMENT_3D('',#1601,#859,#860);
#689=AXIS2_PLACEMENT_3D('',#1602,#861,#862);
#690=AXIS2_PLACEMENT_3D('',#1604,#864,#865);
#691=AXIS2_PLACEMENT_3D('',#1605,#866,#867);
#692=AXIS2_PLACEMENT_3D('',#1607,#868,#869);
#693=AXIS2_PLACEMENT_3D('',#1609,#870,#871);
#694=AXIS2_PLACEMENT_3D('',#1611,#872,#873);
#695=AXIS2_PLACEMENT_3D('',#1612,#874,#875);
#696=AXIS2_PLACEMENT_3D('',#1613,#876,#877);
#697=AXIS2_PLACEMENT_3D('',#1615,#879,#880);
#698=AXIS2_PLACEMENT_3D('',#1616,#881,#882);
#699=AXIS2_PLACEMENT_3D('',#1618,#883,#884);
#700=AXIS2_PLACEMENT_3D('',#1620,#885,#886);
#701=AXIS2_PLACEMENT_3D('',#1622,#887,#888);
#702=AXIS2_PLACEMENT_3D('',#1623,#889,#890);
#703=AXIS2_PLACEMENT_3D('',#1624,#891,#892);
#704=AXIS2_PLACEMENT_3D('',#1626,#894,#895);
#705=AXIS2_PLACEMENT_3D('',#1627,#896,#897);
#706=AXIS2_PLACEMENT_3D('',#1629,#898,#899);
#707=AXIS2_PLACEMENT_3D('',#1631,#901,#902);
#708=AXIS2_PLACEMENT_3D('',#1633,#903,#904);
#709=AXIS2_PLACEMENT_3D('',#1635,#906,#907);
#710=AXIS2_PLACEMENT_3D('',#1637,#908,#909);
#711=AXIS2_PLACEMENT_3D('',#1639,#911,#912);
#712=AXIS2_PLACEMENT_3D('',#1642,#914,#915);
#713=AXIS2_PLACEMENT_3D('',#1643,#916,#917);
#714=AXIS2_PLACEMENT_3D('',#1644,#918,#919);
#715=AXIS2_PLACEMENT_3D('',#1645,#920,#921);
#716=AXIS2_PLACEMENT_3D('',#1646,#922,#923);
#717=AXIS2_PLACEMENT_3D('',#1647,#924,#925);
#718=AXIS2_PLACEMENT_3D('',#1648,#926,#927);
#719=AXIS2_PLACEMENT_3D('',#1649,#928,#929);
#720=AXIS2_PLACEMENT_3D('',#1650,#930,#931);
#721=DIRECTION('axis',(0.,0.,1.));
#722=DIRECTION('refdir',(1.,0.,0.));
#723=DIRECTION('center_axis',(0.,1.,0.));
#724=DIRECTION('ref_axis',(-0.587785252292473,0.,-0.809016994374948));
#725=DIRECTION('center_axis',(-0.226055052037718,-2.0077721888409E-15,0.974114527890958));
#726=DIRECTION('ref_axis',(-8.88178419700125E-15,1.,0.));
#727=DIRECTION('center_axis',(0.,1.,0.));
#728=DIRECTION('ref_axis',(-0.587785252292473,0.,-0.809016994374947));
#729=DIRECTION('center_axis',(0.,1.,0.));
#730=DIRECTION('ref_axis',(-0.587785252292473,0.,-0.809016994374947));
#731=DIRECTION('center_axis',(0.996292822112441,7.64071590921164E-16,0.0860268133039234));
#732=DIRECTION('ref_axis',(0.0860268133039234,0.,-0.996292822112441));
#733=DIRECTION('center_axis',(0.,-1.,0.));
#734=DIRECTION('ref_axis',(-0.587785252292473,0.,-0.809016994374948));
#735=DIRECTION('center_axis',(0.,-1.,0.));
#736=DIRECTION('ref_axis',(1.,0.,0.));
#737=DIRECTION('center_axis',(0.,-1.,0.));
#738=DIRECTION('ref_axis',(1.,0.,0.));
#739=DIRECTION('center_axis',(0.,-1.,0.));
#740=DIRECTION('ref_axis',(0.,0.,-1.));
#741=DIRECTION('center_axis',(0.,-1.,0.));
#742=DIRECTION('ref_axis',(1.,0.,0.));
#743=DIRECTION('center_axis',(0.,-1.,0.));
#744=DIRECTION('ref_axis',(0.587785252292473,0.,-0.809016994374948));
#745=DIRECTION('center_axis',(0.,-1.,0.));
#746=DIRECTION('ref_axis',(1.,0.,0.));
#747=DIRECTION('center_axis',(0.,-1.,0.));
#748=DIRECTION('ref_axis',(1.,0.,0.));
#749=DIRECTION('center_axis',(0.,-1.,0.));
#750=DIRECTION('ref_axis',(0.951056516295154,0.,0.309016994374947));
#751=DIRECTION('center_axis',(0.,-1.,0.));
#752=DIRECTION('ref_axis',(1.,0.,0.));
#753=DIRECTION('center_axis',(0.,-1.,0.));
#754=DIRECTION('ref_axis',(6.12323399573677E-17,0.,1.));
#755=DIRECTION('center_axis',(0.,-1.,0.));
#756=DIRECTION('ref_axis',(1.,0.,0.));
#757=DIRECTION('center_axis',(0.,-1.,0.));
#758=DIRECTION('ref_axis',(-0.951056516295153,0.,0.309016994374948));
#759=DIRECTION('center_axis',(0.,-1.,0.));
#760=DIRECTION('ref_axis',(1.,0.,0.));
#761=DIRECTION('center_axis',(0.,1.,0.));
#762=DIRECTION('ref_axis',(1.,0.,0.));
#763=DIRECTION('center_axis',(0.,1.,0.));
#764=DIRECTION('ref_axis',(1.,0.,0.));
#765=DIRECTION('center_axis',(0.,1.,0.));
#766=DIRECTION('ref_axis',(1.,0.,0.));
#767=DIRECTION('center_axis',(0.,1.,0.));
#768=DIRECTION('ref_axis',(-0.951056516295154,0.,0.309016994374947));
#769=DIRECTION('center_axis',(0.856583116624497,1.05432328646795E-15,0.516009073867761));
#770=DIRECTION('ref_axis',(-2.66453525910038E-14,1.,4.21884749357559E-14));
#771=DIRECTION('center_axis',(0.,1.,0.));
#772=DIRECTION('ref_axis',(-0.951056516295154,0.,0.309016994374948));
#773=DIRECTION('center_axis',(0.,1.,0.));
#774=DIRECTION('ref_axis',(-0.951056516295154,0.,0.309016994374948));
#775=DIRECTION('center_axis',(0.389687774775314,-7.84253374789752E-16,-0.920947033325296));
#776=DIRECTION('ref_axis',(-0.920947033325296,0.,-0.389687774775314));
#777=DIRECTION('center_axis',(0.,-1.,0.));
#778=DIRECTION('ref_axis',(1.,0.,0.));
#779=DIRECTION('center_axis',(0.,-1.,0.));
#780=DIRECTION('ref_axis',(1.,0.,0.));
#781=DIRECTION('center_axis',(0.,1.,0.));
#782=DIRECTION('ref_axis',(0.587785252292474,0.,-0.809016994374947));
#783=DIRECTION('center_axis',(-0.996292822112441,1.14610738638171E-15,0.0860268133039208));
#784=DIRECTION('ref_axis',(0.,1.,-1.33226762955019E-14));
#785=DIRECTION('center_axis',(0.,1.,0.));
#786=DIRECTION('ref_axis',(0.587785252292473,0.,-0.809016994374947));
#787=DIRECTION('center_axis',(0.,1.,0.));
#788=DIRECTION('ref_axis',(0.587785252292473,0.,-0.809016994374947));
#789=DIRECTION('center_axis',(0.226055052037721,1.31427922668424E-15,0.974114527890958));
#790=DIRECTION('ref_axis',(0.974114527890958,0.,-0.226055052037721));
#791=DIRECTION('center_axis',(0.,-1.,0.));
#792=DIRECTION('ref_axis',(1.,0.,0.));
#793=DIRECTION('center_axis',(0.,-1.,0.));
#794=DIRECTION('ref_axis',(1.,0.,0.));
#795=DIRECTION('center_axis',(0.,1.,0.));
#796=DIRECTION('ref_axis',(0.,0.,1.));
#797=DIRECTION('center_axis',(0.755452532300978,-8.90391321238967E-16,-0.655203381737335));
#798=DIRECTION('ref_axis',(8.88178419700125E-15,1.,8.88178419700125E-15));
#799=DIRECTION('center_axis',(0.,1.,0.));
#800=DIRECTION('ref_axis',(6.12323399573677E-17,0.,1.));
#801=DIRECTION('center_axis',(0.,1.,0.));
#802=DIRECTION('ref_axis',(6.12323399573677E-17,0.,1.));
#803=DIRECTION('center_axis',(-0.755452532300978,-5.16705258670458E-17,
-0.655203381737335));
#804=DIRECTION('ref_axis',(-0.655203381737335,0.,0.755452532300978));
#805=DIRECTION('center_axis',(0.,-1.,0.));
#806=DIRECTION('ref_axis',(1.,0.,0.));
#807=DIRECTION('center_axis',(0.,-1.,0.));
#808=DIRECTION('ref_axis',(1.,0.,0.));
#809=DIRECTION('center_axis',(0.,1.,0.));
#810=DIRECTION('ref_axis',(0.951056516295154,0.,0.309016994374948));
#811=DIRECTION('center_axis',(-0.38968777477532,1.41620951804807E-15,-0.920947033325294));
#812=DIRECTION('ref_axis',(8.88178419700125E-15,1.,-2.22044604925031E-15));
#813=DIRECTION('center_axis',(0.,1.,0.));
#814=DIRECTION('ref_axis',(0.951056516295154,0.,0.309016994374947));
#815=DIRECTION('center_axis',(-0.856583116624504,3.66682265985941E-16,0.516009073867748));
#816=DIRECTION('ref_axis',(0.516009073867748,0.,0.856583116624504));
#817=DIRECTION('center_axis',(0.,-1.,0.));
#818=DIRECTION('ref_axis',(1.,0.,0.));
#819=DIRECTION('center_axis',(0.,-1.,0.));
#820=DIRECTION('ref_axis',(1.,0.,0.));
#821=DIRECTION('center_axis',(0.,-1.,0.));
#822=DIRECTION('ref_axis',(0.,0.,-1.));
#823=DIRECTION('center_axis',(0.,1.,0.));
#824=DIRECTION('ref_axis',(-1.,0.,0.));
#825=DIRECTION('center_axis',(-1.,0.,0.));
#826=DIRECTION('ref_axis',(0.,0.,1.));
#827=DIRECTION('center_axis',(0.,-1.,0.));
#828=DIRECTION('ref_axis',(-1.,0.,0.));
#829=DIRECTION('center_axis',(0.,-1.,0.));
#830=DIRECTION('ref_axis',(-1.,0.,0.));
#831=DIRECTION('center_axis',(0.,-1.,0.));
#832=DIRECTION('ref_axis',(1.,0.,0.));
#833=DIRECTION('',(0.,1.,0.));
#834=DIRECTION('center_axis',(0.,-1.,0.));
#835=DIRECTION('ref_axis',(0.,0.,-1.));
#836=DIRECTION('center_axis',(0.,-1.,0.));
#837=DIRECTION('ref_axis',(0.,0.,-1.));
#838=DIRECTION('center_axis',(0.,1.,0.));
#839=DIRECTION('ref_axis',(-1.,0.,0.));
#840=DIRECTION('center_axis',(-1.,0.,0.));
#841=DIRECTION('ref_axis',(0.,0.,1.));
#842=DIRECTION('center_axis',(0.,-1.,0.));
#843=DIRECTION('ref_axis',(-1.,0.,0.));
#844=DIRECTION('center_axis',(0.,-1.,0.));
#845=DIRECTION('ref_axis',(-1.,0.,0.));
#846=DIRECTION('center_axis',(0.,-1.,0.));
#847=DIRECTION('ref_axis',(1.,0.,0.));
#848=DIRECTION('',(0.,1.,0.));
#849=DIRECTION('center_axis',(0.,-1.,0.));
#850=DIRECTION('ref_axis',(0.,0.,-1.));
#851=DIRECTION('center_axis',(0.,-1.,0.));
#852=DIRECTION('ref_axis',(0.,0.,-1.));
#853=DIRECTION('center_axis',(0.,1.,0.));
#854=DIRECTION('ref_axis',(-1.,0.,0.));
#855=DIRECTION('center_axis',(-1.,0.,-1.22464679914735E-16));
#856=DIRECTION('ref_axis',(-1.22464679914735E-16,0.,1.));
#857=DIRECTION('center_axis',(0.,-1.,0.));
#858=DIRECTION('ref_axis',(-1.,0.,0.));
#859=DIRECTION('center_axis',(0.,-1.,0.));
#860=DIRECTION('ref_axis',(-1.,0.,0.));
#861=DIRECTION('center_axis',(0.,-1.,0.));
#862=DIRECTION('ref_axis',(1.,0.,0.));
#863=DIRECTION('',(0.,1.,0.));
#864=DIRECTION('center_axis',(0.,-1.,0.));
#865=DIRECTION('ref_axis',(0.,0.,-1.));
#866=DIRECTION('center_axis',(0.,-1.,0.));
#867=DIRECTION('ref_axis',(0.,0.,-1.));
#868=DIRECTION('center_axis',(0.,1.,0.));
#869=DIRECTION('ref_axis',(-1.,0.,0.));
#870=DIRECTION('center_axis',(-1.,0.,0.));
#871=DIRECTION('ref_axis',(0.,0.,1.));
#872=DIRECTION('center_axis',(0.,-1.,0.));
#873=DIRECTION('ref_axis',(-1.,0.,0.));
#874=DIRECTION('center_axis',(0.,-1.,0.));
#875=DIRECTION('ref_axis',(-1.,0.,0.));
#876=DIRECTION('center_axis',(0.,-1.,0.));
#877=DIRECTION('ref_axis',(1.,0.,0.));
#878=DIRECTION('',(0.,1.,0.));
#879=DIRECTION('center_axis',(0.,-1.,0.));
#880=DIRECTION('ref_axis',(0.,0.,-1.));
#881=DIRECTION('center_axis',(0.,-1.,0.));
#882=DIRECTION('ref_axis',(0.,0.,-1.));
#883=DIRECTION('center_axis',(0.,1.,0.));
#884=DIRECTION('ref_axis',(-1.,0.,0.));
#885=DIRECTION('center_axis',(-1.,0.,0.));
#886=DIRECTION('ref_axis',(0.,0.,1.));
#887=DIRECTION('center_axis',(0.,-1.,0.));
#888=DIRECTION('ref_axis',(-1.,0.,0.));
#889=DIRECTION('center_axis',(0.,-1.,0.));
#890=DIRECTION('ref_axis',(-1.,0.,0.));
#891=DIRECTION('center_axis',(0.,-1.,0.));
#892=DIRECTION('ref_axis',(1.,0.,0.));
#893=DIRECTION('',(0.,1.,0.));
#894=DIRECTION('center_axis',(0.,-1.,0.));
#895=DIRECTION('ref_axis',(0.,0.,-1.));
#896=DIRECTION('center_axis',(0.,1.,0.));
#897=DIRECTION('ref_axis',(1.,0.,0.));
#898=DIRECTION('center_axis',(0.,-1.,0.));
#899=DIRECTION('ref_axis',(1.,0.,0.));
#900=DIRECTION('',(0.,-1.,0.));
#901=DIRECTION('center_axis',(0.,1.,0.));
#902=DIRECTION('ref_axis',(1.,0.,0.));
#903=DIRECTION('center_axis',(0.,-1.,0.));
#904=DIRECTION('ref_axis',(1.,0.,0.));
#905=DIRECTION('',(0.,-1.,0.));
#906=DIRECTION('center_axis',(0.,1.,0.));
#907=DIRECTION('ref_axis',(1.,0.,0.));
#908=DIRECTION('center_axis',(0.,-1.,0.));
#909=DIRECTION('ref_axis',(1.,0.,0.));
#910=DIRECTION('',(0.,-1.,0.));
#911=DIRECTION('center_axis',(0.,-1.,0.));
#912=DIRECTION('ref_axis',(1.,0.,0.));
#913=DIRECTION('',(0.,1.,0.));
#914=DIRECTION('center_axis',(0.,-1.,0.));
#915=DIRECTION('ref_axis',(1.,0.,0.));
#916=DIRECTION('center_axis',(0.,-1.,0.));
#917=DIRECTION('ref_axis',(0.,0.,-1.));
#918=DIRECTION('center_axis',(0.,-1.,0.));
#919=DIRECTION('ref_axis',(1.,0.,0.));
#920=DIRECTION('center_axis',(0.,-1.,0.));
#921=DIRECTION('ref_axis',(1.,0.,0.));
#922=DIRECTION('center_axis',(0.,-1.,0.));
#923=DIRECTION('ref_axis',(1.,0.,0.));
#924=DIRECTION('center_axis',(0.,-1.,0.));
#925=DIRECTION('ref_axis',(1.,0.,0.));
#926=DIRECTION('center_axis',(0.,-1.,0.));
#927=DIRECTION('ref_axis',(1.,0.,0.));
#928=DIRECTION('center_axis',(0.,-1.,0.));
#929=DIRECTION('ref_axis',(1.,0.,0.));
#930=DIRECTION('center_axis',(0.,-1.,0.));
#931=DIRECTION('ref_axis',(1.,0.,0.));
#932=CARTESIAN_POINT('',(0.,0.,0.));
#933=CARTESIAN_POINT('Origin',(40.3220683072636,-0.5,55.4985658141214));
#934=CARTESIAN_POINT('',(49.2352162374659,1.5,57.5669695402665));
#935=CARTESIAN_POINT('',(47.286987181684,-0.5,57.1148594361911));
#936=CARTESIAN_POINT('Origin',(49.2352162374659,-0.5,57.5669695402665));
#937=CARTESIAN_POINT('',(33.1720683072636,-0.5,55.4985658141214));
#938=CARTESIAN_POINT('Origin',(40.3220683072636,-0.5,55.4985658141214));
#939=CARTESIAN_POINT('',(39.7069765921406,-0.5,62.6220594922254));
#940=CARTESIAN_POINT('Origin',(40.3220683072636,-0.5,55.4985658141214));
#941=CARTESIAN_POINT('',(39.5349229655328,1.5,64.6146451364502));
#942=CARTESIAN_POINT('Origin',(39.5349229655328,-0.5,64.6146451364502));
#943=CARTESIAN_POINT('Origin',(40.3220683072636,1.5,55.4985658141214));
#944=CARTESIAN_POINT('Ctrl Pts',(44.5247328611548,1.5,61.2830373239023));
#945=CARTESIAN_POINT('Ctrl Pts',(44.5284293988635,1.5,61.2803516320506));
#946=CARTESIAN_POINT('Ctrl Pts',(44.5321234160694,1.5,61.2776673742514));
#947=CARTESIAN_POINT('Ctrl Pts',(45.1950117475666,1.5,60.795837636424));
#948=CARTESIAN_POINT('Ctrl Pts',(46.1766962211478,1.5,60.0573420123826));
#949=CARTESIAN_POINT('Ctrl Pts',(47.7580828139641,1.5,58.8078439090821));
#950=CARTESIAN_POINT('Ctrl Pts',(48.6768927025027,1.5,58.0444860778559));
#951=CARTESIAN_POINT('Ctrl Pts',(49.2352162374659,1.5,57.5669695402665));
#952=CARTESIAN_POINT('Ctrl Pts',(44.5247328611548,1.5,61.2830373239023));
#953=CARTESIAN_POINT('Ctrl Pts',(44.5283013878757,1.49959626510067,61.2804701829701));
#954=CARTESIAN_POINT('Ctrl Pts',(44.5318317600817,1.49922723434881,61.2778500846952));
#955=CARTESIAN_POINT('Ctrl Pts',(45.1705429244969,1.42815433223858,60.8155806412425));
#956=CARTESIAN_POINT('Ctrl Pts',(46.0777900920272,1.32435290201144,60.0527194988634));
#957=CARTESIAN_POINT('Ctrl Pts',(47.4473385880186,1.27314496146424,58.7031989581957));
#958=CARTESIAN_POINT('Ctrl Pts',(48.1917581998741,1.36496762344431,57.8740660359928));
#959=CARTESIAN_POINT('Ctrl Pts',(48.6523074670702,1.5,57.4316985134497));
#960=CARTESIAN_POINT('Ctrl Pts',(44.5247328611548,1.5,61.2830373239023));
#961=CARTESIAN_POINT('Ctrl Pts',(44.5280593900501,1.49890727892775,61.2806560633181));
#962=CARTESIAN_POINT('Ctrl Pts',(44.5313420265286,1.49785682222722,61.278194738255));
#963=CARTESIAN_POINT('Ctrl Pts',(45.1259469161669,1.30374336839771,60.847796157347));
#964=CARTESIAN_POINT('Ctrl Pts',(45.9285765678656,1.01343994672547,60.0773653561841));
#965=CARTESIAN_POINT('Ctrl Pts',(46.985560833653,0.736698060538358,58.6217487602861));
#966=CARTESIAN_POINT('Ctrl Pts',(47.4293267409562,0.782304098425039,57.6766713883168));
#967=CARTESIAN_POINT('Ctrl Pts',(47.6434436972621,0.997467763409315,57.1975794797497));
#968=CARTESIAN_POINT('Ctrl Pts',(44.5247328611548,1.5,61.2830373239023));
#969=CARTESIAN_POINT('Ctrl Pts',(44.5278075873917,1.49822833639328,61.2808166251995));
#970=CARTESIAN_POINT('Ctrl Pts',(44.5308628154324,1.49647684684302,61.2785669436393));
#971=CARTESIAN_POINT('Ctrl Pts',(45.0810320703542,1.17954439519831,60.8784241821626));
#972=CARTESIAN_POINT('Ctrl Pts',(45.818157733581,0.702448592805133,60.1576919629539));
#973=CARTESIAN_POINT('Ctrl Pts',(46.7668280885978,0.0852755768927649,58.7294708253901));
#974=CARTESIAN_POINT('Ctrl Pts',(47.1436130527842,-0.116545532589859,57.741716199191));
#975=CARTESIAN_POINT('Ctrl Pts',(47.286987181684,-0.0512010494871718,57.1148594361911));
#976=CARTESIAN_POINT('Ctrl Pts',(44.5247328611548,1.5,61.2830373239023));
#977=CARTESIAN_POINT('Ctrl Pts',(44.5276976778584,1.49794045366458,61.2808832584794));
#978=CARTESIAN_POINT('Ctrl Pts',(44.5306596608894,1.49588208748515,61.2787290516494));
#979=CARTESIAN_POINT('Ctrl Pts',(45.0616369747906,1.1265228261564,60.8913675579973));
#980=CARTESIAN_POINT('Ctrl Pts',(45.7777932213934,0.569637815283614,60.2014943804674));
#981=CARTESIAN_POINT('Ctrl Pts',(46.7247790541946,-0.193691500487265,58.8065715576567));
#982=CARTESIAN_POINT('Ctrl Pts',(47.1257623215253,-0.5,57.8096082468109));
#983=CARTESIAN_POINT('Ctrl Pts',(47.286987181684,-0.500000000000001,57.1148594361911));
#984=CARTESIAN_POINT('',(44.5247328611548,1.5,61.2830373239023));
#985=CARTESIAN_POINT('Origin',(0.,1.5,0.));
#986=CARTESIAN_POINT('Ctrl Pts',(44.5247328611548,1.5,61.2830373239023));
#987=CARTESIAN_POINT('Ctrl Pts',(44.5276976778584,1.49794045366458,61.2808832584794));
#988=CARTESIAN_POINT('Ctrl Pts',(44.5306596608894,1.49588208748515,61.2787290516494));
#989=CARTESIAN_POINT('Ctrl Pts',(45.0616369747906,1.1265228261564,60.8913675579973));
#990=CARTESIAN_POINT('Ctrl Pts',(45.7777932213934,0.569637815283614,60.2014943804674));
#991=CARTESIAN_POINT('Ctrl Pts',(46.7247790541946,-0.193691500487265,58.8065715576567));
#992=CARTESIAN_POINT('Ctrl Pts',(47.1257623215253,-0.5,57.8096082468109));
#993=CARTESIAN_POINT('Ctrl Pts',(47.286987181684,-0.500000000000001,57.1148594361911));
#994=CARTESIAN_POINT('Ctrl Pts',(39.5349229655328,1.5,64.6146451364502));
#995=CARTESIAN_POINT('Ctrl Pts',(40.1616058161198,1.5,64.2312048471867));
#996=CARTESIAN_POINT('Ctrl Pts',(41.170732971292,1.50000000000001,63.593711548713));
#997=CARTESIAN_POINT('Ctrl Pts',(42.8483265063311,1.50000000000001,62.4755474420521));
#998=CARTESIAN_POINT('Ctrl Pts',(43.8545349698885,1.50000000000003,61.7697541869443));
#999=CARTESIAN_POINT('Ctrl Pts',(44.5173714421021,1.5,61.2883853056398));
#1000=CARTESIAN_POINT('Ctrl Pts',(44.5210515549095,1.5,61.2857119494482));
#1001=CARTESIAN_POINT('Ctrl Pts',(44.5247328611548,1.5,61.2830373239023));
#1002=CARTESIAN_POINT('Ctrl Pts',(39.5864012902351,1.5,64.0184649058269));
#1003=CARTESIAN_POINT('Ctrl Pts',(40.1451277768292,1.36551342802093,63.7129342156943));
#1004=CARTESIAN_POINT('Ctrl Pts',(41.1658200060109,1.27148904207734,63.2652182596401));
#1005=CARTESIAN_POINT('Ctrl Pts',(42.873428478495,1.3229170292027,62.3797694372399));
#1006=CARTESIAN_POINT('Ctrl Pts',(43.8794945481396,1.42859635688149,61.7511808978911));
#1007=CARTESIAN_POINT('Ctrl Pts',(44.5176485187452,1.49921990744735,61.2881822189909));
#1008=CARTESIAN_POINT('Ctrl Pts',(44.521190356048,1.49960932189576,61.2856111045181));
#1009=CARTESIAN_POINT('Ctrl Pts',(44.5247328611548,1.5,61.2830373239023));
#1010=CARTESIAN_POINT('Ctrl Pts',(39.6755302413527,0.997952632048156,62.9862456380131));
#1011=CARTESIAN_POINT('Ctrl Pts',(40.1921612233849,0.790500916685498,62.9243096905448));
#1012=CARTESIAN_POINT('Ctrl Pts',(41.2306954807587,0.739024667359324,62.7986381023968));
#1013=CARTESIAN_POINT('Ctrl Pts',(42.9424965677796,1.01646098494558,62.2433853680143));
#1014=CARTESIAN_POINT('Ctrl Pts',(43.9233352121065,1.30485536701778,61.7181861825452));
#1015=CARTESIAN_POINT('Ctrl Pts',(44.5181337944943,1.49785007938104,61.2878300890805));
#1016=CARTESIAN_POINT('Ctrl Pts',(44.5214332580404,1.49892563521335,61.2854346258904));
#1017=CARTESIAN_POINT('Ctrl Pts',(44.5247328611548,1.5,61.2830373239023));
#1018=CARTESIAN_POINT('Ctrl Pts',(39.7069765921406,-0.0512010494871735,
62.6220594922253));
#1019=CARTESIAN_POINT('Ctrl Pts',(40.3456388184304,-0.112810921980867,62.6783144226295));
#1020=CARTESIAN_POINT('Ctrl Pts',(41.4017690251533,0.085751694453786,62.6261407041013));
#1021=CARTESIAN_POINT('Ctrl Pts',(43.0540050752774,0.703966986596905,62.1655445279209));
#1022=CARTESIAN_POINT('Ctrl Pts',(43.9675716924105,1.18013594012792,61.686300908202));
#1023=CARTESIAN_POINT('Ctrl Pts',(44.5186193220789,1.49648398821249,61.2874761423915));
#1024=CARTESIAN_POINT('Ctrl Pts',(44.5216761600328,1.49824194853094,61.2852581472628));
#1025=CARTESIAN_POINT('Ctrl Pts',(44.5247328611548,1.5,61.2830373239023));
#1026=CARTESIAN_POINT('Ctrl Pts',(39.7069765921406,-0.5,62.6220594922253));
#1027=CARTESIAN_POINT('Ctrl Pts',(40.4175501992277,-0.499999999999998,62.6834153322744));
#1028=CARTESIAN_POINT('Ctrl Pts',(41.4887110644087,-0.194524705010913,62.6099697422082));
#1029=CARTESIAN_POINT('Ctrl Pts',(43.1087149067481,0.56967566001352,62.140664482784));
#1030=CARTESIAN_POINT('Ctrl Pts',(43.9865833585356,1.12662385463248,61.6725222824012));
#1031=CARTESIAN_POINT('Ctrl Pts',(44.5188275239724,1.4958987536638,61.2873253303119));
#1032=CARTESIAN_POINT('Ctrl Pts',(44.5217802608867,1.49794893995276,61.2851825135652));
#1033=CARTESIAN_POINT('Ctrl Pts',(44.5247328611548,1.5,61.2830373239023));
#1034=CARTESIAN_POINT('Ctrl Pts',(39.7069765921406,-0.5,62.6220594922253));
#1035=CARTESIAN_POINT('Ctrl Pts',(40.4175501992277,-0.499999999999998,62.6834153322744));
#1036=CARTESIAN_POINT('Ctrl Pts',(41.4887110644087,-0.194524705010913,62.6099697422082));
#1037=CARTESIAN_POINT('Ctrl Pts',(43.1087149067481,0.56967566001352,62.140664482784));
#1038=CARTESIAN_POINT('Ctrl Pts',(43.9865833585356,1.12662385463248,61.6725222824012));
#1039=CARTESIAN_POINT('Ctrl Pts',(44.5188275239724,1.4958987536638,61.2873253303119));
#1040=CARTESIAN_POINT('Ctrl Pts',(44.5217802608867,1.49794893995276,61.2851825135652));
#1041=CARTESIAN_POINT('Ctrl Pts',(44.5247328611548,1.5,61.2830373239023));
#1042=CARTESIAN_POINT('Origin',(0.,1.5,0.));
#1043=CARTESIAN_POINT('Origin',(0.,1.5,0.));
#1044=CARTESIAN_POINT('',(-39.5349229655328,1.5,64.6146451364502));
#1045=CARTESIAN_POINT('Origin',(0.,1.5,0.));
#1046=CARTESIAN_POINT('',(-49.2352162374659,1.5,57.5669695402665));
#1047=CARTESIAN_POINT('Origin',(-40.3220683072637,1.5,55.4985658141214));
#1048=CARTESIAN_POINT('',(-75.75,1.5,-9.2766995035412E-15));
#1049=CARTESIAN_POINT('Origin',(0.,1.5,0.));
#1050=CARTESIAN_POINT('',(-73.6691423727739,1.5,-17.6329226749272));
#1051=CARTESIAN_POINT('Origin',(0.,1.5,0.));
#1052=CARTESIAN_POINT('',(-69.9639600437374,1.5,-29.0363013312356));
#1053=CARTESIAN_POINT('Origin',(-65.2424770178475,1.5,-21.1985658141214));
#1054=CARTESIAN_POINT('',(-5.99511094289658,1.5,-75.5123906705539));
#1055=CARTESIAN_POINT('Origin',(0.,1.5,0.));
#1056=CARTESIAN_POINT('',(5.9951109428966,1.5,-75.5123906705539));
#1057=CARTESIAN_POINT('Origin',(8.40107704215084E-15,1.5,-68.6));
#1058=CARTESIAN_POINT('',(69.9639600437375,1.5,-29.0363013312355));
#1059=CARTESIAN_POINT('Origin',(0.,1.5,0.));
#1060=CARTESIAN_POINT('',(73.6691423727739,1.5,-17.6329226749273));
#1061=CARTESIAN_POINT('Origin',(65.2424770178475,1.5,-21.1985658141214));
#1062=CARTESIAN_POINT('Origin',(0.,1.5,0.));
#1063=CARTESIAN_POINT('',(-1.,1.49999999999999,73.8904202434385));
#1064=CARTESIAN_POINT('Origin',(0.,1.49999999999999,73.8904202434385));
#1065=CARTESIAN_POINT('',(62.9909810271257,1.49999999999999,-36.9452101217193));
#1066=CARTESIAN_POINT('Origin',(63.9909810271257,1.49999999999999,-36.9452101217193));
#1067=CARTESIAN_POINT('',(-64.9909810271257,1.49999999999999,-36.9452101217192));
#1068=CARTESIAN_POINT('Origin',(-63.9909810271257,1.49999999999999,-36.9452101217192));
#1069=CARTESIAN_POINT('Origin',(65.2424770178475,-0.5,-21.1985658141214));
#1070=CARTESIAN_POINT('',(68.931941896002,-0.5,-27.3231350979866));
#1071=CARTESIAN_POINT('Origin',(69.9639600437375,-0.5,-29.0363013312355));
#1072=CARTESIAN_POINT('',(58.0924770178475,-0.5,-21.1985658141214));
#1073=CARTESIAN_POINT('Origin',(65.2424770178475,-0.5,-21.1985658141214));
#1074=CARTESIAN_POINT('',(71.8272483061234,-0.5,-18.4122982244779));
#1075=CARTESIAN_POINT('Origin',(65.2424770178475,-0.5,-21.1985658141214));
#1076=CARTESIAN_POINT('Origin',(73.669142372774,-0.5,-17.6329226749273));
#1077=CARTESIAN_POINT('Ctrl Pts',(72.0425311093579,1.5,-23.4080373239022));
#1078=CARTESIAN_POINT('Ctrl Pts',(72.0411360841763,1.5,-23.4123307699375));
#1079=CARTESIAN_POINT('Ctrl Pts',(72.0397416437967,1.5,-23.4166214009579));
#1080=CARTESIAN_POINT('Ctrl Pts',(71.7863490172945,1.49999999999998,-24.1959323765881));
#1081=CARTESIAN_POINT('Ctrl Pts',(71.3873547066805,1.5,-25.3577899730399));
#1082=CARTESIAN_POINT('Ctrl Pts',(70.6876439903355,1.49999999999999,-27.2480130804539));
#1083=CARTESIAN_POINT('Ctrl Pts',(70.2455818688441,1.5,-28.3577239224106));
#1084=CARTESIAN_POINT('Ctrl Pts',(69.9639600437375,1.5,-29.0363013312355));
#1085=CARTESIAN_POINT('Ctrl Pts',(72.0425311093579,1.5,-23.4080373239022));
#1086=CARTESIAN_POINT('Ctrl Pts',(72.0412085448925,1.49960101235888,-23.412174307595));
#1087=CARTESIAN_POINT('Ctrl Pts',(72.0398241635972,1.49923658165889,-23.4162915519874));
#1088=CARTESIAN_POINT('Ctrl Pts',(71.797566046796,1.42816742372555,-24.1665645894352));
#1089=CARTESIAN_POINT('Ctrl Pts',(71.3524043231449,1.32435756612087,-25.2651636505533));
#1090=CARTESIAN_POINT('Ctrl Pts',(70.4920960044015,1.27314355158255,-26.9848149137731));
#1091=CARTESIAN_POINT('Ctrl Pts',(69.9335893542037,1.36496461652692,-27.9490000279553));
#1092=CARTESIAN_POINT('Ctrl Pts',(69.6551809359949,1.49999999999998,-28.5237231928781));
#1093=CARTESIAN_POINT('Ctrl Pts',(72.0425311093579,1.5,-23.4080373239022));
#1094=CARTESIAN_POINT('Ctrl Pts',(72.0413090740403,1.49892046100264,-23.4118900960761));
#1095=CARTESIAN_POINT('Ctrl Pts',(72.0399987887496,1.49788239938818,-23.4157262186249));
#1096=CARTESIAN_POINT('Ctrl Pts',(71.8143968514355,1.30379409868291,-24.1142017677925));
#1097=CARTESIAN_POINT('Ctrl Pts',(71.3297187570742,1.01349135721857,-25.1156457642182));
#1098=CARTESIAN_POINT('Ctrl Pts',(70.271925908083,0.736711351748582,-26.5708069067181));
#1099=CARTESIAN_POINT('Ctrl Pts',(69.5101530975134,0.782387938690634,-27.284857633398));
#1100=CARTESIAN_POINT('Ctrl Pts',(69.1207568394006,0.997480061352415,-27.636570851101));
#1101=CARTESIAN_POINT('Ctrl Pts',(72.0425311093579,1.5,-23.4080373239022));
#1102=CARTESIAN_POINT('Ctrl Pts',(72.0413832634658,1.4982495315671,-23.4116045280208));
#1103=CARTESIAN_POINT('Ctrl Pts',(72.0402019920955,1.4965191080174,-23.4151622176087));
#1104=CARTESIAN_POINT('Ctrl Pts',(71.8296762734994,1.17960374619594,-24.0620367159132));
#1105=CARTESIAN_POINT('Ctrl Pts',(71.3720222886009,0.702497864360625,-24.9858244223073));
#1106=CARTESIAN_POINT('Ctrl Pts',(70.306799875493,0.0852854897053747,-26.329496903434));
#1107=CARTESIAN_POINT('Ctrl Pts',(69.4838295769514,-0.116548230586924,-26.9930590984736));
#1108=CARTESIAN_POINT('Ctrl Pts',(68.931941896002,-0.0512010494871811,-27.3231350979866));
#1109=CARTESIAN_POINT('Ctrl Pts',(72.0425311093579,1.5,-23.4080373239022));
#1110=CARTESIAN_POINT('Ctrl Pts',(72.0414122261506,1.49796514366478,-23.4114808923293));
#1111=CARTESIAN_POINT('Ctrl Pts',(72.0402923752118,1.49593144152367,-23.4149218410126));
#1112=CARTESIAN_POINT('Ctrl Pts',(71.8359905937473,1.12658956909338,-24.0395949696592));
#1113=CARTESIAN_POINT('Ctrl Pts',(71.4012055047174,0.569696614830752,-24.9339009763085));
#1114=CARTESIAN_POINT('Ctrl Pts',(70.3671331382071,-0.193681864852164,-26.2656800654217));
#1115=CARTESIAN_POINT('Ctrl Pts',(69.5428835669265,-0.49999999999998,-26.9551014072885));
#1116=CARTESIAN_POINT('Ctrl Pts',(68.931941896002,-0.5,-27.3231350979866));
#1117=CARTESIAN_POINT('',(72.0425311093579,1.5,-23.4080373239023));
#1118=CARTESIAN_POINT('Origin',(0.,1.5,0.));
#1119=CARTESIAN_POINT('Ctrl Pts',(72.0425311093579,1.5,-23.4080373239022));
#1120=CARTESIAN_POINT('Ctrl Pts',(72.0414122261506,1.49796514366478,-23.4114808923293));
#1121=CARTESIAN_POINT('Ctrl Pts',(72.0402923752118,1.49593144152367,-23.4149218410126));
#1122=CARTESIAN_POINT('Ctrl Pts',(71.8359905937473,1.12658956909338,-24.0395949696592));
#1123=CARTESIAN_POINT('Ctrl Pts',(71.4012055047174,0.569696614830752,-24.9339009763085));
#1124=CARTESIAN_POINT('Ctrl Pts',(70.3671331382071,-0.193681864852164,-26.2656800654217));
#1125=CARTESIAN_POINT('Ctrl Pts',(69.5428835669265,-0.49999999999998,-26.9551014072885));
#1126=CARTESIAN_POINT('Ctrl Pts',(68.931941896002,-0.5,-27.3231350979866));
#1127=CARTESIAN_POINT('Ctrl Pts',(73.6691423727739,1.5,-17.6329226749273));
#1128=CARTESIAN_POINT('Ctrl Pts',(73.4981253137869,1.5,-18.3474202258413));
#1129=CARTESIAN_POINT('Ctrl Pts',(73.2036673709365,1.49999999999999,-19.5041675278678));
#1130=CARTESIAN_POINT('Ctrl Pts',(72.6586409760731,1.49999999999999,-21.4451643284223));
#1131=CARTESIAN_POINT('Ctrl Pts',(72.2983292103397,1.49999999999997,-22.620220766818));
#1132=CARTESIAN_POINT('Ctrl Pts',(72.0453472048699,1.5,-23.3993692132918));
#1133=CARTESIAN_POINT('Ctrl Pts',(72.0439395766231,1.5,-23.4037025073874));
#1134=CARTESIAN_POINT('Ctrl Pts',(72.0425311093579,1.5,-23.4080373239023));
#1135=CARTESIAN_POINT('Ctrl Pts',(73.1180489567282,1.49999999999998,-17.8661112940564));
#1136=CARTESIAN_POINT('Ctrl Pts',(73.0001284485039,1.36551395947273,-18.4919034625542));
#1137=CARTESIAN_POINT('Ctrl Pts',(72.8897392348287,1.27149251448586,-19.6010091747584));
#1138=CARTESIAN_POINT('Ctrl Pts',(72.5753094777566,1.32291954761712,-21.4986381734231));
#1139=CARTESIAN_POINT('Ctrl Pts',(72.2883781029663,1.42859536213301,-22.649699489672));
#1140=CARTESIAN_POINT('Ctrl Pts',(72.045239494851,1.49921861031583,-23.3996960237595));
#1141=CARTESIAN_POINT('Ctrl Pts',(72.0438864713269,1.49960867358798,-23.4038659486832));
#1142=CARTESIAN_POINT('Ctrl Pts',(72.0425311093579,1.5,-23.4080373239023));
#1143=CARTESIAN_POINT('Ctrl Pts',(72.1638732258851,0.997977699601443,-18.2698593966528));
#1144=CARTESIAN_POINT('Ctrl Pts',(72.2646159946134,0.790526804027629,-18.7803419016787));
#1145=CARTESIAN_POINT('Ctrl Pts',(72.4660441498158,0.739030210654527,-19.8068942373023));
#1146=CARTESIAN_POINT('Ctrl Pts',(72.4669421846678,1.01646346255367,-21.6064750228333));
#1147=CARTESIAN_POINT('Ctrl Pts',(72.2705455198699,1.3048511972243,-22.7015919298551));
#1148=CARTESIAN_POINT('Ctrl Pts',(72.0450542452863,1.49784651018813,-23.4002673060542));
#1149=CARTESIAN_POINT('Ctrl Pts',(72.0437935370586,1.49892385236695,-23.4041519709508));
#1150=CARTESIAN_POINT('Ctrl Pts',(72.0425311093579,1.5,-23.4080373239023));
#1151=CARTESIAN_POINT('Ctrl Pts',(71.8272483061234,-0.0512010494871835,
-18.4122982244779));
#1152=CARTESIAN_POINT('Ctrl Pts',(72.0781064145248,-0.112810678516569,-19.0023160354022));
#1153=CARTESIAN_POINT('Ctrl Pts',(72.354854783961,0.0857550789085782,-20.0228928653543));
#1154=CARTESIAN_POINT('Ctrl Pts',(72.4273696494139,0.703963238661899,-21.7365756152929));
#1155=CARTESIAN_POINT('Ctrl Pts',(72.2538897582787,1.18012897885444,-22.7535165148647));
#1156=CARTESIAN_POINT('Ctrl Pts',(72.044867350283,1.49647815149524,-23.4008393977458));
#1157=CARTESIAN_POINT('Ctrl Pts',(72.0437006027904,1.49823903114592,-23.4044379932183));
#1158=CARTESIAN_POINT('Ctrl Pts',(72.0425311093579,1.5,-23.4080373239023));
#1159=CARTESIAN_POINT('Ctrl Pts',(71.8272483061234,-0.5,-18.4122982244779));
#1160=CARTESIAN_POINT('Ctrl Pts',(72.1051793996519,-0.499999999999983,-19.0691312909028));
#1161=CARTESIAN_POINT('Ctrl Pts',(72.3663403779082,-0.19451551698171,-20.1105744659346));
#1162=CARTESIAN_POINT('Ctrl Pts',(72.420612655338,0.569674842602059,-21.7962946812501));
#1163=CARTESIAN_POINT('Ctrl Pts',(72.2466600507273,1.12661673523126,-22.7758556193152));
#1164=CARTESIAN_POINT('Ctrl Pts',(72.0447881277119,1.495891941547,-23.4010844207849));
#1165=CARTESIAN_POINT('Ctrl Pts',(72.0436607738182,1.49794553633691,-23.4045605741901));
#1166=CARTESIAN_POINT('Ctrl Pts',(72.0425311093579,1.5,-23.4080373239023));
#1167=CARTESIAN_POINT('Ctrl Pts',(71.8272483061234,-0.5,-18.4122982244779));
#1168=CARTESIAN_POINT('Ctrl Pts',(72.1051793996519,-0.499999999999983,-19.0691312909028));
#1169=CARTESIAN_POINT('Ctrl Pts',(72.3663403779082,-0.19451551698171,-20.1105744659346));
#1170=CARTESIAN_POINT('Ctrl Pts',(72.420612655338,0.569674842602059,-21.7962946812501));
#1171=CARTESIAN_POINT('Ctrl Pts',(72.2466600507273,1.12661673523126,-22.7758556193152));
#1172=CARTESIAN_POINT('Ctrl Pts',(72.0447881277119,1.495891941547,-23.4010844207849));
#1173=CARTESIAN_POINT('Ctrl Pts',(72.0436607738182,1.49794553633691,-23.4045605741901));
#1174=CARTESIAN_POINT('Ctrl Pts',(72.0425311093579,1.5,-23.4080373239023));
#1175=CARTESIAN_POINT('Origin',(0.,1.5,0.));
#1176=CARTESIAN_POINT('Origin',(-40.3220683072637,-0.5,55.4985658141214));
#1177=CARTESIAN_POINT('',(-39.7069765921406,-0.5,62.6220594922253));
#1178=CARTESIAN_POINT('Origin',(-39.5349229655328,-0.5,64.6146451364502));
#1179=CARTESIAN_POINT('',(-47.4720683072637,-0.5,55.4985658141214));
#1180=CARTESIAN_POINT('Origin',(-40.3220683072637,-0.5,55.4985658141214));
#1181=CARTESIAN_POINT('',(-47.286987181684,-0.5,57.1148594361911));
#1182=CARTESIAN_POINT('Origin',(-40.3220683072637,-0.5,55.4985658141214));
#1183=CARTESIAN_POINT('Origin',(-49.2352162374659,-0.5,57.5669695402665));
#1184=CARTESIAN_POINT('Ctrl Pts',(-44.5247328611549,1.5,61.2830373239023));
#1185=CARTESIAN_POINT('Ctrl Pts',(-44.5210447177275,1.5,61.2857169169516));
#1186=CARTESIAN_POINT('Ctrl Pts',(-44.5173587163955,1.5,61.2883945587812));
#1187=CARTESIAN_POINT('Ctrl Pts',(-43.8542717392816,1.50000000000005,61.7699426302121));
#1188=CARTESIAN_POINT('Ctrl Pts',(-42.8485612805628,1.50000000000001,62.4753745777128));
#1189=CARTESIAN_POINT('Ctrl Pts',(-41.1715221143705,1.50000000000002,63.5932603790656));
#1190=CARTESIAN_POINT('Ctrl Pts',(-40.1616030444042,1.5,64.2312065430803));
#1191=CARTESIAN_POINT('Ctrl Pts',(-39.5349229655328,1.5,64.6146451364502));
#1192=CARTESIAN_POINT('Ctrl Pts',(-44.5247328611549,1.5,61.2830373239023));
#1193=CARTESIAN_POINT('Ctrl Pts',(-44.5211966984947,1.49959716435362,61.2856320180907));
#1194=CARTESIAN_POINT('Ctrl Pts',(-44.5176219945697,1.49922900496399,61.2881741251402));
#1195=CARTESIAN_POINT('Ctrl Pts',(-43.8806094932812,1.4281568116279,61.7527731704987));
#1196=CARTESIAN_POINT('Ctrl Pts',(-42.8747289731956,1.32435378628769,62.3798835049488));
#1197=CARTESIAN_POINT('Ctrl Pts',(-41.1680241695243,1.27314469365436,63.2653880647478));
#1198=CARTESIAN_POINT('Ctrl Pts',(-40.1494385533703,1.36496705210858,63.7171542546356));
#1199=CARTESIAN_POINT('Ctrl Pts',(-39.5864012902351,1.5,64.0184649058268));
#1200=CARTESIAN_POINT('Ctrl Pts',(-44.5247328611549,1.5,61.2830373239023));
#1201=CARTESIAN_POINT('Ctrl Pts',(-44.5214476771845,1.49890976331059,61.28545967704));
#1202=CARTESIAN_POINT('Ctrl Pts',(-44.5181000469539,1.49786168226417,61.2878157070473));
#1203=CARTESIAN_POINT('Ctrl Pts',(-43.9250257453142,1.30375169157825,61.7203139714904));
#1204=CARTESIAN_POINT('Ctrl Pts',(-42.9442755751061,1.013446823727,62.2455890735044));
#1205=CARTESIAN_POINT('Ctrl Pts',(-41.2332563849949,0.73669871818597,62.8010400311126));
#1206=CARTESIAN_POINT('Ctrl Pts',(-40.1973015475068,0.782313691427819,62.9310315878024));
#1207=CARTESIAN_POINT('Ctrl Pts',(-39.6754970600172,0.99746924075153,62.9866299173459));
#1208=CARTESIAN_POINT('Ctrl Pts',(-44.5247328611549,1.5,61.2830373239023));
#1209=CARTESIAN_POINT('Ctrl Pts',(-44.5216776748153,1.49823235128542,61.285270259101));
#1210=CARTESIAN_POINT('Ctrl Pts',(-44.518600969165,1.49648485550147,61.2874757247477));
#1211=CARTESIAN_POINT('Ctrl Pts',(-43.968035505579,1.17955477191724,61.68706611533));
#1212=CARTESIAN_POINT('Ctrl Pts',(-43.0547936728883,0.702455925588806,62.1654007307405));
#1213=CARTESIAN_POINT('Ctrl Pts',(-41.4032997386774,0.085274847511639,62.6263023265501));
#1214=CARTESIAN_POINT('Ctrl Pts',(-40.3474614562154,-0.116546045287873,
62.6794123368774));
#1215=CARTESIAN_POINT('Ctrl Pts',(-39.7069765921406,-0.0512010494871745,
62.6220594922253));
#1216=CARTESIAN_POINT('Ctrl Pts',(-44.5247328611549,1.5,61.2830373239023));
#1217=CARTESIAN_POINT('Ctrl Pts',(-44.521774777107,1.49794513058146,61.2851864977644));
#1218=CARTESIAN_POINT('Ctrl Pts',(-44.51881743996,1.49589143970179,61.2873329435462));
#1219=CARTESIAN_POINT('Ctrl Pts',(-43.9863380484733,1.12653460439066,61.6726203508358));
#1220=CARTESIAN_POINT('Ctrl Pts',(-43.1089251241218,0.56964695173339,62.1405474435475));
#1221=CARTESIAN_POINT('Ctrl Pts',(-41.4896207987227,-0.193692280393069,
62.6101366916083));
#1222=CARTESIAN_POINT('Ctrl Pts',(-40.4175470564768,-0.499999999999993,
62.6834150609076));
#1223=CARTESIAN_POINT('Ctrl Pts',(-39.7069765921406,-0.5,62.6220594922253));
#1224=CARTESIAN_POINT('',(-44.5247328611548,1.5,61.2830373239023));
#1225=CARTESIAN_POINT('Origin',(0.,1.5,0.));
#1226=CARTESIAN_POINT('Ctrl Pts',(-44.5247328611549,1.5,61.2830373239023));
#1227=CARTESIAN_POINT('Ctrl Pts',(-44.521774777107,1.49794513058146,61.2851864977644));
#1228=CARTESIAN_POINT('Ctrl Pts',(-44.51881743996,1.49589143970179,61.2873329435462));
#1229=CARTESIAN_POINT('Ctrl Pts',(-43.9863380484733,1.12653460439066,61.6726203508358));
#1230=CARTESIAN_POINT('Ctrl Pts',(-43.1089251241218,0.56964695173339,62.1405474435475));
#1231=CARTESIAN_POINT('Ctrl Pts',(-41.4896207987227,-0.193692280393069,
62.6101366916083));
#1232=CARTESIAN_POINT('Ctrl Pts',(-40.4175470564768,-0.499999999999993,
62.6834150609076));
#1233=CARTESIAN_POINT('Ctrl Pts',(-39.7069765921406,-0.5,62.6220594922253));
#1234=CARTESIAN_POINT('Ctrl Pts',(-49.2352162374659,1.5,57.5669695402665));
#1235=CARTESIAN_POINT('Ctrl Pts',(-48.9560544699841,1.5,57.8057278090614));
#1236=CARTESIAN_POINT('Ctrl Pts',(-48.3643181360664,1.5,58.3045183925757));
#1237=CARTESIAN_POINT('Ctrl Pts',(-47.4434246412742,1.5,59.0564551541963));
#1238=CARTESIAN_POINT('Ctrl Pts',(-46.6489361700603,1.5,59.6844049217767));
#1239=CARTESIAN_POINT('Ctrl Pts',(-46.0074454561948,1.5,60.1789021453845));
#1240=CARTESIAN_POINT('Ctrl Pts',(-45.5204084856447,1.5,60.5481645475238));
#1241=CARTESIAN_POINT('Ctrl Pts',(-45.0294899574716,1.5,60.9141377520602));
#1242=CARTESIAN_POINT('Ctrl Pts',(-44.7004714724811,1.5,61.1553087855836));
#1243=CARTESIAN_POINT('Ctrl Pts',(-44.5321256993599,1.5,61.2776655999532));
#1244=CARTESIAN_POINT('Ctrl Pts',(-44.5284293988691,1.5,61.2803516320464));
#1245=CARTESIAN_POINT('Ctrl Pts',(-44.5247328611549,1.5,61.2830373239023));
#1246=CARTESIAN_POINT('Ctrl Pts',(-48.6523074670702,1.5,57.4316985134497));
#1247=CARTESIAN_POINT('Ctrl Pts',(-48.4206932827017,1.43275737661266,57.6501795057335));
#1248=CARTESIAN_POINT('Ctrl Pts',(-47.9392421797205,1.3301259595181,58.1570189531224));
#1249=CARTESIAN_POINT('Ctrl Pts',(-47.1749106162419,1.2819566751624,58.9707089266014));
#1250=CARTESIAN_POINT('Ctrl Pts',(-46.4873999973747,1.30702339314675,59.6501060766043));
#1251=CARTESIAN_POINT('Ctrl Pts',(-45.9126915192096,1.35260090922774,60.1726698789329));
#1252=CARTESIAN_POINT('Ctrl Pts',(-45.4667412557643,1.39613771914499,60.5548710999889));
#1253=CARTESIAN_POINT('Ctrl Pts',(-45.0076212934898,1.44596128647569,60.9239718492616));
#1254=CARTESIAN_POINT('Ctrl Pts',(-44.6937989638413,1.48130434666589,61.1600407166992));
#1255=CARTESIAN_POINT('Ctrl Pts',(-44.531845993792,1.4992160221497,61.2778670967569));
#1256=CARTESIAN_POINT('Ctrl Pts',(-44.528290023439,1.49960770545896,61.2804528942238));
#1257=CARTESIAN_POINT('Ctrl Pts',(-44.5247328611549,1.5,61.2830373239023));
#1258=CARTESIAN_POINT('Ctrl Pts',(-47.6430680134094,0.99795045341256,57.1974922977701));
#1259=CARTESIAN_POINT('Ctrl Pts',(-47.5337929203448,0.894225617825561,57.433592972083));
#1260=CARTESIAN_POINT('Ctrl Pts',(-47.2800949371191,0.768724059800912,58.0027488167057));
#1261=CARTESIAN_POINT('Ctrl Pts',(-46.7738513508929,0.794012279179103,58.9097222919727));
#1262=CARTESIAN_POINT('Ctrl Pts',(-46.2447368223669,0.931558393173219,59.6438463913441));
#1263=CARTESIAN_POINT('Ctrl Pts',(-45.767156792981,1.08343800686371,60.189935996959));
#1264=CARTESIAN_POINT('Ctrl Pts',(-45.3813736030336,1.21296102491844,60.5791084260121));
#1265=CARTESIAN_POINT('Ctrl Pts',(-44.9706487428574,1.35256212405998,60.9435415601976));
#1266=CARTESIAN_POINT('Ctrl Pts',(-44.6821033253486,1.44871984881632,61.168359527955));
#1267=CARTESIAN_POINT('Ctrl Pts',(-44.5313577516182,1.49784217945865,61.2782205259425));
#1268=CARTESIAN_POINT('Ctrl Pts',(-44.5280461164363,1.49892119001215,61.2806301030341));
#1269=CARTESIAN_POINT('Ctrl Pts',(-44.5247328611549,1.5,61.2830373239022));
#1270=CARTESIAN_POINT('Ctrl Pts',(-47.286987181684,-0.0512010494871745,
57.1148594361911));
#1271=CARTESIAN_POINT('Ctrl Pts',(-47.2150599587207,-0.0820056821881969,
57.4272501586919));
#1272=CARTESIAN_POINT('Ctrl Pts',(-47.0174649118268,-0.0429891489594884,
58.079902324504));
#1273=CARTESIAN_POINT('Ctrl Pts',(-46.5781405650688,0.209106582853345,59.0131451486918));
#1274=CARTESIAN_POINT('Ctrl Pts',(-46.1025670196787,0.519657643144215,59.7321181871391));
#1275=CARTESIAN_POINT('Ctrl Pts',(-45.6680879076167,0.801395035488576,60.2561154003597));
#1276=CARTESIAN_POINT('Ctrl Pts',(-45.3150337433876,1.02588862023122,60.6252650542));
#1277=CARTESIAN_POINT('Ctrl Pts',(-44.9372480605065,1.25855816985501,60.9675659840134));
#1278=CARTESIAN_POINT('Ctrl Pts',(-44.6705193131069,1.41607152121441,61.1767838480072));
#1279=CARTESIAN_POINT('Ctrl Pts',(-44.5308696461104,1.49646923437346,61.2785748186396));
#1280=CARTESIAN_POINT('Ctrl Pts',(-44.5278022094336,1.49823467456533,61.2808073118445));
#1281=CARTESIAN_POINT('Ctrl Pts',(-44.5247328611549,1.5,61.2830373239023));
#1282=CARTESIAN_POINT('Ctrl Pts',(-47.286987181684,-0.5,57.1148594361911));
#1283=CARTESIAN_POINT('Ctrl Pts',(-47.2063747516046,-0.499999999999996,
57.462233841501));
#1284=CARTESIAN_POINT('Ctrl Pts',(-46.9903403284917,-0.39091934413884,58.1498590926747));
#1285=CARTESIAN_POINT('Ctrl Pts',(-46.5362059364554,-0.0418237065937462,
59.0839836829079));
#1286=CARTESIAN_POINT('Ctrl Pts',(-46.061218720723,0.342915123210762,59.7856906120422));
#1287=CARTESIAN_POINT('Ctrl Pts',(-45.6342289897549,0.680374158003548,60.2928010287655));
#1288=CARTESIAN_POINT('Ctrl Pts',(-45.28984273178,0.945616787979027,60.6488346669209));
#1289=CARTESIAN_POINT('Ctrl Pts',(-44.923360193597,1.21821908327908,60.978620201202));
#1290=CARTESIAN_POINT('Ctrl Pts',(-44.665549831253,1.40207368675478,61.1804072880718));
#1291=CARTESIAN_POINT('Ctrl Pts',(-44.5306608421192,1.4958809097383,61.2787269065864));
#1292=CARTESIAN_POINT('Ctrl Pts',(-44.5276976778611,1.49794045365955,61.2808832584775));
#1293=CARTESIAN_POINT('Ctrl Pts',(-44.5247328611549,1.5,61.2830373239023));
#1294=CARTESIAN_POINT('Ctrl Pts',(-47.286987181684,-0.5,57.1148594361911));
#1295=CARTESIAN_POINT('Ctrl Pts',(-47.2063747516046,-0.499999999999996,
57.462233841501));
#1296=CARTESIAN_POINT('Ctrl Pts',(-46.9903403284917,-0.39091934413884,58.1498590926747));
#1297=CARTESIAN_POINT('Ctrl Pts',(-46.5362059364554,-0.0418237065937462,
59.0839836829079));
#1298=CARTESIAN_POINT('Ctrl Pts',(-46.061218720723,0.342915123210762,59.7856906120422));
#1299=CARTESIAN_POINT('Ctrl Pts',(-45.6342289897549,0.680374158003548,60.2928010287655));
#1300=CARTESIAN_POINT('Ctrl Pts',(-45.28984273178,0.945616787979027,60.6488346669209));
#1301=CARTESIAN_POINT('Ctrl Pts',(-44.923360193597,1.21821908327908,60.978620201202));
#1302=CARTESIAN_POINT('Ctrl Pts',(-44.665549831253,1.40207368675478,61.1804072880718));
#1303=CARTESIAN_POINT('Ctrl Pts',(-44.5306608421192,1.4958809097383,61.2787269065864));
#1304=CARTESIAN_POINT('Ctrl Pts',(-44.5276976778611,1.49794045365955,61.2808832584775));
#1305=CARTESIAN_POINT('Ctrl Pts',(-44.5247328611549,1.5,61.2830373239023));
#1306=CARTESIAN_POINT('Origin',(0.,1.5,0.));
#1307=CARTESIAN_POINT('Origin',(8.40107704215084E-15,-0.5,-68.6));
#1308=CARTESIAN_POINT('',(-4.68470417942193,-0.5,-74.001485605952));
#1309=CARTESIAN_POINT('Origin',(-5.9951109428966,-0.5,-75.5123906705539));
#1310=CARTESIAN_POINT('',(-7.14999999999999,-0.5,-68.6));
#1311=CARTESIAN_POINT('Origin',(8.40107704215084E-15,-0.5,-68.6));
#1312=CARTESIAN_POINT('',(4.68470417942195,-0.5,-74.001485605952));
#1313=CARTESIAN_POINT('Origin',(8.40107704215084E-15,-0.5,-68.6));
#1314=CARTESIAN_POINT('Origin',(5.99511094289662,-0.5,-75.5123906705539));
#1315=CARTESIAN_POINT('Ctrl Pts',(4.6383497517706E-15,1.5,-75.75));
#1316=CARTESIAN_POINT('Ctrl Pts',(-0.00454861367877155,1.5,-75.75));
#1317=CARTESIAN_POINT('Ctrl Pts',(-0.0090944035627058,1.5,-75.7499996731487));
#1318=CARTESIAN_POINT('Ctrl Pts',(-0.828571008972784,1.50000000000002,-75.7498301888769));
#1319=CARTESIAN_POINT('Ctrl Pts',(-2.05683525701847,1.5,-75.7293985227444));
#1320=CARTESIAN_POINT('Ctrl Pts',(-4.07066921137387,1.50000000000001,-75.6480488549014));
#1321=CARTESIAN_POINT('Ctrl Pts',(-5.26273265608644,1.5,-75.5705359503233));
#1322=CARTESIAN_POINT('Ctrl Pts',(-5.99511094289659,1.5,-75.5123906705539));
#1323=CARTESIAN_POINT('Ctrl Pts',(4.6699242623051E-15,1.5,-75.75));
#1324=CARTESIAN_POINT('Ctrl Pts',(-0.00437613733392772,1.49959804682871,
-75.7500206284777));
#1325=CARTESIAN_POINT('Ctrl Pts',(-0.00875260975476167,1.49923074254745,
-75.7499761207189));
#1326=CARTESIAN_POINT('Ctrl Pts',(-0.79717204466141,1.42815924497473,-75.7514212821572));
#1327=CARTESIAN_POINT('Ctrl Pts',(-1.97953822185293,1.32435465371264,-75.6675279022418));
#1328=CARTESIAN_POINT('Ctrl Pts',(-3.88078058331337,1.27314443117933,-75.3807386392239));
#1329=CARTESIAN_POINT('Ctrl Pts',(-4.97042216588105,1.36496649222426,-75.1475092651953));
#1330=CARTESIAN_POINT('Ctrl Pts',(-5.6030381561017,1.5,-75.060328932342));
#1331=CARTESIAN_POINT('Ctrl Pts',(4.72517965574047E-15,1.5,-75.75));
#1332=CARTESIAN_POINT('Ctrl Pts',(-0.00407262521587677,1.49891286414288,
-75.750027403152));
#1333=CARTESIAN_POINT('Ctrl Pts',(-0.00815634582263064,1.49786570406692,
-75.7499685262682));
#1334=CARTESIAN_POINT('Ctrl Pts',(-0.742179261610706,1.30381522850187,-75.7511606835613));
#1335=CARTESIAN_POINT('Ctrl Pts',(-1.84435166202239,1.01357546223525,-75.5996727118157));
#1336=CARTESIAN_POINT('Ctrl Pts',(-3.55508198113422,0.736760737979177,-75.0433886241751));
#1337=CARTESIAN_POINT('Ctrl Pts',(-4.46963779342131,0.782650176399036,-74.5392599817571));
#1338=CARTESIAN_POINT('Ctrl Pts',(-4.92442476463552,0.997515046871469,-74.2778845504508));
#1339=CARTESIAN_POINT('Ctrl Pts',(4.78043504917585E-15,1.5,-75.75));
#1340=CARTESIAN_POINT('Ctrl Pts',(-0.00377572912829502,1.49823629127873,
-75.7500106824765));
#1341=CARTESIAN_POINT('Ctrl Pts',(-0.0075527596737406,1.49649264036851,
-75.7499864745677));
#1342=CARTESIAN_POINT('Ctrl Pts',(-0.687829383313861,1.17958433201261,-75.749663770066));
#1343=CARTESIAN_POINT('Ctrl Pts',(-1.70780665413616,0.702507838270823,-75.5998767683893));
#1344=CARTESIAN_POINT('Ctrl Pts',(-3.31480909336476,0.085332853450739,-75.0020352336054));
#1345=CARTESIAN_POINT('Ctrl Pts',(-4.2002495309342,-0.116546547685613,-74.424354951747));
#1346=CARTESIAN_POINT('Ctrl Pts',(-4.68470417942193,-0.0512010494871741,
-74.001485605952));
#1347=CARTESIAN_POINT('Ctrl Pts',(4.80411593207673E-15,1.5,-75.75));
#1348=CARTESIAN_POINT('Ctrl Pts',(-0.00364822622406926,1.49794972024108,
-75.75));
#1349=CARTESIAN_POINT('Ctrl Pts',(-0.0072942824262967,1.49590054306607,
-75.7499981897273));
#1350=CARTESIAN_POINT('Ctrl Pts',(-0.664532104429663,1.12656553926571,-75.7487347049459));
#1351=CARTESIAN_POINT('Ctrl Pts',(-1.64940531988829,0.569700634966514,-75.6115874127576));
#1352=CARTESIAN_POINT('Ctrl Pts',(-3.23547189881282,-0.193634324939548,
-75.0396951791628));
#1353=CARTESIAN_POINT('Ctrl Pts',(-4.14590162537318,-0.499999999999995,
-74.4687886334846));
#1354=CARTESIAN_POINT('Ctrl Pts',(-4.68470417942193,-0.5,-74.001485605952));
#1355=CARTESIAN_POINT('',(9.2766995035412E-15,1.5,-75.75));
#1356=CARTESIAN_POINT('Origin',(0.,1.5,0.));
#1357=CARTESIAN_POINT('Ctrl Pts',(4.80411593207673E-15,1.5,-75.75));
#1358=CARTESIAN_POINT('Ctrl Pts',(-0.00364822622406926,1.49794972024108,
-75.75));
#1359=CARTESIAN_POINT('Ctrl Pts',(-0.0072942824262967,1.49590054306607,
-75.7499981897273));
#1360=CARTESIAN_POINT('Ctrl Pts',(-0.664532104429663,1.12656553926571,-75.7487347049459));
#1361=CARTESIAN_POINT('Ctrl Pts',(-1.64940531988829,0.569700634966514,-75.6115874127576));
#1362=CARTESIAN_POINT('Ctrl Pts',(-3.23547189881282,-0.193634324939548,
-75.0396951791628));
#1363=CARTESIAN_POINT('Ctrl Pts',(-4.14590162537318,-0.499999999999995,
-74.4687886334846));
#1364=CARTESIAN_POINT('Ctrl Pts',(-4.68470417942193,-0.5,-74.001485605952));
#1365=CARTESIAN_POINT('Ctrl Pts',(5.99511094289661,1.5,-75.5123906705539));
#1366=CARTESIAN_POINT('Ctrl Pts',(5.62892596738794,1.5,-75.5414629795393));
#1367=CARTESIAN_POINT('Ctrl Pts',(4.85702348810595,1.5,-75.5971790408585));
#1368=CARTESIAN_POINT('Ctrl Pts',(3.67002327840209,1.5,-75.6642213393754));
#1369=CARTESIAN_POINT('Ctrl Pts',(2.6581717980817,1.5,-75.7052545919546));
#1370=CARTESIAN_POINT('Ctrl Pts',(1.84853644129022,1.5,-75.7282524783931));
#1371=CARTESIAN_POINT('Ctrl Pts',(1.23746878192676,1.49999999999999,-75.7407188742494));
#1372=CARTESIAN_POINT('Ctrl Pts',(0.625193951215635,1.5,-75.7482427506611));
#1373=CARTESIAN_POINT('Ctrl Pts',(0.217255914961941,1.49999999999999,-75.7499619980495));
#1374=CARTESIAN_POINT('Ctrl Pts',(0.00914072883730339,1.5,-75.7499995850561));
#1375=CARTESIAN_POINT('Ctrl Pts',(0.00457036038446116,1.5,-75.75));
#1376=CARTESIAN_POINT('Ctrl Pts',(4.6383497517706E-15,1.5,-75.75));
#1377=CARTESIAN_POINT('Ctrl Pts',(5.60303815610172,1.5,-75.060328932342));
#1378=CARTESIAN_POINT('Ctrl Pts',(5.2872386361154,1.43275741844807,-75.1009443409848));
#1379=CARTESIAN_POINT('Ctrl Pts',(4.59981682537861,1.33016187451709,-75.2279942376157));
#1380=CARTESIAN_POINT('Ctrl Pts',(3.5031780275158,1.2820027137972,-75.4370163419464));
#1381=CARTESIAN_POINT('Ctrl Pts',(2.54763554653501,1.30706155171915,-75.582551317559));
#1382=CARTESIAN_POINT('Ctrl Pts',(1.77553375016392,1.35262989324514,-75.6675098441925));
#1383=CARTESIAN_POINT('Ctrl Pts',(1.19010328339683,1.39615745194531,-75.7145957939288));
#1384=CARTESIAN_POINT('Ctrl Pts',(0.601718186261501,1.44597227293842,-75.743342261377));
#1385=CARTESIAN_POINT('Ctrl Pts',(0.209075910263225,1.48130525983561,-75.7498679387412));
#1386=CARTESIAN_POINT('Ctrl Pts',(0.00879592060613509,1.4992158011554,-75.7499981953187));
#1387=CARTESIAN_POINT('Ctrl Pts',(0.00439803806754796,1.49960760341929,
-75.75));
#1388=CARTESIAN_POINT('Ctrl Pts',(4.6383497517706E-15,1.5,-75.75));
#1389=CARTESIAN_POINT('Ctrl Pts',(4.92417121904207,0.998020127914042,-74.2775922112078));
#1390=CARTESIAN_POINT('Ctrl Pts',(4.69698945861618,0.894295356860084,-74.4043713020876));
#1391=CARTESIAN_POINT('Ctrl Pts',(4.15722224403733,0.768757422485268,-74.7157248623772));
#1392=CARTESIAN_POINT('Ctrl Pts',(3.21456395233172,0.794025253451168,-75.1519336324191));
#1393=CARTESIAN_POINT('Ctrl Pts',(2.35500106838404,0.931563501443654,-75.4348515486815));
#1394=CARTESIAN_POINT('Ctrl Pts',(1.6476498669374,1.08343930513102,-75.59593658106));
#1395=CARTESIAN_POINT('Ctrl Pts',(1.10679652590709,1.21296131516342,-75.6840275183966));
#1396=CARTESIAN_POINT('Ctrl Pts',(0.560305995392138,1.35256161287113,-75.7374435667946));
#1397=CARTESIAN_POINT('Ctrl Pts',(0.194724271517328,1.44871907246163,-75.7497235443236));
#1398=CARTESIAN_POINT('Ctrl Pts',(0.00819302385296278,1.4978416176848,-75.7499971419079));
#1399=CARTESIAN_POINT('Ctrl Pts',(0.00409647401294981,1.49892090940304,
-75.75));
#1400=CARTESIAN_POINT('Ctrl Pts',(4.6383497517706E-15,1.5,-75.75));
#1401=CARTESIAN_POINT('Ctrl Pts',(4.68470417942195,-0.0512010494871731,
-74.001485605952));
#1402=CARTESIAN_POINT('Ctrl Pts',(4.44289532449052,-0.0820056630229081,
-74.2119371175102));
#1403=CARTESIAN_POINT('Ctrl Pts',(3.89941555081571,-0.0429966288041341,
-74.6237932241371));
#1404=CARTESIAN_POINT('Ctrl Pts',(2.99544358293016,0.20909775827166,-75.1205746657494));
#1405=CARTESIAN_POINT('Ctrl Pts',(2.18809819818308,0.519649527142604,-75.4227010347798));
#1406=CARTESIAN_POINT('Ctrl Pts',(1.52860063479782,0.801388638878978,-75.5912449416302));
#1407=CARTESIAN_POINT('Ctrl Pts',(1.02599496540501,1.02588375373535,-75.6823747390919));
#1408=CARTESIAN_POINT('Ctrl Pts',(0.519162073936111,1.25855481881263,-75.7372467020091));
#1409=CARTESIAN_POINT('Ctrl Pts',(0.180400611941251,1.41606996273271,-75.7497299928639));
#1410=CARTESIAN_POINT('Ctrl Pts',(0.00758973441223181,1.49646831922647,
-75.7499968702045));
#1411=CARTESIAN_POINT('Ctrl Pts',(0.00379490995835172,1.49823421538679,
-75.75));
#1412=CARTESIAN_POINT('Ctrl Pts',(4.6383497517706E-15,1.5,-75.75));
#1413=CARTESIAN_POINT('Ctrl Pts',(4.68470417942195,-0.5,-74.001485605952));
#1414=CARTESIAN_POINT('Ctrl Pts',(4.41530596867272,-0.499999999999999,-74.2351344603403));
#1415=CARTESIAN_POINT('Ctrl Pts',(3.836357754577,-0.390919699791372,-74.6644524735342));
#1416=CARTESIAN_POINT('Ctrl Pts',(2.91988733332363,-0.0418230878766222,
-75.153243864032));
#1417=CARTESIAN_POINT('Ctrl Pts',(2.12316376420321,0.342914614948695,-75.441744976515));
#1418=CARTESIAN_POINT('Ctrl Pts',(1.47964952895891,0.680373488204255,-75.6010276908297));
#1419=CARTESIAN_POINT('Ctrl Pts',(0.991764255172436,0.945615762337367,-75.6866396356164));
#1420=CARTESIAN_POINT('Ctrl Pts',(0.501430754541917,1.21821779570401,-75.7380286902264));
#1421=CARTESIAN_POINT('Ctrl Pts',(0.174250507773983,1.40207215061914,-75.7497406499205));
#1422=CARTESIAN_POINT('Ctrl Pts',(0.00733134346380035,1.49587983811592,
-75.749997177116));
#1423=CARTESIAN_POINT('Ctrl Pts',(0.0036656682206668,1.49793991795126,-75.75));
#1424=CARTESIAN_POINT('Ctrl Pts',(4.6383497517706E-15,1.5,-75.75));
#1425=CARTESIAN_POINT('Ctrl Pts',(4.68470417942195,-0.5,-74.001485605952));
#1426=CARTESIAN_POINT('Ctrl Pts',(4.41530596867272,-0.499999999999999,-74.2351344603403));
#1427=CARTESIAN_POINT('Ctrl Pts',(3.836357754577,-0.390919699791372,-74.6644524735342));
#1428=CARTESIAN_POINT('Ctrl Pts',(2.91988733332363,-0.0418230878766222,
-75.153243864032));
#1429=CARTESIAN_POINT('Ctrl Pts',(2.12316376420321,0.342914614948695,-75.441744976515));
#1430=CARTESIAN_POINT('Ctrl Pts',(1.47964952895891,0.680373488204255,-75.6010276908297));
#1431=CARTESIAN_POINT('Ctrl Pts',(0.991764255172436,0.945615762337367,-75.6866396356164));
#1432=CARTESIAN_POINT('Ctrl Pts',(0.501430754541917,1.21821779570401,-75.7380286902264));
#1433=CARTESIAN_POINT('Ctrl Pts',(0.174250507773983,1.40207215061914,-75.7497406499205));
#1434=CARTESIAN_POINT('Ctrl Pts',(0.00733134346380035,1.49587983811592,
-75.749997177116));
#1435=CARTESIAN_POINT('Ctrl Pts',(0.0036656682206668,1.49793991795126,-75.75));
#1436=CARTESIAN_POINT('Ctrl Pts',(4.6383497517706E-15,1.5,-75.75));
#1437=CARTESIAN_POINT('Origin',(0.,1.5,0.));
#1438=CARTESIAN_POINT('Origin',(-65.2424770178475,-0.5,-21.1985658141214));
#1439=CARTESIAN_POINT('',(-71.8272483061234,-0.5,-18.4122982244779));
#1440=CARTESIAN_POINT('Origin',(-73.669142372774,-0.5,-17.6329226749272));
#1441=CARTESIAN_POINT('',(-68.9319418960019,-0.5,-27.3231350979866));
#1442=CARTESIAN_POINT('Origin',(-65.2424770178475,-0.5,-21.1985658141214));
#1443=CARTESIAN_POINT('Origin',(-69.9639600437374,-0.5,-29.0363013312356));
#1444=CARTESIAN_POINT('Ctrl Pts',(-72.0425311093579,1.5,-23.4080373239023));
#1445=CARTESIAN_POINT('Ctrl Pts',(-72.0439395766207,1.5,-23.4037025073948));
#1446=CARTESIAN_POINT('Ctrl Pts',(-72.0453468516197,1.5,-23.3993703220995));
#1447=CARTESIAN_POINT('Ctrl Pts',(-72.2984206917642,1.50000000000003,-22.6199333197959));
#1448=CARTESIAN_POINT('Ctrl Pts',(-72.658544417319,1.50000000000001,-21.445458132873));
#1449=CARTESIAN_POINT('Ctrl Pts',(-73.2034831935986,1.50000000000001,-19.5050544958253));
#1450=CARTESIAN_POINT('Ctrl Pts',(-73.4981253137869,1.5,-18.3474202258412));
#1451=CARTESIAN_POINT('Ctrl Pts',(-73.669142372774,1.5,-17.6329226749272));
#1452=CARTESIAN_POINT('Ctrl Pts',(-72.0425311093579,1.5,-23.4080373239023));
#1453=CARTESIAN_POINT('Ctrl Pts',(-72.0439058064604,1.49959724236967,-23.4038732523343));
#1454=CARTESIAN_POINT('Ctrl Pts',(-72.0452185878596,1.49922915857714,-23.3996887683432));
#1455=CARTESIAN_POINT('Ctrl Pts',(-72.2902304424057,1.42815702674186,-22.6502876244942));
#1456=CARTESIAN_POINT('Ctrl Pts',(-72.5758135010686,1.32435386298741,-21.4998534037598));
#1457=CARTESIAN_POINT('Ctrl Pts',(-72.8905771761545,1.27314467043648,-19.603045873553));
#1458=CARTESIAN_POINT('Ctrl Pts',(-73.0054735554128,1.36496700257976,-18.4947019639754));
#1459=CARTESIAN_POINT('Ctrl Pts',(-73.1180489567282,1.5,-17.8661112940563));
#1460=CARTESIAN_POINT('Ctrl Pts',(-72.0425311093579,1.5,-23.4080373239023));
#1461=CARTESIAN_POINT('Ctrl Pts',(-72.0438190274233,1.49891023121858,-23.4041649392819));
#1462=CARTESIAN_POINT('Ctrl Pts',(-72.0450259522985,1.49786182499064,-23.4002542904284));
#1463=CARTESIAN_POINT('Ctrl Pts',(-72.2730458774381,1.3037719762084,-22.7025409514676));
#1464=CARTESIAN_POINT('Ctrl Pts',(-72.4695456405516,1.01349033405618,-21.6074795477702));
#1465=CARTESIAN_POINT('Ctrl Pts',(-72.4690961673263,0.736717475179833,-19.8085682266604));
#1466=CARTESIAN_POINT('Ctrl Pts',(-72.2724779051346,0.782438957085939,-18.7830992169838));
#1467=CARTESIAN_POINT('Ctrl Pts',(-72.1642288849041,0.997486244521679,-18.2697089037724));
#1468=CARTESIAN_POINT('Ctrl Pts',(-72.0425311093579,1.5,-23.4080373239023));
#1469=CARTESIAN_POINT('Ctrl Pts',(-72.0437104208962,1.49823269960589,-23.4044423648067));
#1470=CARTESIAN_POINT('Ctrl Pts',(-72.0448569539925,1.49648553814048,-23.4008354206328));
#1471=CARTESIAN_POINT('Ctrl Pts',(-72.254757686239,1.17955883642529,-22.7537389098073));
#1472=CARTESIAN_POINT('Ctrl Pts',(-72.4274763728625,0.702463890015396,-21.7373834596904));
#1473=CARTESIAN_POINT('Ctrl Pts',(-72.3554810892352,0.0852843473006338,
-20.0242939798428));
#1474=CARTESIAN_POINT('Ctrl Pts',(-72.0797149362265,-0.11654608973229,-19.0037128129997));
#1475=CARTESIAN_POINT('Ctrl Pts',(-71.8272483061234,-0.0512010494871738,
-18.4122982244779));
#1476=CARTESIAN_POINT('Ctrl Pts',(-72.0425311093579,1.49999999999999,-23.4080373239023));
#1477=CARTESIAN_POINT('Ctrl Pts',(-72.043660773815,1.49794553633656,-23.4045605742001));
#1478=CARTESIAN_POINT('Ctrl Pts',(-72.0447880689853,1.49589223890397,-23.4010853696881));
#1479=CARTESIAN_POINT('Ctrl Pts',(-72.2466747528088,1.12653879046098,-22.7756095778371));
#1480=CARTESIAN_POINT('Ctrl Pts',(-72.4205670147749,0.569655072666073,-21.7965455818728));
#1481=CARTESIAN_POINT('Ctrl Pts',(-72.3667813271636,-0.193682785031315,
-20.1113856474088));
#1482=CARTESIAN_POINT('Ctrl Pts',(-72.1051793996518,-0.49999999999999,-19.0691312909026));
#1483=CARTESIAN_POINT('Ctrl Pts',(-71.8272483061234,-0.5,-18.4122982244779));
#1484=CARTESIAN_POINT('',(-72.0425311093579,1.5,-23.4080373239023));
#1485=CARTESIAN_POINT('Origin',(0.,1.5,0.));
#1486=CARTESIAN_POINT('',(-72.3917393778711,0.304453793694481,-21.1988271471502));
#1487=CARTESIAN_POINT('Ctrl Pts',(-72.0425311093579,1.49999999999999,-23.4080373239023));
#1488=CARTESIAN_POINT('Ctrl Pts',(-72.043660773815,1.49794553633656,-23.4045605742001));
#1489=CARTESIAN_POINT('Ctrl Pts',(-72.0447880689853,1.49589223890397,-23.4010853696881));
#1490=CARTESIAN_POINT('Ctrl Pts',(-72.2466747528088,1.12653879046098,-22.7756095778371));
#1491=CARTESIAN_POINT('Ctrl Pts',(-72.3774592284327,0.707706208770228,-22.0392549530441));
#1492=CARTESIAN_POINT('Ctrl Pts',(-72.3916261244111,0.344806192743553,-21.2847812769454));
#1493=CARTESIAN_POINT('Ctrl Pts',(-72.3916872764117,0.304403525205562,-21.1988456057921));
#1494=CARTESIAN_POINT('Ctrl Pts',(-72.3916872764117,0.304403525205562,-21.1988456057921));
#1495=CARTESIAN_POINT('Ctrl Pts',(-72.3918647181168,0.187169123301368,-20.9494903620964));
#1496=CARTESIAN_POINT('Ctrl Pts',(-72.3444316439282,-0.219852671427826,
-20.0223417518222));
#1497=CARTESIAN_POINT('Ctrl Pts',(-72.1051793996518,-0.49999999999999,-19.0691312909026));
#1498=CARTESIAN_POINT('Ctrl Pts',(-71.8272483061234,-0.5,-18.4122982244779));
#1499=CARTESIAN_POINT('Ctrl Pts',(-69.9639600437374,1.5,-29.0363013312356));
#1500=CARTESIAN_POINT('Ctrl Pts',(-70.1047680136702,1.5,-28.697019717168));
#1501=CARTESIAN_POINT('Ctrl Pts',(-70.3962929327611,1.5,-27.9801012816353));
#1502=CARTESIAN_POINT('Ctrl Pts',(-70.8268502752988,1.5,-26.8719318808326));
#1503=CARTESIAN_POINT('Ctrl Pts',(-71.1785646269903,1.5,-25.9222565563766));
#1504=CARTESIAN_POINT('Ctrl Pts',(-71.4506288909999,1.5,-25.1593506865539));
#1505=CARTESIAN_POINT('Ctrl Pts',(-71.651317442867,1.5,-24.5820367017412));
#1506=CARTESIAN_POINT('Ctrl Pts',(-71.8476776777818,1.5,-24.002048967993));
#1507=CARTESIAN_POINT('Ctrl Pts',(-71.975373635702,1.5,-23.6146042307522));
#1508=CARTESIAN_POINT('Ctrl Pts',(-72.0397159766791,1.5,-23.4167000781671));
#1509=CARTESIAN_POINT('Ctrl Pts',(-72.041123740092,1.5,-23.4123687611226));
#1510=CARTESIAN_POINT('Ctrl Pts',(-72.0425311093579,1.5,-23.4080373239023));
#1511=CARTESIAN_POINT('Ctrl Pts',(-69.6551809359948,1.5,-28.5237231928782));
#1512=CARTESIAN_POINT('Ctrl Pts',(-69.7913970455519,1.43275685469228,-28.2359284402311));
#1513=CARTESIAN_POINT('Ctrl Pts',(-70.1246584523386,1.33013435615867,-27.6214085636923));
#1514=CARTESIAN_POINT('Ctrl Pts',(-70.66232478278,1.28196854645827,-26.643052987552));
#1515=CARTESIAN_POINT('Ctrl Pts',(-71.0960282910073,1.30703401980984,-25.779224244518));
#1516=CARTESIAN_POINT('Ctrl Pts',(-71.4154217709616,1.35261035088994,-25.071159462197));
#1517=CARTESIAN_POINT('Ctrl Pts',(-71.6411122708882,1.39614550218022,-24.5289238157122));
#1518=CARTESIAN_POINT('Ctrl Pts',(-71.8502727703817,1.44596752828454,-23.9782124534337));
#1519=CARTESIAN_POINT('Ctrl Pts',(-71.9778118618298,1.48130834246904,-23.6067975948675));
#1520=CARTESIAN_POINT('Ctrl Pts',(-72.0398208403919,1.49921856236981,-23.4163728644775));
#1521=CARTESIAN_POINT('Ctrl Pts',(-72.0411768039889,1.49960897865438,-23.4122054472407));
#1522=CARTESIAN_POINT('Ctrl Pts',(-72.0425311093579,1.5,-23.4080373239023));
#1523=CARTESIAN_POINT('Ctrl Pts',(-69.1205576518865,0.99796858583747,-27.6362401967188));
#1524=CARTESIAN_POINT('Ctrl Pts',(-69.3113363566396,0.894242945164306,-27.4593529137008));
#1525=CARTESIAN_POINT('Ctrl Pts',(-69.7742477172728,0.768732815529984,-27.0421920990395));
#1526=CARTESIAN_POINT('Ctrl Pts',(-70.4803867284068,0.794015847584418,-26.2804684101622));
#1527=CARTESIAN_POINT('Ctrl Pts',(-71.0150892944308,0.931563728100525,-25.5503761658317));
#1528=CARTESIAN_POINT('Ctrl Pts',(-71.3868713960834,1.08344458065274,-24.9274160663019));
#1529=CARTESIAN_POINT('Ctrl Pts',(-71.6377842759226,1.2129690426982,-24.4402483894233));
#1530=CARTESIAN_POINT('Ctrl Pts',(-71.8574597433234,1.35257147398125,-23.9370054511692));
#1531=CARTESIAN_POINT('Ctrl Pts',(-71.982108889536,1.44872998899661,-23.5931066051983));
#1532=CARTESIAN_POINT('Ctrl Pts',(-72.0400054993413,1.49784918244436,-23.4158011651154));
#1533=CARTESIAN_POINT('Ctrl Pts',(-72.0412696658085,1.49892469129953,-23.4119196479474));
#1534=CARTESIAN_POINT('Ctrl Pts',(-72.0425311093579,1.5,-23.4080373239023));
#1535=CARTESIAN_POINT('Ctrl Pts',(-68.9319418960019,-0.051201049487173,
-27.3231350979866));
#1536=CARTESIAN_POINT('Ctrl Pts',(-69.2068185275195,-0.0820059212860309,
-27.1581929215207));
#1537=CARTESIAN_POINT('Ctrl Pts',(-69.7664723768565,-0.042988495441972,
-26.768580448873));
#1538=CARTESIAN_POINT('Ctrl Pts',(-70.5182709177126,0.209103924200944,-26.062378349961));
#1539=CARTESIAN_POINT('Ctrl Pts',(-71.0551082417329,0.519663585975274,-25.3878887529271));
#1540=CARTESIAN_POINT('Ctrl Pts',(-71.4191973325563,0.801404009582427,-24.8127468150292));
#1541=CARTESIAN_POINT('Ctrl Pts',(-71.6611810618142,1.02590062552853,-24.3628941224226));
#1542=CARTESIAN_POINT('Ctrl Pts',(-71.869986114321,1.25857275249457,-23.897817818155));
#1543=CARTESIAN_POINT('Ctrl Pts',(-71.9865403776963,1.41608802973919,-23.5794889734198));
#1544=CARTESIAN_POINT('Ctrl Pts',(-72.040191015072,1.4964806944122,-23.4152293289955));
#1545=CARTESIAN_POINT('Ctrl Pts',(-72.041362527628,1.49824040394469,-23.4116338486541));
#1546=CARTESIAN_POINT('Ctrl Pts',(-72.0425311093579,1.5,-23.4080373239023));
#1547=CARTESIAN_POINT('Ctrl Pts',(-68.9319418960019,-0.5,-27.3231350979866));
#1548=CARTESIAN_POINT('Ctrl Pts',(-69.2374063478337,-0.499999999999996,
-27.1391220981619));
#1549=CARTESIAN_POINT('Ctrl Pts',(-69.8246243923196,-0.390915751161729,
-26.7211673580905));
#1550=CARTESIAN_POINT('Ctrl Pts',(-70.5726852296251,-0.0418241293729404,
-26.0006083145982));
#1551=CARTESIAN_POINT('Ctrl Pts',(-71.0932820746761,0.342924792544279,-25.3320116446671));
#1552=CARTESIAN_POINT('Ctrl Pts',(-71.4436248490989,0.680386520008583,-24.7692106840624));
#1553=CARTESIAN_POINT('Ctrl Pts',(-71.6758127268031,0.945632084290018,-24.3316544646673));
#1554=CARTESIAN_POINT('Ctrl Pts',(-71.8762075650948,1.21823676674436,-23.8811953321791));
#1555=CARTESIAN_POINT('Ctrl Pts',(-71.9884504242358,1.4020930184371,-23.5736442104187));
#1556=CARTESIAN_POINT('Ctrl Pts',(-72.0402708741794,1.4958942783899,-23.4149845428101));
#1557=CARTESIAN_POINT('Ctrl Pts',(-72.0414023255507,1.49794713793547,-23.4115113632426));
#1558=CARTESIAN_POINT('Ctrl Pts',(-72.0425311093579,1.5,-23.4080373239023));
#1559=CARTESIAN_POINT('Ctrl Pts',(-68.9319418960019,-0.5,-27.3231350979866));
#1560=CARTESIAN_POINT('Ctrl Pts',(-69.2374063478337,-0.499999999999996,
-27.1391220981619));
#1561=CARTESIAN_POINT('Ctrl Pts',(-69.8246243923196,-0.390915751161729,
-26.7211673580905));
#1562=CARTESIAN_POINT('Ctrl Pts',(-70.5726852296251,-0.0418241293729404,
-26.0006083145982));
#1563=CARTESIAN_POINT('Ctrl Pts',(-71.0932820746761,0.342924792544279,-25.3320116446671));
#1564=CARTESIAN_POINT('Ctrl Pts',(-71.4436248490989,0.680386520008583,-24.7692106840624));
#1565=CARTESIAN_POINT('Ctrl Pts',(-71.6758127268031,0.945632084290018,-24.3316544646673));
#1566=CARTESIAN_POINT('Ctrl Pts',(-71.8762075650948,1.21823676674436,-23.8811953321791));
#1567=CARTESIAN_POINT('Ctrl Pts',(-71.9884504242358,1.4020930184371,-23.5736442104187));
#1568=CARTESIAN_POINT('Ctrl Pts',(-72.0402708741794,1.4958942783899,-23.4149845428101));
#1569=CARTESIAN_POINT('Ctrl Pts',(-72.0414023255507,1.49794713793547,-23.4115113632426));
#1570=CARTESIAN_POINT('Ctrl Pts',(-72.0425311093579,1.5,-23.4080373239023));
#1571=CARTESIAN_POINT('Origin',(0.,1.5,0.));
#1572=CARTESIAN_POINT('Origin',(-40.3220683072637,-8.4,55.4985658141214));
#1573=CARTESIAN_POINT('',(-40.3220683072637,-8.9,62.1485658141214));
#1574=CARTESIAN_POINT('Origin',(-40.3220683072637,-8.9,55.4985658141214));
#1575=CARTESIAN_POINT('',(-40.3220683072637,-8.4,62.6485658141214));
#1576=CARTESIAN_POINT('Origin',(-40.3220683072637,-8.4,62.1485658141214));
#1577=CARTESIAN_POINT('',(-47.4720683072637,-8.4,55.4985658141214));
#1578=CARTESIAN_POINT('Origin',(-40.3220683072637,-8.4,55.4985658141214));
#1579=CARTESIAN_POINT('Origin',(-40.3220683072637,-8.4,55.4985658141214));
#1580=CARTESIAN_POINT('Origin',(-40.3220683072637,1.5,55.4985658141214));
#1581=CARTESIAN_POINT('',(-47.4720683072637,1.5,55.4985658141214));
#1582=CARTESIAN_POINT('Origin',(-40.3220683072637,-8.9,55.4985658141214));
#1583=CARTESIAN_POINT('Origin',(-65.2424770178475,-8.4,-21.1985658141214));
#1584=CARTESIAN_POINT('',(-65.2424770178475,-8.9,-14.5485658141214));
#1585=CARTESIAN_POINT('Origin',(-65.2424770178475,-8.9,-21.1985658141214));
#1586=CARTESIAN_POINT('',(-65.2424770178475,-8.4,-14.0485658141214));
#1587=CARTESIAN_POINT('Origin',(-65.2424770178475,-8.4,-14.5485658141214));
#1588=CARTESIAN_POINT('',(-72.3924770178475,-8.4,-21.1985658141214));
#1589=CARTESIAN_POINT('Origin',(-65.2424770178475,-8.4,-21.1985658141214));
#1590=CARTESIAN_POINT('Origin',(-65.2424770178475,-8.4,-21.1985658141214));
#1591=CARTESIAN_POINT('Origin',(-65.2424770178475,1.5,-21.1985658141214));
#1592=CARTESIAN_POINT('',(-72.3924770178475,1.5,-21.1985658141214));
#1593=CARTESIAN_POINT('Origin',(-65.2424770178475,-8.9,-21.1985658141214));
#1594=CARTESIAN_POINT('Origin',(8.40107704215084E-15,-8.4,-68.6));
#1595=CARTESIAN_POINT('',(7.58668692071785E-15,-8.9,-61.95));
#1596=CARTESIAN_POINT('Origin',(8.40107704215084E-15,-8.9,-68.6));
#1597=CARTESIAN_POINT('',(7.52545458076049E-15,-8.4,-61.45));
#1598=CARTESIAN_POINT('Origin',(7.58668692071785E-15,-8.4,-61.95));
#1599=CARTESIAN_POINT('',(-7.14999999999999,-8.4,-68.6));
#1600=CARTESIAN_POINT('Origin',(8.40107704215084E-15,-8.4,-68.6));
#1601=CARTESIAN_POINT('Origin',(8.40107704215084E-15,-8.4,-68.6));
#1602=CARTESIAN_POINT('Origin',(8.40107704215084E-15,1.5,-68.6));
#1603=CARTESIAN_POINT('',(-7.14999999999999,1.5,-68.6));
#1604=CARTESIAN_POINT('Origin',(8.88178419700125E-15,-8.9,-68.6));
#1605=CARTESIAN_POINT('Origin',(65.2424770178475,-8.4,-21.1985658141214));
#1606=CARTESIAN_POINT('',(65.2424770178475,-8.9,-14.5485658141214));
#1607=CARTESIAN_POINT('Origin',(65.2424770178475,-8.9,-21.1985658141214));
#1608=CARTESIAN_POINT('',(65.2424770178475,-8.4,-14.0485658141214));
#1609=CARTESIAN_POINT('Origin',(65.2424770178475,-8.4,-14.5485658141214));
#1610=CARTESIAN_POINT('',(58.0924770178475,-8.4,-21.1985658141214));
#1611=CARTESIAN_POINT('Origin',(65.2424770178475,-8.4,-21.1985658141214));
#1612=CARTESIAN_POINT('Origin',(65.2424770178475,-8.4,-21.1985658141214));
#1613=CARTESIAN_POINT('Origin',(65.2424770178475,1.5,-21.1985658141214));
#1614=CARTESIAN_POINT('',(58.0924770178475,1.5,-21.1985658141214));
#1615=CARTESIAN_POINT('Origin',(65.2424770178475,-8.9,-21.1985658141214));
#1616=CARTESIAN_POINT('Origin',(40.3220683072636,-8.4,55.4985658141214));
#1617=CARTESIAN_POINT('',(40.3220683072636,-8.9,62.1485658141214));
#1618=CARTESIAN_POINT('Origin',(40.3220683072636,-8.9,55.4985658141214));
#1619=CARTESIAN_POINT('',(40.3220683072636,-8.4,62.6485658141214));
#1620=CARTESIAN_POINT('Origin',(40.3220683072636,-8.4,62.1485658141214));
#1621=CARTESIAN_POINT('',(33.1720683072636,-8.4,55.4985658141214));
#1622=CARTESIAN_POINT('Origin',(40.3220683072636,-8.4,55.4985658141214));
#1623=CARTESIAN_POINT('Origin',(40.3220683072636,-8.4,55.4985658141214));
#1624=CARTESIAN_POINT('Origin',(40.3220683072636,1.5,55.4985658141214));
#1625=CARTESIAN_POINT('',(33.1720683072636,1.5,55.4985658141214));
#1626=CARTESIAN_POINT('Origin',(40.3220683072636,-8.9,55.4985658141214));
#1627=CARTESIAN_POINT('Origin',(0.,-212.253938120166,73.8904202434385));
#1628=CARTESIAN_POINT('',(-1.,1.99999999999999,73.8904202434385));
#1629=CARTESIAN_POINT('Origin',(0.,1.99999999999999,73.8904202434385));
#1630=CARTESIAN_POINT('',(-1.,-212.253938120166,73.8904202434385));
#1631=CARTESIAN_POINT('Origin',(63.9909810271257,-212.253938120166,-36.9452101217193));
#1632=CARTESIAN_POINT('',(62.9909810271257,1.99999999999999,-36.9452101217193));
#1633=CARTESIAN_POINT('Origin',(63.9909810271257,1.99999999999999,-36.9452101217193));
#1634=CARTESIAN_POINT('',(62.9909810271257,-212.253938120166,-36.9452101217193));
#1635=CARTESIAN_POINT('Origin',(-63.9909810271257,-212.253938120166,-36.9452101217192));
#1636=CARTESIAN_POINT('',(-64.9909810271257,1.99999999999999,-36.9452101217192));
#1637=CARTESIAN_POINT('Origin',(-63.9909810271257,1.99999999999999,-36.9452101217192));
#1638=CARTESIAN_POINT('',(-64.9909810271257,-212.253938120166,-36.9452101217192));
#1639=CARTESIAN_POINT('Origin',(0.,2.,0.));
#1640=CARTESIAN_POINT('',(-75.75,2.,-9.2766995035412E-15));
#1641=CARTESIAN_POINT('',(-75.75,2.,-9.2766995035412E-15));
#1642=CARTESIAN_POINT('Origin',(0.,2.,0.));
#1643=CARTESIAN_POINT('Origin',(0.,2.,0.));
#1644=CARTESIAN_POINT('Origin',(8.40107704215084E-15,1.5,-68.6));
#1645=CARTESIAN_POINT('Origin',(0.,1.5,73.8904202434385));
#1646=CARTESIAN_POINT('Origin',(0.,1.5,0.));
#1647=CARTESIAN_POINT('Origin',(65.2424770178475,1.5,-21.1985658141214));
#1648=CARTESIAN_POINT('Origin',(40.3220683072636,1.5,55.4985658141214));
#1649=CARTESIAN_POINT('Origin',(-40.3220683072637,1.5,55.4985658141214));
#1650=CARTESIAN_POINT('Origin',(-65.2424770178475,1.5,-21.1985658141214));
#1651=CARTESIAN_POINT('',(0.,1.5,0.));
#1652=UNCERTAINTY_MEASURE_WITH_UNIT(LENGTH_MEASURE(0.01),#1656,
'DISTANCE_ACCURACY_VALUE',
'Maximum model space distance between geometric entities at asserted c
onnectivities');
#1653=UNCERTAINTY_MEASURE_WITH_UNIT(LENGTH_MEASURE(0.01),#1656,
'DISTANCE_ACCURACY_VALUE',
'Maximum model space distance between geometric entities at asserted c
onnectivities');
#1654=(
GEOMETRIC_REPRESENTATION_CONTEXT(3)
GLOBAL_UNCERTAINTY_ASSIGNED_CONTEXT((#1652))
GLOBAL_UNIT_ASSIGNED_CONTEXT((#1656,#1658,#1659))
REPRESENTATION_CONTEXT('','3D')
);
#1655=(
GEOMETRIC_REPRESENTATION_CONTEXT(3)
GLOBAL_UNCERTAINTY_ASSIGNED_CONTEXT((#1653))
GLOBAL_UNIT_ASSIGNED_CONTEXT((#1656,#1658,#1659))
REPRESENTATION_CONTEXT('','3D')
);
#1656=(
LENGTH_UNIT()
NAMED_UNIT(*)
SI_UNIT(.MILLI.,.METRE.)
);
#1657=(
LENGTH_UNIT()
NAMED_UNIT(*)
SI_UNIT(.CENTI.,.METRE.)
);
#1658=(
NAMED_UNIT(*)
PLANE_ANGLE_UNIT()
SI_UNIT($,.RADIAN.)
);
#1659=(
NAMED_UNIT(*)
SI_UNIT($,.STERADIAN.)
SOLID_ANGLE_UNIT()
);
#1660=SHAPE_DEFINITION_REPRESENTATION(#1661,#1662);
#1661=PRODUCT_DEFINITION_SHAPE('',$,#1664);
#1662=SHAPE_REPRESENTATION('',(#620),#1654);
#1663=PRODUCT_DEFINITION_CONTEXT('part definition',#1668,'design');
#1664=PRODUCT_DEFINITION('m2m_bottom_2','m2m_bottom',#1665,#1663);
#1665=PRODUCT_DEFINITION_FORMATION('',$,#1670);
#1666=PRODUCT_RELATED_PRODUCT_CATEGORY('m2m_bottom','m2m_bottom',(#1670));
#1667=APPLICATION_PROTOCOL_DEFINITION('international standard',
'automotive_design',2009,#1668);
#1668=APPLICATION_CONTEXT(
'Core Data for Automotive Mechanical Design Process');
#1669=PRODUCT_CONTEXT('part definition',#1668,'mechanical');
#1670=PRODUCT('m2m_bottom_2','m2m_bottom',$,(#1669));
#1671=PRESENTATION_STYLE_ASSIGNMENT((#1674));
#1672=PRESENTATION_STYLE_ASSIGNMENT((#1675));
#1673=PRESENTATION_STYLE_ASSIGNMENT((#1676));
#1674=SURFACE_STYLE_USAGE(.BOTH.,#1679);
#1675=SURFACE_STYLE_USAGE(.BOTH.,#1680);
#1676=SURFACE_STYLE_USAGE(.BOTH.,#1681);
#1677=SURFACE_STYLE_RENDERING_WITH_PROPERTIES($,#1691,(#1678));
#1678=SURFACE_STYLE_TRANSPARENT(0.);
#1679=SURFACE_SIDE_STYLE('',(#1682,#1677));
#1680=SURFACE_SIDE_STYLE('',(#1683));
#1681=SURFACE_SIDE_STYLE('',(#1684));
#1682=SURFACE_STYLE_FILL_AREA(#1685);
#1683=SURFACE_STYLE_FILL_AREA(#1686);
#1684=SURFACE_STYLE_FILL_AREA(#1687);
#1685=FILL_AREA_STYLE('',(#1688));
#1686=FILL_AREA_STYLE('',(#1689));
#1687=FILL_AREA_STYLE('',(#1690));
#1688=FILL_AREA_STYLE_COLOUR('',#1691);
#1689=FILL_AREA_STYLE_COLOUR('',#1692);
#1690=FILL_AREA_STYLE_COLOUR('',#1693);
#1691=COLOUR_RGB('',0.,0.,0.);
#1692=COLOUR_RGB('',0.913725490196078,0.913725490196078,0.);
#1693=COLOUR_RGB('',1.,1.,1.);
ENDSEC;
END-ISO-10303-21;
