ISO-10303-21;
HEADER;
/* Generated by software containing ST-Developer
 * from STEP Tools, Inc. (www.steptools.com) 
 */

FILE_DESCRIPTION(
/* description */ (''),
/* implementation_level */ '2;1');

FILE_NAME(
/* name */ 'm2m_shell.stp',
/* time_stamp */ '2026-04-07T10:57:54+02:00',
/* author */ ('Paul Juschitz'),
/* organization */ (''),
/* preprocessor_version */ 'ST-DEVELOPER v20.1',
/* originating_system */ 'Autodesk Inventor 2026',
/* authorisation */ '');

FILE_SCHEMA (('AUTOMOTIVE_DESIGN { 1 0 10303 214 3 1 1 }'));
ENDSEC;

DATA;
#10=MECHANICAL_DESIGN_GEOMETRIC_PRESENTATION_REPRESENTATION('',(#25,#26,
#27,#28,#29,#30,#31,#32,#33,#34,#35,#36,#37,#38,#39,#40),#2556);
#11=GEOMETRICALLY_BOUNDED_WIREFRAME_SHAPE_REPRESENTATION('',(#12,#13),#2555);
#12=GEOMETRIC_CURVE_SET('Sketch2',(#305,#306,#307,#308,#309,#310,#2548));
#13=GEOMETRIC_CURVE_SET('Sketch8',(#311,#312,#313,#2552));
#14=SHAPE_REPRESENTATION_RELATIONSHIP('SRR','None',#2563,#16);
#15=SHAPE_REPRESENTATION_RELATIONSHIP('SRR','None',#2563,#11);
#16=ADVANCED_BREP_SHAPE_REPRESENTATION('',(#17),#2555);
#17=MANIFOLD_SOLID_BREP('Solid1',#1128);
#18=TOROIDAL_SURFACE('',#1241,60.,15.5);
#19=TOROIDAL_SURFACE('',#1242,60.,15.5);
#20=TOROIDAL_SURFACE('',#1246,60.,15.5);
#21=TOROIDAL_SURFACE('',#1249,60.,15.5);
#22=TOROIDAL_SURFACE('',#1250,72.0000000118921,4.5);
#23=TOROIDAL_SURFACE('',#1255,60.,16.);
#24=TOROIDAL_SURFACE('',#1258,72.0000000118921,4.);
#25=STYLED_ITEM('',(#2573),#1102);
#26=STYLED_ITEM('',(#2573),#1103);
#27=STYLED_ITEM('',(#2573),#1104);
#28=STYLED_ITEM('',(#2573),#1105);
#29=STYLED_ITEM('',(#2573),#1106);
#30=STYLED_ITEM('',(#2574),#1121);
#31=STYLED_ITEM('',(#2572),#17);
#32=STYLED_ITEM('',(#2576),#305);
#33=STYLED_ITEM('',(#2576),#306);
#34=STYLED_ITEM('',(#2576),#307);
#35=STYLED_ITEM('',(#2576),#308);
#36=STYLED_ITEM('',(#2576),#309);
#37=STYLED_ITEM('',(#2576),#310);
#38=STYLED_ITEM('',(#2575),#311);
#39=STYLED_ITEM('',(#2575),#312);
#40=STYLED_ITEM('',(#2576),#313);
#41=(
BOUNDED_SURFACE()
B_SPLINE_SURFACE(2,2,((#1951,#1952,#1953,#1954,#1955,#1956,#1957,#1958,
#1959),(#1960,#1961,#1962,#1963,#1964,#1965,#1966,#1967,#1968),(#1969,#1970,
#1971,#1972,#1973,#1974,#1975,#1976,#1977)),.UNSPECIFIED.,.F.,.T.,.F.)
B_SPLINE_SURFACE_WITH_KNOTS((3,3),(3,2,2,2,3),(6.1351871364975E-14,0.195453814708885),
(-3.14159265358979,-1.5707963267949,0.,1.5707963267949,3.14159265358979),
 .UNSPECIFIED.)
GEOMETRIC_REPRESENTATION_ITEM()
RATIONAL_B_SPLINE_SURFACE(((1.,0.707106781186548,1.,0.707106781186548,1.,
0.707106781186548,1.,0.707106781186548,1.),(0.99522852512041,0.703732838942929,
0.99522852512041,0.703732838942929,0.99522852512041,0.703732838942929,0.99522852512041,
0.703732838942929,0.99522852512041),(1.,0.707106781186548,1.,0.707106781186548,
1.,0.707106781186548,1.,0.707106781186548,1.)))
REPRESENTATION_ITEM('')
SURFACE()
);
#42=(
BOUNDED_SURFACE()
B_SPLINE_SURFACE(2,2,((#2157,#2158,#2159),(#2160,#2161,#2162),(#2163,#2164,
#2165)),.UNSPECIFIED.,.F.,.F.,.F.)
B_SPLINE_SURFACE_WITH_KNOTS((3,3),(3,3),(0.00436351224258455,0.052195960708534),
(-3.14159265358979,-2.99510185802984),.UNSPECIFIED.)
GEOMETRIC_REPRESENTATION_ITEM()
RATIONAL_B_SPLINE_SURFACE(((1.,0.997318754888686,1.),(0.999714020740948,
0.997033542410125,0.999714020740948),(1.,0.997318754888686,1.)))
REPRESENTATION_ITEM('')
SURFACE()
);
#43=(
BOUNDED_SURFACE()
B_SPLINE_SURFACE(2,2,((#2492,#2493,#2494,#2495,#2496,#2497,#2498,#2499,
#2500),(#2501,#2502,#2503,#2504,#2505,#2506,#2507,#2508,#2509),(#2510,#2511,
#2512,#2513,#2514,#2515,#2516,#2517,#2518)),.UNSPECIFIED.,.F.,.T.,.F.)
B_SPLINE_SURFACE_WITH_KNOTS((3,3),(3,2,2,2,3),(6.13493656453293E-14,0.19554810140981),
(-3.14159265358979,-1.5707963267949,0.,1.5707963267949,3.14159265358979),
 .UNSPECIFIED.)
GEOMETRIC_REPRESENTATION_ITEM()
RATIONAL_B_SPLINE_SURFACE(((1.,0.707106781186548,1.,0.707106781186548,1.,
0.707106781186548,1.,0.707106781186548,1.),(0.9952239241706,0.703729585580118,
0.9952239241706,0.703729585580118,0.9952239241706,0.703729585580118,0.9952239241706,
0.703729585580118,0.9952239241706),(1.,0.707106781186548,1.,0.707106781186548,
1.,0.707106781186548,1.,0.707106781186548,1.)))
REPRESENTATION_ITEM('')
SURFACE()
);
#44=FACE_BOUND('',#213,.T.);
#45=FACE_BOUND('',#215,.T.);
#46=FACE_BOUND('',#216,.T.);
#47=FACE_BOUND('',#224,.T.);
#48=FACE_BOUND('',#228,.T.);
#49=FACE_BOUND('',#233,.T.);
#50=FACE_BOUND('',#237,.T.);
#51=FACE_BOUND('',#239,.T.);
#52=FACE_BOUND('',#244,.T.);
#53=FACE_BOUND('',#245,.T.);
#54=FACE_BOUND('',#246,.T.);
#55=FACE_BOUND('',#249,.T.);
#56=FACE_BOUND('',#250,.T.);
#57=FACE_BOUND('',#251,.T.);
#58=FACE_BOUND('',#252,.T.);
#59=FACE_BOUND('',#256,.T.);
#60=FACE_BOUND('',#258,.T.);
#61=CONICAL_SURFACE('',#1202,94.1739401226327,1.12103671372506);
#62=CONICAL_SURFACE('',#1214,5.10723346637933,0.0730497077574674);
#63=CONICAL_SURFACE('',#1219,4.89975286379419,0.0730497077574674);
#64=CONICAL_SURFACE('',#1220,85.5869700672617,0.649447347145728);
#65=(
BOUNDED_CURVE()
B_SPLINE_CURVE(2,(#1781,#1782,#1783),.UNSPECIFIED.,.F.,.F.)
B_SPLINE_CURVE_WITH_KNOTS((3,3),(0.,4.8635708682444),.UNSPECIFIED.)
CURVE()
GEOMETRIC_REPRESENTATION_ITEM()
RATIONAL_B_SPLINE_CURVE((1.,1.0395374414744,1.02036691478455))
REPRESENTATION_ITEM('')
);
#66=(
BOUNDED_CURVE()
B_SPLINE_CURVE(2,(#1940,#1941,#1942),.UNSPECIFIED.,.F.,.F.)
B_SPLINE_CURVE_WITH_KNOTS((3,3),(1.68726557091464,6.55083643916326),
 .UNSPECIFIED.)
CURVE()
GEOMETRIC_REPRESENTATION_ITEM()
RATIONAL_B_SPLINE_CURVE((1.02036691478513,1.03953744147564,1.))
REPRESENTATION_ITEM('')
);
#67=(
BOUNDED_CURVE()
B_SPLINE_CURVE(2,(#1979,#1980,#1981),.UNSPECIFIED.,.F.,.F.)
B_SPLINE_CURVE_WITH_KNOTS((3,3),(-0.0733894042422863,-0.0524132899031468),
 .UNSPECIFIED.)
CURVE()
GEOMETRIC_REPRESENTATION_ITEM()
RATIONAL_B_SPLINE_CURVE((0.997762223259566,0.997889748278594,0.998127185122509))
REPRESENTATION_ITEM('')
);
#68=(
BOUNDED_CURVE()
B_SPLINE_CURVE(2,(#2015,#2016,#2017),.UNSPECIFIED.,.F.,.F.)
B_SPLINE_CURVE_WITH_KNOTS((3,3),(-0.00438581402681058,-6.1351871364975E-14),
 .UNSPECIFIED.)
CURVE()
GEOMETRIC_REPRESENTATION_ITEM()
RATIONAL_B_SPLINE_CURVE((0.999790669501979,0.999892932243424,1.))
REPRESENTATION_ITEM('')
);
#69=(
BOUNDED_CURVE()
B_SPLINE_CURVE(2,(#2521,#2522,#2523),.UNSPECIFIED.,.F.,.F.)
B_SPLINE_CURVE_WITH_KNOTS((3,3),(6.13493656453293E-14,0.0118194119174981),
 .UNSPECIFIED.)
CURVE()
GEOMETRIC_REPRESENTATION_ITEM()
RATIONAL_B_SPLINE_CURVE((1.,0.999711322139312,0.999457541089407))
REPRESENTATION_ITEM('')
);
#70=(
BOUNDED_CURVE()
B_SPLINE_CURVE(2,(#2525,#2526,#2527),.UNSPECIFIED.,.F.,.F.)
B_SPLINE_CURVE_WITH_KNOTS((3,3),(0.0451717049594903,0.19554810140981),
 .UNSPECIFIED.)
CURVE()
GEOMETRIC_REPRESENTATION_ITEM()
RATIONAL_B_SPLINE_CURVE((0.998303162873391,0.996327199971665,1.))
REPRESENTATION_ITEM('')
);
#71=ELLIPSE('',#1180,213.665858060809,177.188948212813);
#72=ELLIPSE('',#1185,197.103568233843,163.454162781625);
#73=ELLIPSE('',#1194,197.103568233843,163.454162781625);
#74=PLANE('',#1153);
#75=PLANE('',#1155);
#76=PLANE('',#1157);
#77=PLANE('',#1158);
#78=PLANE('',#1160);
#79=PLANE('',#1161);
#80=PLANE('',#1163);
#81=PLANE('',#1164);
#82=PLANE('',#1167);
#83=PLANE('',#1169);
#84=PLANE('',#1170);
#85=PLANE('',#1171);
#86=PLANE('',#1173);
#87=PLANE('',#1175);
#88=PLANE('',#1177);
#89=PLANE('',#1178);
#90=PLANE('',#1179);
#91=PLANE('',#1184);
#92=PLANE('',#1187);
#93=PLANE('',#1188);
#94=PLANE('',#1191);
#95=PLANE('',#1192);
#96=PLANE('',#1193);
#97=PLANE('',#1195);
#98=PLANE('',#1197);
#99=PLANE('',#1198);
#100=PLANE('',#1199);
#101=PLANE('',#1200);
#102=PLANE('',#1210);
#103=PLANE('',#1211);
#104=PLANE('',#1212);
#105=PLANE('',#1213);
#106=PLANE('',#1215);
#107=PLANE('',#1218);
#108=PLANE('',#1222);
#109=PLANE('',#1227);
#110=PLANE('',#1233);
#111=PLANE('',#1235);
#112=PLANE('',#1252);
#113=PLANE('',#1253);
#114=FACE_OUTER_BOUND('',#179,.T.);
#115=FACE_OUTER_BOUND('',#180,.T.);
#116=FACE_OUTER_BOUND('',#181,.T.);
#117=FACE_OUTER_BOUND('',#182,.T.);
#118=FACE_OUTER_BOUND('',#183,.T.);
#119=FACE_OUTER_BOUND('',#184,.T.);
#120=FACE_OUTER_BOUND('',#185,.T.);
#121=FACE_OUTER_BOUND('',#186,.T.);
#122=FACE_OUTER_BOUND('',#187,.T.);
#123=FACE_OUTER_BOUND('',#188,.T.);
#124=FACE_OUTER_BOUND('',#189,.T.);
#125=FACE_OUTER_BOUND('',#190,.T.);
#126=FACE_OUTER_BOUND('',#191,.T.);
#127=FACE_OUTER_BOUND('',#192,.T.);
#128=FACE_OUTER_BOUND('',#193,.T.);
#129=FACE_OUTER_BOUND('',#194,.T.);
#130=FACE_OUTER_BOUND('',#195,.T.);
#131=FACE_OUTER_BOUND('',#196,.T.);
#132=FACE_OUTER_BOUND('',#197,.T.);
#133=FACE_OUTER_BOUND('',#198,.T.);
#134=FACE_OUTER_BOUND('',#199,.T.);
#135=FACE_OUTER_BOUND('',#200,.T.);
#136=FACE_OUTER_BOUND('',#201,.T.);
#137=FACE_OUTER_BOUND('',#202,.T.);
#138=FACE_OUTER_BOUND('',#203,.T.);
#139=FACE_OUTER_BOUND('',#204,.T.);
#140=FACE_OUTER_BOUND('',#205,.T.);
#141=FACE_OUTER_BOUND('',#206,.T.);
#142=FACE_OUTER_BOUND('',#207,.T.);
#143=FACE_OUTER_BOUND('',#208,.T.);
#144=FACE_OUTER_BOUND('',#209,.T.);
#145=FACE_OUTER_BOUND('',#210,.T.);
#146=FACE_OUTER_BOUND('',#211,.T.);
#147=FACE_OUTER_BOUND('',#212,.T.);
#148=FACE_OUTER_BOUND('',#214,.T.);
#149=FACE_OUTER_BOUND('',#217,.T.);
#150=FACE_OUTER_BOUND('',#218,.T.);
#151=FACE_OUTER_BOUND('',#219,.T.);
#152=FACE_OUTER_BOUND('',#220,.T.);
#153=FACE_OUTER_BOUND('',#221,.T.);
#154=FACE_OUTER_BOUND('',#222,.T.);
#155=FACE_OUTER_BOUND('',#223,.T.);
#156=FACE_OUTER_BOUND('',#225,.T.);
#157=FACE_OUTER_BOUND('',#226,.T.);
#158=FACE_OUTER_BOUND('',#227,.T.);
#159=FACE_OUTER_BOUND('',#229,.T.);
#160=FACE_OUTER_BOUND('',#230,.T.);
#161=FACE_OUTER_BOUND('',#231,.T.);
#162=FACE_OUTER_BOUND('',#232,.T.);
#163=FACE_OUTER_BOUND('',#234,.T.);
#164=FACE_OUTER_BOUND('',#235,.T.);
#165=FACE_OUTER_BOUND('',#236,.T.);
#166=FACE_OUTER_BOUND('',#238,.T.);
#167=FACE_OUTER_BOUND('',#240,.T.);
#168=FACE_OUTER_BOUND('',#241,.T.);
#169=FACE_OUTER_BOUND('',#242,.T.);
#170=FACE_OUTER_BOUND('',#243,.T.);
#171=FACE_OUTER_BOUND('',#247,.T.);
#172=FACE_OUTER_BOUND('',#248,.T.);
#173=FACE_OUTER_BOUND('',#253,.T.);
#174=FACE_OUTER_BOUND('',#254,.T.);
#175=FACE_OUTER_BOUND('',#255,.T.);
#176=FACE_OUTER_BOUND('',#257,.T.);
#177=FACE_OUTER_BOUND('',#259,.T.);
#178=FACE_OUTER_BOUND('',#260,.T.);
#179=EDGE_LOOP('',(#734,#735,#736,#737));
#180=EDGE_LOOP('',(#738,#739,#740,#741));
#181=EDGE_LOOP('',(#742,#743,#744));
#182=EDGE_LOOP('',(#745,#746,#747,#748));
#183=EDGE_LOOP('',(#749,#750,#751,#752));
#184=EDGE_LOOP('',(#753,#754,#755,#756));
#185=EDGE_LOOP('',(#757,#758,#759));
#186=EDGE_LOOP('',(#760,#761,#762,#763));
#187=EDGE_LOOP('',(#764,#765,#766,#767));
#188=EDGE_LOOP('',(#768,#769,#770,#771));
#189=EDGE_LOOP('',(#772,#773,#774,#775));
#190=EDGE_LOOP('',(#776,#777,#778,#779));
#191=EDGE_LOOP('',(#780,#781,#782,#783));
#192=EDGE_LOOP('',(#784,#785,#786,#787));
#193=EDGE_LOOP('',(#788,#789,#790));
#194=EDGE_LOOP('',(#791,#792,#793));
#195=EDGE_LOOP('',(#794,#795,#796,#797));
#196=EDGE_LOOP('',(#798,#799,#800,#801));
#197=EDGE_LOOP('',(#802,#803,#804));
#198=EDGE_LOOP('',(#805,#806,#807,#808,#809,#810,#811));
#199=EDGE_LOOP('',(#812,#813,#814,#815));
#200=EDGE_LOOP('',(#816,#817,#818,#819));
#201=EDGE_LOOP('',(#820,#821,#822,#823));
#202=EDGE_LOOP('',(#824,#825,#826,#827));
#203=EDGE_LOOP('',(#828,#829,#830,#831));
#204=EDGE_LOOP('',(#832,#833,#834,#835));
#205=EDGE_LOOP('',(#836,#837,#838,#839));
#206=EDGE_LOOP('',(#840,#841,#842,#843));
#207=EDGE_LOOP('',(#844,#845,#846,#847));
#208=EDGE_LOOP('',(#848,#849,#850,#851));
#209=EDGE_LOOP('',(#852,#853,#854,#855));
#210=EDGE_LOOP('',(#856,#857,#858,#859));
#211=EDGE_LOOP('',(#860,#861,#862,#863));
#212=EDGE_LOOP('',(#864,#865,#866,#867,#868,#869));
#213=EDGE_LOOP('',(#870,#871));
#214=EDGE_LOOP('',(#872,#873,#874,#875,#876,#877,#878,#879,#880,#881,#882,
#883,#884,#885,#886,#887,#888,#889,#890,#891,#892,#893));
#215=EDGE_LOOP('',(#894,#895,#896,#897));
#216=EDGE_LOOP('',(#898,#899,#900,#901));
#217=EDGE_LOOP('',(#902,#903,#904,#905));
#218=EDGE_LOOP('',(#906,#907,#908,#909,#910));
#219=EDGE_LOOP('',(#911,#912,#913,#914));
#220=EDGE_LOOP('',(#915,#916,#917,#918,#919));
#221=EDGE_LOOP('',(#920,#921,#922,#923,#924,#925));
#222=EDGE_LOOP('',(#926,#927,#928,#929));
#223=EDGE_LOOP('',(#930,#931,#932,#933,#934,#935));
#224=EDGE_LOOP('',(#936,#937,#938,#939));
#225=EDGE_LOOP('',(#940,#941,#942,#943));
#226=EDGE_LOOP('',(#944,#945,#946,#947,#948,#949));
#227=EDGE_LOOP('',(#950,#951,#952,#953,#954,#955,#956));
#228=EDGE_LOOP('',(#957,#958));
#229=EDGE_LOOP('',(#959,#960,#961,#962));
#230=EDGE_LOOP('',(#963,#964));
#231=EDGE_LOOP('',(#965,#966,#967,#968,#969));
#232=EDGE_LOOP('',(#970,#971));
#233=EDGE_LOOP('',(#972));
#234=EDGE_LOOP('',(#973,#974));
#235=EDGE_LOOP('',(#975,#976,#977,#978,#979));
#236=EDGE_LOOP('',(#980,#981));
#237=EDGE_LOOP('',(#982));
#238=EDGE_LOOP('',(#983,#984));
#239=EDGE_LOOP('',(#985));
#240=EDGE_LOOP('',(#986,#987,#988,#989,#990));
#241=EDGE_LOOP('',(#991,#992));
#242=EDGE_LOOP('',(#993,#994));
#243=EDGE_LOOP('',(#995,#996,#997,#998));
#244=EDGE_LOOP('',(#999,#1000));
#245=EDGE_LOOP('',(#1001,#1002));
#246=EDGE_LOOP('',(#1003,#1004));
#247=EDGE_LOOP('',(#1005,#1006));
#248=EDGE_LOOP('',(#1007,#1008,#1009,#1010,#1011,#1012,#1013,#1014,#1015,
#1016,#1017,#1018));
#249=EDGE_LOOP('',(#1019,#1020,#1021,#1022));
#250=EDGE_LOOP('',(#1023,#1024,#1025,#1026));
#251=EDGE_LOOP('',(#1027,#1028,#1029));
#252=EDGE_LOOP('',(#1030,#1031,#1032));
#253=EDGE_LOOP('',(#1033,#1034));
#254=EDGE_LOOP('',(#1035,#1036,#1037,#1038));
#255=EDGE_LOOP('',(#1039,#1040));
#256=EDGE_LOOP('',(#1041));
#257=EDGE_LOOP('',(#1042));
#258=EDGE_LOOP('',(#1043));
#259=EDGE_LOOP('',(#1044,#1045,#1046,#1047));
#260=EDGE_LOOP('',(#1048,#1049,#1050,#1051));
#261=CIRCLE('',#1152,1049.90000009164);
#262=CIRCLE('',#1154,65.0829688467896);
#263=CIRCLE('',#1156,65.5841220286192);
#264=CIRCLE('',#1159,67.4710254240006);
#265=CIRCLE('',#1162,67.9710392165497);
#266=CIRCLE('',#1166,1049.90000009164);
#267=CIRCLE('',#1168,65.0829688467896);
#268=CIRCLE('',#1172,67.4710254240006);
#269=CIRCLE('',#1174,67.9710392165497);
#270=CIRCLE('',#1176,65.5841220286192);
#271=CIRCLE('',#1181,14.3);
#272=CIRCLE('',#1182,14.3);
#273=CIRCLE('',#1186,15.3);
#274=CIRCLE('',#1190,15.3);
#275=CIRCLE('',#1201,1050.40000009164);
#276=CIRCLE('',#1203,65.1739401226327);
#277=CIRCLE('',#1204,65.1739401226327);
#278=CIRCLE('',#1205,1050.40000009164);
#279=CIRCLE('',#1206,68.0000000118921);
#280=CIRCLE('',#1207,1050.40000009164);
#281=CIRCLE('',#1208,1050.40000009164);
#282=CIRCLE('',#1209,48.0000000118921);
#283=CIRCLE('',#1216,1054.20000009164);
#284=CIRCLE('',#1217,1054.20000009164);
#285=CIRCLE('',#1221,48.0000000118921);
#286=CIRCLE('',#1224,1.95);
#287=CIRCLE('',#1226,1.25);
#288=CIRCLE('',#1228,75.3704261489394);
#289=CIRCLE('',#1230,1.95);
#290=CIRCLE('',#1232,1.25);
#291=CIRCLE('',#1234,75.3704261489394);
#292=CIRCLE('',#1236,75.3704261489394);
#293=CIRCLE('',#1237,1.95);
#294=CIRCLE('',#1238,1.25);
#295=CIRCLE('',#1243,75.5);
#296=CIRCLE('',#1244,15.5);
#297=CIRCLE('',#1245,69.3000000092163);
#298=CIRCLE('',#1247,67.5000000118921);
#299=CIRCLE('',#1248,47.490290285574);
#300=CIRCLE('',#1251,4.5);
#301=CIRCLE('',#1254,76.);
#302=CIRCLE('',#1256,69.6000000095136);
#303=CIRCLE('',#1257,16.);
#304=CIRCLE('',#1259,4.);
#305=CIRCLE('',#1260,1.25);
#306=CIRCLE('',#1261,1.95);
#307=CIRCLE('',#1262,1.95);
#308=CIRCLE('',#1263,1.25);
#309=CIRCLE('',#1264,1.95);
#310=CIRCLE('',#1265,1.25);
#311=CIRCLE('',#1266,66.6991421330823);
#312=CIRCLE('',#1267,67.1995236395551);
#313=CIRCLE('',#1268,68.2636746);
#314=LINE('',#1570,#366);
#315=LINE('',#1573,#367);
#316=LINE('',#1579,#368);
#317=LINE('',#1581,#369);
#318=LINE('',#1582,#370);
#319=LINE('',#1586,#371);
#320=LINE('',#1596,#372);
#321=LINE('',#1597,#373);
#322=LINE('',#1602,#374);
#323=LINE('',#1603,#375);
#324=LINE('',#1605,#376);
#325=LINE('',#1609,#377);
#326=LINE('',#1634,#378);
#327=LINE('',#1637,#379);
#328=LINE('',#1643,#380);
#329=LINE('',#1645,#381);
#330=LINE('',#1646,#382);
#331=LINE('',#1656,#383);
#332=LINE('',#1657,#384);
#333=LINE('',#1667,#385);
#334=LINE('',#1668,#386);
#335=LINE('',#1671,#387);
#336=LINE('',#1675,#388);
#337=LINE('',#1679,#389);
#338=LINE('',#1752,#390);
#339=LINE('',#1770,#391);
#340=LINE('',#1775,#392);
#341=LINE('',#1778,#393);
#342=LINE('',#1780,#394);
#343=LINE('',#1792,#395);
#344=LINE('',#1797,#396);
#345=LINE('',#1818,#397);
#346=LINE('',#1848,#398);
#347=LINE('',#1854,#399);
#348=LINE('',#1862,#400);
#349=LINE('',#1870,#401);
#350=LINE('',#1871,#402);
#351=LINE('',#1884,#403);
#352=LINE('',#1939,#404);
#353=LINE('',#1946,#405);
#354=LINE('',#2061,#406);
#355=LINE('',#2067,#407);
#356=LINE('',#2086,#408);
#357=LINE('',#2098,#409);
#358=LINE('',#2117,#410);
#359=LINE('',#2152,#411);
#360=LINE('',#2156,#412);
#361=LINE('',#2202,#413);
#362=LINE('',#2206,#414);
#363=LINE('',#2294,#415);
#364=LINE('',#2390,#416);
#365=LINE('',#2454,#417);
#366=VECTOR('',#1273,10.);
#367=VECTOR('',#1276,10.);
#368=VECTOR('',#1281,10.);
#369=VECTOR('',#1282,10.);
#370=VECTOR('',#1283,10.);
#371=VECTOR('',#1288,10.);
#372=VECTOR('',#1291,10.);
#373=VECTOR('',#1292,10.);
#374=VECTOR('',#1297,10.);
#375=VECTOR('',#1298,10.);
#376=VECTOR('',#1301,10.);
#377=VECTOR('',#1306,10.);
#378=VECTOR('',#1313,10.);
#379=VECTOR('',#1316,10.);
#380=VECTOR('',#1321,10.);
#381=VECTOR('',#1322,10.);
#382=VECTOR('',#1323,10.);
#383=VECTOR('',#1326,10.);
#384=VECTOR('',#1327,10.);
#385=VECTOR('',#1330,10.);
#386=VECTOR('',#1331,10.);
#387=VECTOR('',#1336,10.);
#388=VECTOR('',#1341,10.);
#389=VECTOR('',#1346,10.);
#390=VECTOR('',#1361,14.3);
#391=VECTOR('',#1364,10.);
#392=VECTOR('',#1369,10.);
#393=VECTOR('',#1372,10.);
#394=VECTOR('',#1373,10.);
#395=VECTOR('',#1376,10.);
#396=VECTOR('',#1377,10.);
#397=VECTOR('',#1382,10.);
#398=VECTOR('',#1385,10.);
#399=VECTOR('',#1386,10.);
#400=VECTOR('',#1389,10.);
#401=VECTOR('',#1392,10.);
#402=VECTOR('',#1393,10.);
#403=VECTOR('',#1398,10.);
#404=VECTOR('',#1407,10.);
#405=VECTOR('',#1412,10.);
#406=VECTOR('',#1431,10.);
#407=VECTOR('',#1432,10.);
#408=VECTOR('',#1435,10.);
#409=VECTOR('',#1438,10.);
#410=VECTOR('',#1443,10.0267407523446);
#411=VECTOR('',#1444,10.0267407523446);
#412=VECTOR('',#1449,10.0267407523446);
#413=VECTOR('',#1454,10.0267407523446);
#414=VECTOR('',#1461,10.);
#415=VECTOR('',#1470,1.25);
#416=VECTOR('',#1483,1.25);
#417=VECTOR('',#1500,1.25);
#418=B_SPLINE_CURVE_WITH_KNOTS('',3,(#1563,#1564,#1565,#1566,#1567,#1568),
 .UNSPECIFIED.,.F.,.F.,(4,2,4),(-6.34558806678688,-3.10696220353787,0.),
 .UNSPECIFIED.);
#419=B_SPLINE_CURVE_WITH_KNOTS('',3,(#1589,#1590,#1591,#1592,#1593,#1594),
 .UNSPECIFIED.,.F.,.F.,(4,2,4),(34.3943322748926,39.1879076510114,40.4235310626775),
 .UNSPECIFIED.);
#420=B_SPLINE_CURVE_WITH_KNOTS('',3,(#1611,#1612,#1613,#1614,#1615,#1616),
 .UNSPECIFIED.,.F.,.F.,(4,2,4),(94.505621181192,95.7189378369983,100.5357721615),
 .UNSPECIFIED.);
#421=B_SPLINE_CURVE_WITH_KNOTS('',3,(#1618,#1619,#1620,#1621,#1622,#1623),
 .UNSPECIFIED.,.F.,.F.,(4,2,4),(95.143485434182,96.3062353993245,101.175742362767),
 .UNSPECIFIED.);
#422=B_SPLINE_CURVE_WITH_KNOTS('',3,(#1627,#1628,#1629,#1630,#1631,#1632),
 .UNSPECIFIED.,.F.,.F.,(4,2,4),(-6.34559193719766,-3.16803663410955,0.),
 .UNSPECIFIED.);
#423=B_SPLINE_CURVE_WITH_KNOTS('',3,(#1649,#1650,#1651,#1652,#1653,#1654),
 .UNSPECIFIED.,.F.,.F.,(4,2,4),(34.7585039803691,39.6280109438116,40.790760908954),
 .UNSPECIFIED.);
#424=B_SPLINE_CURVE_WITH_KNOTS('',3,(#1660,#1661,#1662,#1663,#1664,#1665),
 .UNSPECIFIED.,.F.,.F.,(4,2,4),(94.054306506763,95.2899299184291,100.083505294548),
 .UNSPECIFIED.);
#425=B_SPLINE_CURVE_WITH_KNOTS('',3,(#1682,#1683,#1684,#1685,#1686,#1687),
 .UNSPECIFIED.,.F.,.F.,(4,2,4),(34.5451165910378,39.3619509155394,40.5752675713457),
 .UNSPECIFIED.);
#426=B_SPLINE_CURVE_WITH_KNOTS('',3,(#1698,#1699,#1700,#1701,#1702,#1703,
#1704,#1705,#1706,#1707,#1708,#1709,#1710,#1711,#1712,#1713,#1714,#1715,
#1716,#1717,#1718,#1719,#1720,#1721,#1722,#1723,#1724,#1725,#1726,#1727,
#1728,#1729,#1730,#1731),.UNSPECIFIED.,.F.,.F.,(4,2,2,2,2,2,2,2,2,2,2,2,
2,2,2,2,4),(0.,0.290697354260609,0.581394708521219,0.872092062781828,1.16278941704244,
1.45346409416635,1.74413877129027,2.03481344841418,2.32548812553809,2.61616280266201,
2.90683747978592,3.19751215690984,3.48818683403375,3.77888418829436,4.06958154255497,
4.36027889681558,4.48519964270131),.UNSPECIFIED.);
#427=B_SPLINE_CURVE_WITH_KNOTS('',3,(#1732,#1733,#1734,#1735,#1736,#1737,
#1738,#1739,#1740,#1741,#1742,#1743,#1744,#1745,#1746,#1747,#1748,#1749,
#1750,#1751),.UNSPECIFIED.,.F.,.F.,(4,2,2,2,2,2,2,2,2,4),(4.48519964270131,
4.65097625107619,5.14762297961492,5.64426970815365,6.14098989064986,6.63771007314607,
7.13443025564228,7.63115043813849,8.12779716667722,8.62444389521595),
 .UNSPECIFIED.);
#428=B_SPLINE_CURVE_WITH_KNOTS('',3,(#1753,#1754,#1755,#1756,#1757,#1758,
#1759,#1760,#1761,#1762,#1763,#1764,#1765,#1766),.UNSPECIFIED.,.F.,.F.,
(4,2,2,2,2,2,4),(2.19142996751091,2.41035824554792,2.55011057512589,2.68986290470386,
2.82961523428184,2.96936756385981,3.18829584189682),.UNSPECIFIED.);
#429=B_SPLINE_CURVE_WITH_KNOTS('',3,(#1787,#1788,#1789,#1790),
 .UNSPECIFIED.,.F.,.F.,(4,4),(84.7263997227572,86.5717873845241),
 .UNSPECIFIED.);
#430=B_SPLINE_CURVE_WITH_KNOTS('',3,(#1793,#1794,#1795,#1796),
 .UNSPECIFIED.,.F.,.F.,(4,4),(36.9442208642033,38.9268303100707),
 .UNSPECIFIED.);
#431=B_SPLINE_CURVE_WITH_KNOTS('',3,(#1801,#1802,#1803,#1804,#1805,#1806,
#1807,#1808,#1809,#1810,#1811,#1812,#1813,#1814),.UNSPECIFIED.,.F.,.F.,
(4,2,2,2,2,2,4),(1.81753559317571,2.62359155567792,3.06085681495757,3.49812207423722,
4.01662684673717,4.1416325434447,4.26663824015223),.UNSPECIFIED.);
#432=B_SPLINE_CURVE_WITH_KNOTS('',3,(#1819,#1820,#1821,#1822,#1823,#1824,
#1825,#1826,#1827,#1828,#1829,#1830,#1831,#1832,#1833,#1834,#1835,#1836,
#1837,#1838,#1839),.UNSPECIFIED.,.F.,.F.,(4,2,2,2,2,2,2,2,3,4),(-2.50149422849388,
-2.18881984533029,-1.8761454621667,-1.56347107900311,-1.25079669583952,
-0.938097521879637,-0.625398347919758,-0.31269917395988,0.,0.458549593799351),
 .UNSPECIFIED.);
#433=B_SPLINE_CURVE_WITH_KNOTS('',3,(#1843,#1844,#1845,#1846),
 .UNSPECIFIED.,.F.,.F.,(4,4),(85.1981691468458,87.1807785927132),
 .UNSPECIFIED.);
#434=B_SPLINE_CURVE_WITH_KNOTS('',3,(#1850,#1851,#1852,#1853),
 .UNSPECIFIED.,.F.,.F.,(4,4),(36.890576455162,38.7359641169289),
 .UNSPECIFIED.);
#435=B_SPLINE_CURVE_WITH_KNOTS('',3,(#1857,#1858,#1859,#1860),
 .UNSPECIFIED.,.F.,.F.,(4,4),(18.9481546631494,19.1328927754464),
 .UNSPECIFIED.);
#436=B_SPLINE_CURVE_WITH_KNOTS('',3,(#1863,#1864,#1865,#1866),
 .UNSPECIFIED.,.F.,.F.,(4,4),(21.8611079776999,22.0329878890446),
 .UNSPECIFIED.);
#437=B_SPLINE_CURVE_WITH_KNOTS('',3,(#1875,#1876,#1877,#1878),
 .UNSPECIFIED.,.F.,.F.,(4,4),(35.1613054380537,37.0386618531767),
 .UNSPECIFIED.);
#438=B_SPLINE_CURVE_WITH_KNOTS('',3,(#1880,#1881,#1882,#1883),
 .UNSPECIFIED.,.F.,.F.,(4,4),(78.0459634870208,80.0635076050689),
 .UNSPECIFIED.);
#439=B_SPLINE_CURVE_WITH_KNOTS('',3,(#1886,#1887,#1888,#1889,#1890,#1891,
#1892,#1893,#1894,#1895,#1896,#1897,#1898,#1899),.UNSPECIFIED.,.F.,.F.,
(4,2,2,2,2,2,4),(4.26663824015223,4.39164393685976,4.51664963356729,5.03515440606724,
5.4724196653469,5.90968492462655,6.71574088712876),.UNSPECIFIED.);
#440=B_SPLINE_CURVE_WITH_KNOTS('',3,(#1900,#1901,#1902,#1903,#1904,#1905,
#1906,#1907,#1908,#1909,#1910,#1911,#1912,#1913,#1914,#1915,#1916,#1917,
#1918,#1919),.UNSPECIFIED.,.F.,.F.,(4,2,2,2,2,2,2,2,2,4),(3.76691063523544,
4.22546022903479,4.53815940299466,4.85085857695454,5.16355775091442,5.4762569248743,
5.78893130803789,6.10160569120148,6.41428007436507,6.72695445752866),
 .UNSPECIFIED.);
#441=B_SPLINE_CURVE_WITH_KNOTS('',3,(#1921,#1922,#1923,#1924),
 .UNSPECIFIED.,.F.,.F.,(4,4),(18.8029325220923,18.974812433437),
 .UNSPECIFIED.);
#442=B_SPLINE_CURVE_WITH_KNOTS('',3,(#1925,#1926,#1927,#1928),
 .UNSPECIFIED.,.F.,.F.,(4,4),(22.0151000766484,22.1998381889454),
 .UNSPECIFIED.);
#443=B_SPLINE_CURVE_WITH_KNOTS('',3,(#1930,#1931,#1932,#1933),
 .UNSPECIFIED.,.F.,.F.,(4,4),(35.1913035131603,37.2088476312084),
 .UNSPECIFIED.);
#444=B_SPLINE_CURVE_WITH_KNOTS('',3,(#1934,#1935,#1936,#1937),
 .UNSPECIFIED.,.F.,.F.,(4,4),(77.6430449951865,79.5204014103095),
 .UNSPECIFIED.);
#445=B_SPLINE_CURVE_WITH_KNOTS('',3,(#1983,#1984,#1985,#1986,#1987,#1988,
#1989,#1990,#1991,#1992,#1993,#1994,#1995,#1996),.UNSPECIFIED.,.F.,.F.,
(4,2,2,2,2,2,4),(-0.77111079593436,-0.770492601361951,-0.68878946052132,
-0.579100438313877,-0.389245965508146,-0.196501153584309,0.),
 .UNSPECIFIED.);
#446=B_SPLINE_CURVE_WITH_KNOTS('',3,(#2000,#2001,#2002,#2003,#2004,#2005,
#2006,#2007,#2008,#2009,#2010,#2011,#2012,#2013),.UNSPECIFIED.,.F.,.F.,
(4,2,2,2,2,2,4),(-1.56936214390778,-1.46353751808624,-1.35367129367903,
-1.17843425840666,-0.979865328530454,-0.868347164788039,-0.784971712959038),
 .UNSPECIFIED.);
#447=B_SPLINE_CURVE_WITH_KNOTS('',3,(#2020,#2021,#2022,#2023,#2024,#2025,
#2026,#2027,#2028,#2029,#2030,#2031,#2032,#2033),.UNSPECIFIED.,.F.,.F.,
(4,2,2,2,2,2,4),(-0.784971712959038,-0.784427755858002,-0.701309044591592,
-0.589636697024832,-0.395974873898307,-0.200222318173501,0.),
 .UNSPECIFIED.);
#448=B_SPLINE_CURVE_WITH_KNOTS('',3,(#2036,#2037,#2038,#2039,#2040,#2041,
#2042,#2043,#2044,#2045,#2046,#2047,#2048,#2049),.UNSPECIFIED.,.F.,.F.,
(4,2,2,2,2,2,4),(-1.54166750939635,-1.43764175482826,-1.32970379898665,
-1.15732424898486,-0.962395656812903,-0.852958929367103,-0.77111079593436),
 .UNSPECIFIED.);
#449=B_SPLINE_CURVE_WITH_KNOTS('',3,(#2056,#2057,#2058,#2059),
 .UNSPECIFIED.,.F.,.F.,(4,4),(103.604879148496,106.968202334393),
 .UNSPECIFIED.);
#450=B_SPLINE_CURVE_WITH_KNOTS('',3,(#2063,#2064,#2065,#2066),
 .UNSPECIFIED.,.F.,.F.,(4,4),(36.0648368111234,39.4249116275301),
 .UNSPECIFIED.);
#451=B_SPLINE_CURVE_WITH_KNOTS('',3,(#2070,#2071,#2072,#2073,#2074,#2075),
 .UNSPECIFIED.,.F.,.F.,(4,2,4),(20.9461294164015,21.2551210794581,21.5641127425145),
 .UNSPECIFIED.);
#452=B_SPLINE_CURVE_WITH_KNOTS('',3,(#2077,#2078,#2079,#2080),
 .UNSPECIFIED.,.F.,.F.,(4,4),(19.9812083720345,20.2898737733539),
 .UNSPECIFIED.);
#453=B_SPLINE_CURVE_WITH_KNOTS('',3,(#2082,#2083,#2084,#2085),
 .UNSPECIFIED.,.F.,.F.,(4,4),(19.6725429707154,19.9812083720345),
 .UNSPECIFIED.);
#454=B_SPLINE_CURVE_WITH_KNOTS('',3,(#2089,#2090,#2091,#2092),
 .UNSPECIFIED.,.F.,.F.,(4,4),(37.3084244093933,40.6717475952905),
 .UNSPECIFIED.);
#455=B_SPLINE_CURVE_WITH_KNOTS('',3,(#2094,#2095,#2096,#2097),
 .UNSPECIFIED.,.F.,.F.,(4,4),(99.9266081542023,103.286682970609),
 .UNSPECIFIED.);
#456=B_SPLINE_CURVE_WITH_KNOTS('',3,(#2100,#2101,#2102,#2103,#2104,#2105),
 .UNSPECIFIED.,.F.,.F.,(4,2,4),(20.6706373623692,20.9795553286969,21.2884732950246),
 .UNSPECIFIED.);
#457=B_SPLINE_CURVE_WITH_KNOTS('',3,(#2107,#2108,#2109,#2110),
 .UNSPECIFIED.,.F.,.F.,(4,4),(19.7045112692173,20.0130948564877),
 .UNSPECIFIED.);
#458=B_SPLINE_CURVE_WITH_KNOTS('',3,(#2111,#2112,#2113,#2114),
 .UNSPECIFIED.,.F.,.F.,(4,4),(19.3959276819469,19.7045112692173),
 .UNSPECIFIED.);
#459=B_SPLINE_CURVE_WITH_KNOTS('',3,(#2119,#2120,#2121,#2122,#2123,#2124,
#2125,#2126,#2127,#2128,#2129,#2130,#2131,#2132,#2133,#2134),
 .UNSPECIFIED.,.F.,.F.,(4,2,2,2,2,2,2,4),(-1.65669084957706,-1.62795875628094,
-1.59600052046139,-1.52948466535088,-1.36303549269809,-1.17823459800005,
-0.997589344133322,-0.8282028766347),.UNSPECIFIED.);
#460=B_SPLINE_CURVE_WITH_KNOTS('',3,(#2136,#2137,#2138,#2139,#2140,#2141,
#2142,#2143,#2144,#2145,#2146,#2147,#2148,#2149,#2150,#2151),
 .UNSPECIFIED.,.F.,.F.,(4,2,2,2,2,2,2,4),(-0.8282028766347,-0.790573685830096,
-0.597148321428855,-0.416568020344428,-0.250539640370879,-0.113590952137118,
-0.0472758650864548,0.),.UNSPECIFIED.);
#461=B_SPLINE_CURVE_WITH_KNOTS('',3,(#2169,#2170,#2171,#2172,#2173,#2174,
#2175,#2176,#2177,#2178,#2179,#2180,#2181,#2182,#2183,#2184),
 .UNSPECIFIED.,.F.,.F.,(4,2,2,2,2,2,2,4),(-0.814510668123985,-0.775325178197676,
-0.585485260455327,-0.408190505731455,-0.244851748532966,-0.111205201402111,
-0.0463427157897495,0.),.UNSPECIFIED.);
#462=B_SPLINE_CURVE_WITH_KNOTS('',3,(#2185,#2186,#2187,#2188,#2189,#2190,
#2191,#2192,#2193,#2194,#2195,#2196,#2197,#2198,#2199,#2200),
 .UNSPECIFIED.,.F.,.F.,(4,2,2,2,2,2,2,4),(-1.62930564297376,-1.60094638617309,
-1.56938760632351,-1.50359195899499,-1.33865360765113,-1.15694921945008,
-0.978677571911154,-0.814510668123985),.UNSPECIFIED.);
#463=B_SPLINE_CURVE_WITH_KNOTS('',3,(#2211,#2212,#2213,#2214,#2215,#2216,
#2217,#2218,#2219,#2220,#2221,#2222,#2223,#2224,#2225,#2226,#2227,#2228,
#2229,#2230,#2231,#2232,#2233,#2234,#2235,#2236,#2237,#2238),
 .UNSPECIFIED.,.F.,.F.,(4,2,2,2,2,2,2,2,2,2,2,2,2,4),(-2.19640393142234,
-2.17008405930518,-1.71278117033162,-1.51828346826634,-1.37868202255643,
-1.26184430565462,-1.17112286039402,-1.09421059602511,-1.01473700723205,
-0.91522849978631,-0.782875776967338,-0.640738527063653,-0.428222833718099,
0.),.UNSPECIFIED.);
#464=B_SPLINE_CURVE_WITH_KNOTS('',3,(#2243,#2244,#2245,#2246,#2247,#2248,
#2249,#2250,#2251,#2252),.UNSPECIFIED.,.F.,.F.,(4,2,2,2,4),(-0.887791732324198,
-0.877722050869576,-0.866875846257937,-0.842969989679017,-0.797809863193511),
 .UNSPECIFIED.);
#465=B_SPLINE_CURVE_WITH_KNOTS('',3,(#2253,#2254,#2255,#2256,#2257,#2258,
#2259,#2260,#2261,#2262,#2263,#2264,#2265,#2266,#2267,#2268,#2269,#2270,
#2271,#2272,#2273,#2274,#2275,#2276,#2277,#2278,#2279,#2280,#2281,#2282,
#2283,#2284,#2285,#2286,#2287,#2288,#2289,#2290,#2291,#2292),
 .UNSPECIFIED.,.F.,.F.,(4,2,2,2,2,2,2,2,2,2,2,2,2,2,2,2,2,2,2,4),(-0.797809863193511,
-0.756493022702224,-0.658358813489753,-0.599984294505946,-0.558336288639072,
-0.521126858243785,-0.488520824449494,-0.464805321312502,-0.445251778813606,
-0.424878447399027,-0.398214711947254,-0.357151564663142,-0.320258223092049,
-0.276902896930533,-0.211560512599535,-0.108109618945122,-0.050592116227348,
-0.0249250360965236,-0.0109028061102582,0.),.UNSPECIFIED.);
#466=B_SPLINE_CURVE_WITH_KNOTS('',3,(#2301,#2302,#2303,#2304,#2305,#2306,
#2307,#2308,#2309,#2310,#2311,#2312,#2313,#2314,#2315,#2316,#2317,#2318,
#2319,#2320,#2321,#2322,#2323,#2324,#2325,#2326,#2327,#2328,#2329,#2330),
 .UNSPECIFIED.,.F.,.F.,(4,2,2,2,2,2,2,2,2,2,2,2,2,2,4),(-1.85745806798714,
-1.70463637919916,-1.42834124356798,-1.30101855839534,-1.20512279027814,
-1.10737810767361,-1.02950984184437,-0.969153605317434,-0.910723900296527,
-0.84290832672527,-0.755914400917149,-0.661515040896499,-0.557222930300796,
-0.389701914379971,0.),.UNSPECIFIED.);
#467=B_SPLINE_CURVE_WITH_KNOTS('',3,(#2335,#2336,#2337,#2338,#2339,#2340,
#2341,#2342,#2343,#2344,#2345,#2346,#2347,#2348,#2349,#2350,#2351,#2352,
#2353,#2354,#2355,#2356,#2357,#2358,#2359,#2360,#2361,#2362,#2363,#2364,
#2365,#2366,#2367,#2368,#2369,#2370,#2371,#2372),.UNSPECIFIED.,.F.,.F.,
(4,2,2,2,2,2,2,2,2,2,2,2,2,2,2,2,2,2,4),(-0.972710665434258,-0.965371616631611,
-0.957672835849275,-0.940322896983283,-0.906862984360296,-0.794044372919078,
-0.712147880084804,-0.662184202120607,-0.623028116376036,-0.583253045275124,
-0.536839322357201,-0.506150219576533,-0.483173490298549,-0.460741212429543,
-0.434050444456741,-0.396377420603292,-0.354888275195467,-0.318629814003153,
-0.287901183806459),.UNSPECIFIED.);
#468=B_SPLINE_CURVE_WITH_KNOTS('',3,(#2373,#2374,#2375,#2376,#2377,#2378,
#2379,#2380,#2381,#2382,#2383,#2384,#2385,#2386,#2387,#2388),
 .UNSPECIFIED.,.F.,.F.,(4,2,2,2,2,2,2,4),(-0.287901183806459,-0.278315718315739,
-0.219467300379981,-0.116105026898606,-0.0525458721640878,-0.0254002335380018,
-0.0109876360943905,0.),.UNSPECIFIED.);
#469=B_SPLINE_CURVE_WITH_KNOTS('',3,(#2404,#2405,#2406,#2407,#2408,#2409,
#2410,#2411,#2412,#2413,#2414,#2415,#2416,#2417,#2418,#2419,#2420,#2421,
#2422,#2423),.UNSPECIFIED.,.F.,.F.,(4,2,2,2,2,2,2,2,2,4),(-0.888100295942064,
-0.877999367504765,-0.867116079357682,-0.843169282052716,-0.756529080482555,
-0.658428141495054,-0.600086604107753,-0.55844128267164,-0.521215309671568,
-0.493022565965861),.UNSPECIFIED.);
#470=B_SPLINE_CURVE_WITH_KNOTS('',3,(#2424,#2425,#2426,#2427,#2428,#2429,
#2430,#2431,#2432,#2433,#2434,#2435,#2436,#2437,#2438,#2439,#2440,#2441,
#2442,#2443,#2444,#2445,#2446,#2447,#2448,#2449,#2450,#2451,#2452,#2453),
 .UNSPECIFIED.,.F.,.F.,(4,2,2,2,2,2,2,2,2,2,2,2,2,2,4),(-0.493022565965861,
-0.488604560725024,-0.464883984164356,-0.44532327681051,-0.424939911332159,
-0.398257974513503,-0.35715595903243,-0.320258237926154,-0.276904662953174,
-0.211570657971547,-0.108124702659999,-0.0505959625250514,-0.0249259875212175,
-0.01090297623965,0.),.UNSPECIFIED.);
#471=B_SPLINE_CURVE_WITH_KNOTS('',3,(#2456,#2457,#2458,#2459,#2460,#2461,
#2462,#2463,#2464,#2465,#2466,#2467,#2468,#2469,#2470,#2471,#2472,#2473,
#2474,#2475,#2476,#2477,#2478,#2479,#2480,#2481,#2482,#2483),
 .UNSPECIFIED.,.F.,.F.,(4,2,2,2,2,2,2,2,2,2,2,2,2,4),(-2.18815965263082,
-2.13378742855838,-1.70357863376039,-1.51369523196828,-1.37541370274529,
-1.25938791360762,-1.16917871453774,-1.09247582144295,-1.01300575931865,
-0.913114455801329,-0.780658765509273,-0.63894762222082,-0.427509136576335,
0.),.UNSPECIFIED.);
#472=VERTEX_POINT('',#1561);
#473=VERTEX_POINT('',#1562);
#474=VERTEX_POINT('',#1569);
#475=VERTEX_POINT('',#1571);
#476=VERTEX_POINT('',#1575);
#477=VERTEX_POINT('',#1576);
#478=VERTEX_POINT('',#1578);
#479=VERTEX_POINT('',#1580);
#480=VERTEX_POINT('',#1584);
#481=VERTEX_POINT('',#1588);
#482=VERTEX_POINT('',#1595);
#483=VERTEX_POINT('',#1599);
#484=VERTEX_POINT('',#1601);
#485=VERTEX_POINT('',#1607);
#486=VERTEX_POINT('',#1625);
#487=VERTEX_POINT('',#1626);
#488=VERTEX_POINT('',#1633);
#489=VERTEX_POINT('',#1635);
#490=VERTEX_POINT('',#1639);
#491=VERTEX_POINT('',#1640);
#492=VERTEX_POINT('',#1642);
#493=VERTEX_POINT('',#1644);
#494=VERTEX_POINT('',#1648);
#495=VERTEX_POINT('',#1655);
#496=VERTEX_POINT('',#1659);
#497=VERTEX_POINT('',#1666);
#498=VERTEX_POINT('',#1673);
#499=VERTEX_POINT('',#1677);
#500=VERTEX_POINT('',#1689);
#501=VERTEX_POINT('',#1690);
#502=VERTEX_POINT('',#1692);
#503=VERTEX_POINT('',#1696);
#504=VERTEX_POINT('',#1697);
#505=VERTEX_POINT('',#1768);
#506=VERTEX_POINT('',#1769);
#507=VERTEX_POINT('',#1771);
#508=VERTEX_POINT('',#1773);
#509=VERTEX_POINT('',#1777);
#510=VERTEX_POINT('',#1779);
#511=VERTEX_POINT('',#1785);
#512=VERTEX_POINT('',#1786);
#513=VERTEX_POINT('',#1791);
#514=VERTEX_POINT('',#1799);
#515=VERTEX_POINT('',#1800);
#516=VERTEX_POINT('',#1815);
#517=VERTEX_POINT('',#1817);
#518=VERTEX_POINT('',#1841);
#519=VERTEX_POINT('',#1842);
#520=VERTEX_POINT('',#1847);
#521=VERTEX_POINT('',#1849);
#522=VERTEX_POINT('',#1856);
#523=VERTEX_POINT('',#1861);
#524=VERTEX_POINT('',#1868);
#525=VERTEX_POINT('',#1869);
#526=VERTEX_POINT('',#1874);
#527=VERTEX_POINT('',#1879);
#528=VERTEX_POINT('',#1944);
#529=VERTEX_POINT('',#1948);
#530=VERTEX_POINT('',#1978);
#531=VERTEX_POINT('',#1982);
#532=VERTEX_POINT('',#1997);
#533=VERTEX_POINT('',#1999);
#534=VERTEX_POINT('',#2014);
#535=VERTEX_POINT('',#2019);
#536=VERTEX_POINT('',#2034);
#537=VERTEX_POINT('',#2050);
#538=VERTEX_POINT('',#2054);
#539=VERTEX_POINT('',#2055);
#540=VERTEX_POINT('',#2060);
#541=VERTEX_POINT('',#2062);
#542=VERTEX_POINT('',#2069);
#543=VERTEX_POINT('',#2076);
#544=VERTEX_POINT('',#2081);
#545=VERTEX_POINT('',#2088);
#546=VERTEX_POINT('',#2093);
#547=VERTEX_POINT('',#2106);
#548=VERTEX_POINT('',#2116);
#549=VERTEX_POINT('',#2118);
#550=VERTEX_POINT('',#2135);
#551=VERTEX_POINT('',#2154);
#552=VERTEX_POINT('',#2166);
#553=VERTEX_POINT('',#2168);
#554=VERTEX_POINT('',#2209);
#555=VERTEX_POINT('',#2210);
#556=VERTEX_POINT('',#2241);
#557=VERTEX_POINT('',#2242);
#558=VERTEX_POINT('',#2293);
#559=VERTEX_POINT('',#2299);
#560=VERTEX_POINT('',#2300);
#561=VERTEX_POINT('',#2333);
#562=VERTEX_POINT('',#2334);
#563=VERTEX_POINT('',#2389);
#564=VERTEX_POINT('',#2395);
#565=VERTEX_POINT('',#2396);
#566=VERTEX_POINT('',#2399);
#567=VERTEX_POINT('',#2402);
#568=VERTEX_POINT('',#2403);
#569=VERTEX_POINT('',#2486);
#570=VERTEX_POINT('',#2488);
#571=VERTEX_POINT('',#2519);
#572=VERTEX_POINT('',#2524);
#573=VERTEX_POINT('',#2534);
#574=VERTEX_POINT('',#2537);
#575=EDGE_CURVE('',#472,#473,#418,.T.);
#576=EDGE_CURVE('',#474,#472,#314,.T.);
#577=EDGE_CURVE('',#474,#475,#261,.T.);
#578=EDGE_CURVE('',#475,#473,#315,.T.);
#579=EDGE_CURVE('',#476,#477,#262,.T.);
#580=EDGE_CURVE('',#476,#478,#316,.T.);
#581=EDGE_CURVE('',#478,#479,#317,.T.);
#582=EDGE_CURVE('',#479,#477,#318,.T.);
#583=EDGE_CURVE('',#473,#480,#263,.T.);
#584=EDGE_CURVE('',#475,#480,#319,.T.);
#585=EDGE_CURVE('',#481,#476,#419,.T.);
#586=EDGE_CURVE('',#482,#481,#320,.T.);
#587=EDGE_CURVE('',#478,#482,#321,.T.);
#588=EDGE_CURVE('',#483,#481,#264,.T.);
#589=EDGE_CURVE('',#483,#484,#322,.T.);
#590=EDGE_CURVE('',#482,#484,#323,.T.);
#591=EDGE_CURVE('',#484,#479,#324,.T.);
#592=EDGE_CURVE('',#485,#472,#265,.T.);
#593=EDGE_CURVE('',#485,#474,#325,.T.);
#594=EDGE_CURVE('',#480,#485,#420,.T.);
#595=EDGE_CURVE('',#477,#483,#421,.T.);
#596=EDGE_CURVE('',#486,#487,#422,.T.);
#597=EDGE_CURVE('',#488,#486,#326,.T.);
#598=EDGE_CURVE('',#489,#488,#266,.T.);
#599=EDGE_CURVE('',#489,#487,#327,.T.);
#600=EDGE_CURVE('',#490,#491,#267,.T.);
#601=EDGE_CURVE('',#492,#490,#328,.T.);
#602=EDGE_CURVE('',#493,#492,#329,.T.);
#603=EDGE_CURVE('',#491,#493,#330,.T.);
#604=EDGE_CURVE('',#494,#490,#423,.T.);
#605=EDGE_CURVE('',#494,#495,#331,.T.);
#606=EDGE_CURVE('',#495,#492,#332,.T.);
#607=EDGE_CURVE('',#491,#496,#424,.T.);
#608=EDGE_CURVE('',#493,#497,#333,.T.);
#609=EDGE_CURVE('',#497,#496,#334,.T.);
#610=EDGE_CURVE('',#496,#494,#268,.T.);
#611=EDGE_CURVE('',#497,#495,#335,.T.);
#612=EDGE_CURVE('',#487,#498,#269,.T.);
#613=EDGE_CURVE('',#498,#489,#336,.T.);
#614=EDGE_CURVE('',#499,#486,#270,.T.);
#615=EDGE_CURVE('',#488,#499,#337,.T.);
#616=EDGE_CURVE('',#498,#499,#425,.T.);
#617=EDGE_CURVE('',#500,#501,#71,.T.);
#618=EDGE_CURVE('',#502,#500,#271,.T.);
#619=EDGE_CURVE('',#501,#502,#272,.T.);
#620=EDGE_CURVE('',#503,#504,#426,.T.);
#621=EDGE_CURVE('',#504,#503,#427,.T.);
#622=EDGE_CURVE('',#504,#502,#338,.T.);
#623=EDGE_CURVE('',#501,#500,#428,.T.);
#624=EDGE_CURVE('',#505,#506,#339,.T.);
#625=EDGE_CURVE('',#507,#505,#72,.T.);
#626=EDGE_CURVE('',#508,#507,#273,.T.);
#627=EDGE_CURVE('',#506,#508,#340,.T.);
#628=EDGE_CURVE('',#506,#509,#341,.T.);
#629=EDGE_CURVE('',#510,#508,#342,.T.);
#630=EDGE_CURVE('',#509,#510,#65,.T.);
#631=EDGE_CURVE('',#511,#512,#429,.T.);
#632=EDGE_CURVE('',#511,#513,#343,.T.);
#633=EDGE_CURVE('',#509,#513,#430,.T.);
#634=EDGE_CURVE('',#512,#509,#344,.T.);
#635=EDGE_CURVE('',#514,#515,#431,.T.);
#636=EDGE_CURVE('',#514,#516,#274,.T.);
#637=EDGE_CURVE('',#517,#516,#345,.T.);
#638=EDGE_CURVE('',#515,#517,#432,.T.);
#639=EDGE_CURVE('',#518,#519,#433,.T.);
#640=EDGE_CURVE('',#518,#520,#346,.T.);
#641=EDGE_CURVE('',#521,#520,#434,.T.);
#642=EDGE_CURVE('',#519,#521,#347,.T.);
#643=EDGE_CURVE('',#522,#518,#435,.T.);
#644=EDGE_CURVE('',#523,#522,#348,.T.);
#645=EDGE_CURVE('',#520,#523,#436,.T.);
#646=EDGE_CURVE('',#524,#525,#349,.T.);
#647=EDGE_CURVE('',#516,#524,#350,.T.);
#648=EDGE_CURVE('',#525,#514,#73,.T.);
#649=EDGE_CURVE('',#512,#526,#437,.T.);
#650=EDGE_CURVE('',#527,#509,#438,.T.);
#651=EDGE_CURVE('',#527,#526,#351,.T.);
#652=EDGE_CURVE('',#515,#507,#439,.T.);
#653=EDGE_CURVE('',#510,#515,#440,.T.);
#654=EDGE_CURVE('',#526,#511,#441,.T.);
#655=EDGE_CURVE('',#513,#527,#442,.T.);
#656=EDGE_CURVE('',#519,#522,#443,.T.);
#657=EDGE_CURVE('',#523,#521,#444,.T.);
#658=EDGE_CURVE('',#519,#524,#352,.T.);
#659=EDGE_CURVE('',#517,#519,#66,.T.);
#660=EDGE_CURVE('',#528,#509,#275,.T.);
#661=EDGE_CURVE('',#528,#505,#353,.T.);
#662=EDGE_CURVE('',#529,#519,#276,.T.);
#663=EDGE_CURVE('',#509,#529,#277,.T.);
#664=EDGE_CURVE('',#529,#530,#67,.T.);
#665=EDGE_CURVE('',#531,#530,#445,.F.);
#666=EDGE_CURVE('',#531,#532,#278,.T.);
#667=EDGE_CURVE('',#533,#532,#446,.F.);
#668=EDGE_CURVE('',#533,#534,#68,.T.);
#669=EDGE_CURVE('',#534,#534,#279,.T.);
#670=EDGE_CURVE('',#535,#533,#447,.F.);
#671=EDGE_CURVE('',#535,#536,#280,.T.);
#672=EDGE_CURVE('',#530,#536,#448,.F.);
#673=EDGE_CURVE('',#519,#537,#281,.T.);
#674=EDGE_CURVE('',#528,#537,#282,.T.);
#675=EDGE_CURVE('',#538,#539,#449,.T.);
#676=EDGE_CURVE('',#540,#538,#354,.T.);
#677=EDGE_CURVE('',#541,#540,#450,.T.);
#678=EDGE_CURVE('',#541,#539,#355,.T.);
#679=EDGE_CURVE('',#539,#542,#451,.T.);
#680=EDGE_CURVE('',#543,#541,#452,.T.);
#681=EDGE_CURVE('',#544,#543,#453,.T.);
#682=EDGE_CURVE('',#542,#544,#356,.T.);
#683=EDGE_CURVE('',#542,#545,#454,.T.);
#684=EDGE_CURVE('',#546,#544,#455,.T.);
#685=EDGE_CURVE('',#546,#545,#357,.T.);
#686=EDGE_CURVE('',#545,#538,#456,.T.);
#687=EDGE_CURVE('',#547,#546,#457,.T.);
#688=EDGE_CURVE('',#540,#547,#458,.T.);
#689=EDGE_CURVE('',#532,#548,#358,.T.);
#690=EDGE_CURVE('',#548,#549,#459,.T.);
#691=EDGE_CURVE('',#549,#550,#460,.T.);
#692=EDGE_CURVE('',#550,#535,#359,.T.);
#693=EDGE_CURVE('',#550,#551,#283,.T.);
#694=EDGE_CURVE('',#536,#551,#360,.T.);
#695=EDGE_CURVE('',#552,#548,#284,.T.);
#696=EDGE_CURVE('',#553,#552,#461,.T.);
#697=EDGE_CURVE('',#551,#553,#462,.T.);
#698=EDGE_CURVE('',#552,#531,#361,.T.);
#699=EDGE_CURVE('',#537,#528,#285,.T.);
#700=EDGE_CURVE('',#525,#537,#362,.T.);
#701=EDGE_CURVE('',#554,#555,#463,.T.);
#702=EDGE_CURVE('',#555,#554,#286,.T.);
#703=EDGE_CURVE('',#556,#557,#464,.T.);
#704=EDGE_CURVE('',#557,#556,#465,.T.);
#705=EDGE_CURVE('',#557,#558,#363,.T.);
#706=EDGE_CURVE('',#558,#558,#287,.T.);
#707=EDGE_CURVE('',#555,#554,#288,.T.);
#708=EDGE_CURVE('',#559,#560,#466,.T.);
#709=EDGE_CURVE('',#560,#559,#289,.T.);
#710=EDGE_CURVE('',#561,#562,#467,.T.);
#711=EDGE_CURVE('',#562,#561,#468,.T.);
#712=EDGE_CURVE('',#562,#563,#364,.T.);
#713=EDGE_CURVE('',#563,#563,#290,.T.);
#714=EDGE_CURVE('',#560,#559,#291,.T.);
#715=EDGE_CURVE('',#564,#565,#292,.T.);
#716=EDGE_CURVE('',#564,#565,#293,.T.);
#717=EDGE_CURVE('',#566,#566,#294,.T.);
#718=EDGE_CURVE('',#567,#568,#469,.T.);
#719=EDGE_CURVE('',#568,#567,#470,.T.);
#720=EDGE_CURVE('',#568,#566,#365,.T.);
#721=EDGE_CURVE('',#565,#564,#471,.T.);
#722=EDGE_CURVE('',#569,#569,#295,.T.);
#723=EDGE_CURVE('',#569,#570,#296,.T.);
#724=EDGE_CURVE('',#570,#570,#297,.T.);
#725=EDGE_CURVE('',#571,#571,#298,.T.);
#726=EDGE_CURVE('',#571,#543,#69,.T.);
#727=EDGE_CURVE('',#547,#572,#70,.T.);
#728=EDGE_CURVE('',#572,#572,#299,.T.);
#729=EDGE_CURVE('',#571,#570,#300,.T.);
#730=EDGE_CURVE('',#573,#573,#301,.T.);
#731=EDGE_CURVE('',#574,#574,#302,.T.);
#732=EDGE_CURVE('',#574,#573,#303,.T.);
#733=EDGE_CURVE('',#574,#534,#304,.T.);
#734=ORIENTED_EDGE('',*,*,#575,.F.);
#735=ORIENTED_EDGE('',*,*,#576,.F.);
#736=ORIENTED_EDGE('',*,*,#577,.T.);
#737=ORIENTED_EDGE('',*,*,#578,.T.);
#738=ORIENTED_EDGE('',*,*,#579,.F.);
#739=ORIENTED_EDGE('',*,*,#580,.T.);
#740=ORIENTED_EDGE('',*,*,#581,.T.);
#741=ORIENTED_EDGE('',*,*,#582,.T.);
#742=ORIENTED_EDGE('',*,*,#583,.F.);
#743=ORIENTED_EDGE('',*,*,#578,.F.);
#744=ORIENTED_EDGE('',*,*,#584,.T.);
#745=ORIENTED_EDGE('',*,*,#585,.F.);
#746=ORIENTED_EDGE('',*,*,#586,.F.);
#747=ORIENTED_EDGE('',*,*,#587,.F.);
#748=ORIENTED_EDGE('',*,*,#580,.F.);
#749=ORIENTED_EDGE('',*,*,#588,.F.);
#750=ORIENTED_EDGE('',*,*,#589,.T.);
#751=ORIENTED_EDGE('',*,*,#590,.F.);
#752=ORIENTED_EDGE('',*,*,#586,.T.);
#753=ORIENTED_EDGE('',*,*,#587,.T.);
#754=ORIENTED_EDGE('',*,*,#590,.T.);
#755=ORIENTED_EDGE('',*,*,#591,.T.);
#756=ORIENTED_EDGE('',*,*,#581,.F.);
#757=ORIENTED_EDGE('',*,*,#592,.F.);
#758=ORIENTED_EDGE('',*,*,#593,.T.);
#759=ORIENTED_EDGE('',*,*,#576,.T.);
#760=ORIENTED_EDGE('',*,*,#594,.F.);
#761=ORIENTED_EDGE('',*,*,#584,.F.);
#762=ORIENTED_EDGE('',*,*,#577,.F.);
#763=ORIENTED_EDGE('',*,*,#593,.F.);
#764=ORIENTED_EDGE('',*,*,#595,.F.);
#765=ORIENTED_EDGE('',*,*,#582,.F.);
#766=ORIENTED_EDGE('',*,*,#591,.F.);
#767=ORIENTED_EDGE('',*,*,#589,.F.);
#768=ORIENTED_EDGE('',*,*,#596,.F.);
#769=ORIENTED_EDGE('',*,*,#597,.F.);
#770=ORIENTED_EDGE('',*,*,#598,.F.);
#771=ORIENTED_EDGE('',*,*,#599,.T.);
#772=ORIENTED_EDGE('',*,*,#600,.F.);
#773=ORIENTED_EDGE('',*,*,#601,.F.);
#774=ORIENTED_EDGE('',*,*,#602,.F.);
#775=ORIENTED_EDGE('',*,*,#603,.F.);
#776=ORIENTED_EDGE('',*,*,#604,.F.);
#777=ORIENTED_EDGE('',*,*,#605,.T.);
#778=ORIENTED_EDGE('',*,*,#606,.T.);
#779=ORIENTED_EDGE('',*,*,#601,.T.);
#780=ORIENTED_EDGE('',*,*,#607,.F.);
#781=ORIENTED_EDGE('',*,*,#603,.T.);
#782=ORIENTED_EDGE('',*,*,#608,.T.);
#783=ORIENTED_EDGE('',*,*,#609,.T.);
#784=ORIENTED_EDGE('',*,*,#610,.F.);
#785=ORIENTED_EDGE('',*,*,#609,.F.);
#786=ORIENTED_EDGE('',*,*,#611,.T.);
#787=ORIENTED_EDGE('',*,*,#605,.F.);
#788=ORIENTED_EDGE('',*,*,#612,.F.);
#789=ORIENTED_EDGE('',*,*,#599,.F.);
#790=ORIENTED_EDGE('',*,*,#613,.F.);
#791=ORIENTED_EDGE('',*,*,#614,.F.);
#792=ORIENTED_EDGE('',*,*,#615,.F.);
#793=ORIENTED_EDGE('',*,*,#597,.T.);
#794=ORIENTED_EDGE('',*,*,#608,.F.);
#795=ORIENTED_EDGE('',*,*,#602,.T.);
#796=ORIENTED_EDGE('',*,*,#606,.F.);
#797=ORIENTED_EDGE('',*,*,#611,.F.);
#798=ORIENTED_EDGE('',*,*,#616,.F.);
#799=ORIENTED_EDGE('',*,*,#613,.T.);
#800=ORIENTED_EDGE('',*,*,#598,.T.);
#801=ORIENTED_EDGE('',*,*,#615,.T.);
#802=ORIENTED_EDGE('',*,*,#617,.F.);
#803=ORIENTED_EDGE('',*,*,#618,.F.);
#804=ORIENTED_EDGE('',*,*,#619,.F.);
#805=ORIENTED_EDGE('',*,*,#620,.F.);
#806=ORIENTED_EDGE('',*,*,#621,.F.);
#807=ORIENTED_EDGE('',*,*,#622,.T.);
#808=ORIENTED_EDGE('',*,*,#618,.T.);
#809=ORIENTED_EDGE('',*,*,#623,.F.);
#810=ORIENTED_EDGE('',*,*,#619,.T.);
#811=ORIENTED_EDGE('',*,*,#622,.F.);
#812=ORIENTED_EDGE('',*,*,#624,.F.);
#813=ORIENTED_EDGE('',*,*,#625,.F.);
#814=ORIENTED_EDGE('',*,*,#626,.F.);
#815=ORIENTED_EDGE('',*,*,#627,.F.);
#816=ORIENTED_EDGE('',*,*,#628,.F.);
#817=ORIENTED_EDGE('',*,*,#627,.T.);
#818=ORIENTED_EDGE('',*,*,#629,.F.);
#819=ORIENTED_EDGE('',*,*,#630,.F.);
#820=ORIENTED_EDGE('',*,*,#631,.F.);
#821=ORIENTED_EDGE('',*,*,#632,.T.);
#822=ORIENTED_EDGE('',*,*,#633,.F.);
#823=ORIENTED_EDGE('',*,*,#634,.F.);
#824=ORIENTED_EDGE('',*,*,#635,.F.);
#825=ORIENTED_EDGE('',*,*,#636,.T.);
#826=ORIENTED_EDGE('',*,*,#637,.F.);
#827=ORIENTED_EDGE('',*,*,#638,.F.);
#828=ORIENTED_EDGE('',*,*,#639,.F.);
#829=ORIENTED_EDGE('',*,*,#640,.T.);
#830=ORIENTED_EDGE('',*,*,#641,.F.);
#831=ORIENTED_EDGE('',*,*,#642,.F.);
#832=ORIENTED_EDGE('',*,*,#643,.F.);
#833=ORIENTED_EDGE('',*,*,#644,.F.);
#834=ORIENTED_EDGE('',*,*,#645,.F.);
#835=ORIENTED_EDGE('',*,*,#640,.F.);
#836=ORIENTED_EDGE('',*,*,#646,.F.);
#837=ORIENTED_EDGE('',*,*,#647,.F.);
#838=ORIENTED_EDGE('',*,*,#636,.F.);
#839=ORIENTED_EDGE('',*,*,#648,.F.);
#840=ORIENTED_EDGE('',*,*,#649,.F.);
#841=ORIENTED_EDGE('',*,*,#634,.T.);
#842=ORIENTED_EDGE('',*,*,#650,.F.);
#843=ORIENTED_EDGE('',*,*,#651,.T.);
#844=ORIENTED_EDGE('',*,*,#652,.F.);
#845=ORIENTED_EDGE('',*,*,#653,.F.);
#846=ORIENTED_EDGE('',*,*,#629,.T.);
#847=ORIENTED_EDGE('',*,*,#626,.T.);
#848=ORIENTED_EDGE('',*,*,#654,.F.);
#849=ORIENTED_EDGE('',*,*,#651,.F.);
#850=ORIENTED_EDGE('',*,*,#655,.F.);
#851=ORIENTED_EDGE('',*,*,#632,.F.);
#852=ORIENTED_EDGE('',*,*,#656,.F.);
#853=ORIENTED_EDGE('',*,*,#642,.T.);
#854=ORIENTED_EDGE('',*,*,#657,.F.);
#855=ORIENTED_EDGE('',*,*,#644,.T.);
#856=ORIENTED_EDGE('',*,*,#658,.F.);
#857=ORIENTED_EDGE('',*,*,#659,.F.);
#858=ORIENTED_EDGE('',*,*,#637,.T.);
#859=ORIENTED_EDGE('',*,*,#647,.T.);
#860=ORIENTED_EDGE('',*,*,#624,.T.);
#861=ORIENTED_EDGE('',*,*,#628,.T.);
#862=ORIENTED_EDGE('',*,*,#660,.F.);
#863=ORIENTED_EDGE('',*,*,#661,.T.);
#864=ORIENTED_EDGE('',*,*,#630,.T.);
#865=ORIENTED_EDGE('',*,*,#653,.T.);
#866=ORIENTED_EDGE('',*,*,#638,.T.);
#867=ORIENTED_EDGE('',*,*,#659,.T.);
#868=ORIENTED_EDGE('',*,*,#662,.F.);
#869=ORIENTED_EDGE('',*,*,#663,.F.);
#870=ORIENTED_EDGE('',*,*,#620,.T.);
#871=ORIENTED_EDGE('',*,*,#621,.T.);
#872=ORIENTED_EDGE('',*,*,#660,.T.);
#873=ORIENTED_EDGE('',*,*,#633,.T.);
#874=ORIENTED_EDGE('',*,*,#655,.T.);
#875=ORIENTED_EDGE('',*,*,#650,.T.);
#876=ORIENTED_EDGE('',*,*,#663,.T.);
#877=ORIENTED_EDGE('',*,*,#664,.T.);
#878=ORIENTED_EDGE('',*,*,#665,.F.);
#879=ORIENTED_EDGE('',*,*,#666,.T.);
#880=ORIENTED_EDGE('',*,*,#667,.F.);
#881=ORIENTED_EDGE('',*,*,#668,.T.);
#882=ORIENTED_EDGE('',*,*,#669,.T.);
#883=ORIENTED_EDGE('',*,*,#668,.F.);
#884=ORIENTED_EDGE('',*,*,#670,.F.);
#885=ORIENTED_EDGE('',*,*,#671,.T.);
#886=ORIENTED_EDGE('',*,*,#672,.F.);
#887=ORIENTED_EDGE('',*,*,#664,.F.);
#888=ORIENTED_EDGE('',*,*,#662,.T.);
#889=ORIENTED_EDGE('',*,*,#656,.T.);
#890=ORIENTED_EDGE('',*,*,#643,.T.);
#891=ORIENTED_EDGE('',*,*,#639,.T.);
#892=ORIENTED_EDGE('',*,*,#673,.T.);
#893=ORIENTED_EDGE('',*,*,#674,.F.);
#894=ORIENTED_EDGE('',*,*,#575,.T.);
#895=ORIENTED_EDGE('',*,*,#583,.T.);
#896=ORIENTED_EDGE('',*,*,#594,.T.);
#897=ORIENTED_EDGE('',*,*,#592,.T.);
#898=ORIENTED_EDGE('',*,*,#596,.T.);
#899=ORIENTED_EDGE('',*,*,#612,.T.);
#900=ORIENTED_EDGE('',*,*,#616,.T.);
#901=ORIENTED_EDGE('',*,*,#614,.T.);
#902=ORIENTED_EDGE('',*,*,#675,.F.);
#903=ORIENTED_EDGE('',*,*,#676,.F.);
#904=ORIENTED_EDGE('',*,*,#677,.F.);
#905=ORIENTED_EDGE('',*,*,#678,.T.);
#906=ORIENTED_EDGE('',*,*,#679,.F.);
#907=ORIENTED_EDGE('',*,*,#678,.F.);
#908=ORIENTED_EDGE('',*,*,#680,.F.);
#909=ORIENTED_EDGE('',*,*,#681,.F.);
#910=ORIENTED_EDGE('',*,*,#682,.F.);
#911=ORIENTED_EDGE('',*,*,#683,.F.);
#912=ORIENTED_EDGE('',*,*,#682,.T.);
#913=ORIENTED_EDGE('',*,*,#684,.F.);
#914=ORIENTED_EDGE('',*,*,#685,.T.);
#915=ORIENTED_EDGE('',*,*,#686,.F.);
#916=ORIENTED_EDGE('',*,*,#685,.F.);
#917=ORIENTED_EDGE('',*,*,#687,.F.);
#918=ORIENTED_EDGE('',*,*,#688,.F.);
#919=ORIENTED_EDGE('',*,*,#676,.T.);
#920=ORIENTED_EDGE('',*,*,#670,.T.);
#921=ORIENTED_EDGE('',*,*,#667,.T.);
#922=ORIENTED_EDGE('',*,*,#689,.T.);
#923=ORIENTED_EDGE('',*,*,#690,.T.);
#924=ORIENTED_EDGE('',*,*,#691,.T.);
#925=ORIENTED_EDGE('',*,*,#692,.T.);
#926=ORIENTED_EDGE('',*,*,#692,.F.);
#927=ORIENTED_EDGE('',*,*,#693,.T.);
#928=ORIENTED_EDGE('',*,*,#694,.F.);
#929=ORIENTED_EDGE('',*,*,#671,.F.);
#930=ORIENTED_EDGE('',*,*,#691,.F.);
#931=ORIENTED_EDGE('',*,*,#690,.F.);
#932=ORIENTED_EDGE('',*,*,#695,.F.);
#933=ORIENTED_EDGE('',*,*,#696,.F.);
#934=ORIENTED_EDGE('',*,*,#697,.F.);
#935=ORIENTED_EDGE('',*,*,#693,.F.);
#936=ORIENTED_EDGE('',*,*,#683,.T.);
#937=ORIENTED_EDGE('',*,*,#686,.T.);
#938=ORIENTED_EDGE('',*,*,#675,.T.);
#939=ORIENTED_EDGE('',*,*,#679,.T.);
#940=ORIENTED_EDGE('',*,*,#689,.F.);
#941=ORIENTED_EDGE('',*,*,#666,.F.);
#942=ORIENTED_EDGE('',*,*,#698,.F.);
#943=ORIENTED_EDGE('',*,*,#695,.T.);
#944=ORIENTED_EDGE('',*,*,#665,.T.);
#945=ORIENTED_EDGE('',*,*,#672,.T.);
#946=ORIENTED_EDGE('',*,*,#694,.T.);
#947=ORIENTED_EDGE('',*,*,#697,.T.);
#948=ORIENTED_EDGE('',*,*,#696,.T.);
#949=ORIENTED_EDGE('',*,*,#698,.T.);
#950=ORIENTED_EDGE('',*,*,#625,.T.);
#951=ORIENTED_EDGE('',*,*,#661,.F.);
#952=ORIENTED_EDGE('',*,*,#699,.F.);
#953=ORIENTED_EDGE('',*,*,#700,.F.);
#954=ORIENTED_EDGE('',*,*,#648,.T.);
#955=ORIENTED_EDGE('',*,*,#635,.T.);
#956=ORIENTED_EDGE('',*,*,#652,.T.);
#957=ORIENTED_EDGE('',*,*,#623,.T.);
#958=ORIENTED_EDGE('',*,*,#617,.T.);
#959=ORIENTED_EDGE('',*,*,#646,.T.);
#960=ORIENTED_EDGE('',*,*,#700,.T.);
#961=ORIENTED_EDGE('',*,*,#673,.F.);
#962=ORIENTED_EDGE('',*,*,#658,.T.);
#963=ORIENTED_EDGE('',*,*,#701,.F.);
#964=ORIENTED_EDGE('',*,*,#702,.F.);
#965=ORIENTED_EDGE('',*,*,#703,.F.);
#966=ORIENTED_EDGE('',*,*,#704,.F.);
#967=ORIENTED_EDGE('',*,*,#705,.T.);
#968=ORIENTED_EDGE('',*,*,#706,.F.);
#969=ORIENTED_EDGE('',*,*,#705,.F.);
#970=ORIENTED_EDGE('',*,*,#707,.F.);
#971=ORIENTED_EDGE('',*,*,#702,.T.);
#972=ORIENTED_EDGE('',*,*,#706,.T.);
#973=ORIENTED_EDGE('',*,*,#708,.F.);
#974=ORIENTED_EDGE('',*,*,#709,.F.);
#975=ORIENTED_EDGE('',*,*,#710,.F.);
#976=ORIENTED_EDGE('',*,*,#711,.F.);
#977=ORIENTED_EDGE('',*,*,#712,.T.);
#978=ORIENTED_EDGE('',*,*,#713,.F.);
#979=ORIENTED_EDGE('',*,*,#712,.F.);
#980=ORIENTED_EDGE('',*,*,#714,.F.);
#981=ORIENTED_EDGE('',*,*,#709,.T.);
#982=ORIENTED_EDGE('',*,*,#713,.T.);
#983=ORIENTED_EDGE('',*,*,#715,.F.);
#984=ORIENTED_EDGE('',*,*,#716,.T.);
#985=ORIENTED_EDGE('',*,*,#717,.T.);
#986=ORIENTED_EDGE('',*,*,#718,.F.);
#987=ORIENTED_EDGE('',*,*,#719,.F.);
#988=ORIENTED_EDGE('',*,*,#720,.T.);
#989=ORIENTED_EDGE('',*,*,#717,.F.);
#990=ORIENTED_EDGE('',*,*,#720,.F.);
#991=ORIENTED_EDGE('',*,*,#721,.F.);
#992=ORIENTED_EDGE('',*,*,#716,.F.);
#993=ORIENTED_EDGE('',*,*,#718,.T.);
#994=ORIENTED_EDGE('',*,*,#719,.T.);
#995=ORIENTED_EDGE('',*,*,#722,.F.);
#996=ORIENTED_EDGE('',*,*,#723,.T.);
#997=ORIENTED_EDGE('',*,*,#724,.T.);
#998=ORIENTED_EDGE('',*,*,#723,.F.);
#999=ORIENTED_EDGE('',*,*,#701,.T.);
#1000=ORIENTED_EDGE('',*,*,#707,.T.);
#1001=ORIENTED_EDGE('',*,*,#708,.T.);
#1002=ORIENTED_EDGE('',*,*,#714,.T.);
#1003=ORIENTED_EDGE('',*,*,#715,.T.);
#1004=ORIENTED_EDGE('',*,*,#721,.T.);
#1005=ORIENTED_EDGE('',*,*,#710,.T.);
#1006=ORIENTED_EDGE('',*,*,#711,.T.);
#1007=ORIENTED_EDGE('',*,*,#725,.F.);
#1008=ORIENTED_EDGE('',*,*,#726,.T.);
#1009=ORIENTED_EDGE('',*,*,#680,.T.);
#1010=ORIENTED_EDGE('',*,*,#677,.T.);
#1011=ORIENTED_EDGE('',*,*,#688,.T.);
#1012=ORIENTED_EDGE('',*,*,#727,.T.);
#1013=ORIENTED_EDGE('',*,*,#728,.F.);
#1014=ORIENTED_EDGE('',*,*,#727,.F.);
#1015=ORIENTED_EDGE('',*,*,#687,.T.);
#1016=ORIENTED_EDGE('',*,*,#684,.T.);
#1017=ORIENTED_EDGE('',*,*,#681,.T.);
#1018=ORIENTED_EDGE('',*,*,#726,.F.);
#1019=ORIENTED_EDGE('',*,*,#588,.T.);
#1020=ORIENTED_EDGE('',*,*,#585,.T.);
#1021=ORIENTED_EDGE('',*,*,#579,.T.);
#1022=ORIENTED_EDGE('',*,*,#595,.T.);
#1023=ORIENTED_EDGE('',*,*,#610,.T.);
#1024=ORIENTED_EDGE('',*,*,#604,.T.);
#1025=ORIENTED_EDGE('',*,*,#600,.T.);
#1026=ORIENTED_EDGE('',*,*,#607,.T.);
#1027=ORIENTED_EDGE('',*,*,#649,.T.);
#1028=ORIENTED_EDGE('',*,*,#654,.T.);
#1029=ORIENTED_EDGE('',*,*,#631,.T.);
#1030=ORIENTED_EDGE('',*,*,#657,.T.);
#1031=ORIENTED_EDGE('',*,*,#641,.T.);
#1032=ORIENTED_EDGE('',*,*,#645,.T.);
#1033=ORIENTED_EDGE('',*,*,#703,.T.);
#1034=ORIENTED_EDGE('',*,*,#704,.T.);
#1035=ORIENTED_EDGE('',*,*,#725,.T.);
#1036=ORIENTED_EDGE('',*,*,#729,.T.);
#1037=ORIENTED_EDGE('',*,*,#724,.F.);
#1038=ORIENTED_EDGE('',*,*,#729,.F.);
#1039=ORIENTED_EDGE('',*,*,#674,.T.);
#1040=ORIENTED_EDGE('',*,*,#699,.T.);
#1041=ORIENTED_EDGE('',*,*,#728,.T.);
#1042=ORIENTED_EDGE('',*,*,#730,.F.);
#1043=ORIENTED_EDGE('',*,*,#722,.T.);
#1044=ORIENTED_EDGE('',*,*,#731,.F.);
#1045=ORIENTED_EDGE('',*,*,#732,.T.);
#1046=ORIENTED_EDGE('',*,*,#730,.T.);
#1047=ORIENTED_EDGE('',*,*,#732,.F.);
#1048=ORIENTED_EDGE('',*,*,#731,.T.);
#1049=ORIENTED_EDGE('',*,*,#733,.T.);
#1050=ORIENTED_EDGE('',*,*,#669,.F.);
#1051=ORIENTED_EDGE('',*,*,#733,.F.);
#1052=CYLINDRICAL_SURFACE('',#1151,1049.90000009164);
#1053=CYLINDRICAL_SURFACE('',#1165,1049.90000009164);
#1054=CYLINDRICAL_SURFACE('',#1183,14.3);
#1055=CYLINDRICAL_SURFACE('',#1189,15.3);
#1056=CYLINDRICAL_SURFACE('',#1196,15.3);
#1057=CYLINDRICAL_SURFACE('',#1223,1.95);
#1058=CYLINDRICAL_SURFACE('',#1225,1.25);
#1059=CYLINDRICAL_SURFACE('',#1229,1.95);
#1060=CYLINDRICAL_SURFACE('',#1231,1.25);
#1061=CYLINDRICAL_SURFACE('',#1239,1.25);
#1062=CYLINDRICAL_SURFACE('',#1240,1.95);
#1063=ADVANCED_FACE('',(#114),#1052,.T.);
#1064=ADVANCED_FACE('',(#115),#74,.F.);
#1065=ADVANCED_FACE('',(#116),#75,.F.);
#1066=ADVANCED_FACE('',(#117),#76,.F.);
#1067=ADVANCED_FACE('',(#118),#77,.F.);
#1068=ADVANCED_FACE('',(#119),#78,.F.);
#1069=ADVANCED_FACE('',(#120),#79,.F.);
#1070=ADVANCED_FACE('',(#121),#80,.F.);
#1071=ADVANCED_FACE('',(#122),#81,.T.);
#1072=ADVANCED_FACE('',(#123),#1053,.T.);
#1073=ADVANCED_FACE('',(#124),#82,.T.);
#1074=ADVANCED_FACE('',(#125),#83,.F.);
#1075=ADVANCED_FACE('',(#126),#84,.T.);
#1076=ADVANCED_FACE('',(#127),#85,.T.);
#1077=ADVANCED_FACE('',(#128),#86,.T.);
#1078=ADVANCED_FACE('',(#129),#87,.T.);
#1079=ADVANCED_FACE('',(#130),#88,.T.);
#1080=ADVANCED_FACE('',(#131),#89,.T.);
#1081=ADVANCED_FACE('',(#132),#90,.F.);
#1082=ADVANCED_FACE('',(#133),#1054,.F.);
#1083=ADVANCED_FACE('',(#134),#91,.F.);
#1084=ADVANCED_FACE('',(#135),#92,.F.);
#1085=ADVANCED_FACE('',(#136),#93,.F.);
#1086=ADVANCED_FACE('',(#137),#1055,.T.);
#1087=ADVANCED_FACE('',(#138),#94,.F.);
#1088=ADVANCED_FACE('',(#139),#95,.F.);
#1089=ADVANCED_FACE('',(#140),#96,.F.);
#1090=ADVANCED_FACE('',(#141),#97,.F.);
#1091=ADVANCED_FACE('',(#142),#1056,.T.);
#1092=ADVANCED_FACE('',(#143),#98,.F.);
#1093=ADVANCED_FACE('',(#144),#99,.F.);
#1094=ADVANCED_FACE('',(#145),#100,.F.);
#1095=ADVANCED_FACE('',(#146),#101,.F.);
#1096=ADVANCED_FACE('',(#147,#44),#61,.T.);
#1097=ADVANCED_FACE('',(#148,#45,#46),#41,.F.);
#1098=ADVANCED_FACE('',(#149),#102,.F.);
#1099=ADVANCED_FACE('',(#150),#103,.F.);
#1100=ADVANCED_FACE('',(#151),#104,.F.);
#1101=ADVANCED_FACE('',(#152),#105,.F.);
#1102=ADVANCED_FACE('',(#153),#62,.T.);
#1103=ADVANCED_FACE('',(#154),#106,.T.);
#1104=ADVANCED_FACE('',(#155,#47),#42,.F.);
#1105=ADVANCED_FACE('',(#156),#107,.F.);
#1106=ADVANCED_FACE('',(#157),#63,.T.);
#1107=ADVANCED_FACE('',(#158,#48),#64,.T.);
#1108=ADVANCED_FACE('',(#159),#108,.T.);
#1109=ADVANCED_FACE('',(#160),#1057,.T.);
#1110=ADVANCED_FACE('',(#161),#1058,.F.);
#1111=ADVANCED_FACE('',(#162,#49),#109,.T.);
#1112=ADVANCED_FACE('',(#163),#1059,.T.);
#1113=ADVANCED_FACE('',(#164),#1060,.F.);
#1114=ADVANCED_FACE('',(#165,#50),#110,.T.);
#1115=ADVANCED_FACE('',(#166,#51),#111,.T.);
#1116=ADVANCED_FACE('',(#167),#1061,.F.);
#1117=ADVANCED_FACE('',(#168),#1062,.T.);
#1118=ADVANCED_FACE('',(#169),#18,.F.);
#1119=ADVANCED_FACE('',(#170,#52,#53,#54),#19,.F.);
#1120=ADVANCED_FACE('',(#171),#20,.F.);
#1121=ADVANCED_FACE('',(#172,#55,#56,#57,#58),#43,.T.);
#1122=ADVANCED_FACE('',(#173),#21,.F.);
#1123=ADVANCED_FACE('',(#174),#22,.T.);
#1124=ADVANCED_FACE('',(#175,#59),#112,.T.);
#1125=ADVANCED_FACE('',(#176,#60),#113,.T.);
#1126=ADVANCED_FACE('',(#177),#23,.T.);
#1127=ADVANCED_FACE('',(#178),#24,.F.);
#1128=CLOSED_SHELL('',(#1063,#1064,#1065,#1066,#1067,#1068,#1069,#1070,
#1071,#1072,#1073,#1074,#1075,#1076,#1077,#1078,#1079,#1080,#1081,#1082,
#1083,#1084,#1085,#1086,#1087,#1088,#1089,#1090,#1091,#1092,#1093,#1094,
#1095,#1096,#1097,#1098,#1099,#1100,#1101,#1102,#1103,#1104,#1105,#1106,
#1107,#1108,#1109,#1110,#1111,#1112,#1113,#1114,#1115,#1116,#1117,#1118,
#1119,#1120,#1121,#1122,#1123,#1124,#1125,#1126,#1127));
#1129=DERIVED_UNIT_ELEMENT(#1132,1.);
#1130=DERIVED_UNIT_ELEMENT(#2558,-3.);
#1131=DIMENSIONAL_EXPONENTS(0.,1.,0.,0.,0.,0.,0.);
#1132=(
CONVERSION_BASED_UNIT('gram',#1134)
MASS_UNIT()
NAMED_UNIT(#1131)
);
#1133=(
MASS_UNIT()
NAMED_UNIT(*)
SI_UNIT(.KILO.,.GRAM.)
);
#1134=MASS_MEASURE_WITH_UNIT(MASS_MEASURE(0.001),#1133);
#1135=DERIVED_UNIT((#1129,#1130));
#1136=MEASURE_REPRESENTATION_ITEM('density measure',
POSITIVE_RATIO_MEASURE(1.),#1135);
#1137=PROPERTY_DEFINITION_REPRESENTATION(#1142,#1139);
#1138=PROPERTY_DEFINITION_REPRESENTATION(#1143,#1140);
#1139=REPRESENTATION('material name',(#1141),#2555);
#1140=REPRESENTATION('density',(#1136),#2555);
#1141=DESCRIPTIVE_REPRESENTATION_ITEM('Generic','Generic');
#1142=PROPERTY_DEFINITION('material property','material name',#2565);
#1143=PROPERTY_DEFINITION('material property','density of part',#2565);
#1144=DATE_TIME_ROLE('creation_date');
#1145=APPLIED_DATE_AND_TIME_ASSIGNMENT(#1146,#1144,(#2565));
#1146=DATE_AND_TIME(#1147,#1148);
#1147=CALENDAR_DATE(2025,22,4);
#1148=LOCAL_TIME(0,0,0.,#1149);
#1149=COORDINATED_UNIVERSAL_TIME_OFFSET(0,0,.BEHIND.);
#1150=AXIS2_PLACEMENT_3D('',#1559,#1269,#1270);
#1151=AXIS2_PLACEMENT_3D('',#1560,#1271,#1272);
#1152=AXIS2_PLACEMENT_3D('',#1572,#1274,#1275);
#1153=AXIS2_PLACEMENT_3D('',#1574,#1277,#1278);
#1154=AXIS2_PLACEMENT_3D('',#1577,#1279,#1280);
#1155=AXIS2_PLACEMENT_3D('',#1583,#1284,#1285);
#1156=AXIS2_PLACEMENT_3D('',#1585,#1286,#1287);
#1157=AXIS2_PLACEMENT_3D('',#1587,#1289,#1290);
#1158=AXIS2_PLACEMENT_3D('',#1598,#1293,#1294);
#1159=AXIS2_PLACEMENT_3D('',#1600,#1295,#1296);
#1160=AXIS2_PLACEMENT_3D('',#1604,#1299,#1300);
#1161=AXIS2_PLACEMENT_3D('',#1606,#1302,#1303);
#1162=AXIS2_PLACEMENT_3D('',#1608,#1304,#1305);
#1163=AXIS2_PLACEMENT_3D('',#1610,#1307,#1308);
#1164=AXIS2_PLACEMENT_3D('',#1617,#1309,#1310);
#1165=AXIS2_PLACEMENT_3D('',#1624,#1311,#1312);
#1166=AXIS2_PLACEMENT_3D('',#1636,#1314,#1315);
#1167=AXIS2_PLACEMENT_3D('',#1638,#1317,#1318);
#1168=AXIS2_PLACEMENT_3D('',#1641,#1319,#1320);
#1169=AXIS2_PLACEMENT_3D('',#1647,#1324,#1325);
#1170=AXIS2_PLACEMENT_3D('',#1658,#1328,#1329);
#1171=AXIS2_PLACEMENT_3D('',#1669,#1332,#1333);
#1172=AXIS2_PLACEMENT_3D('',#1670,#1334,#1335);
#1173=AXIS2_PLACEMENT_3D('',#1672,#1337,#1338);
#1174=AXIS2_PLACEMENT_3D('',#1674,#1339,#1340);
#1175=AXIS2_PLACEMENT_3D('',#1676,#1342,#1343);
#1176=AXIS2_PLACEMENT_3D('',#1678,#1344,#1345);
#1177=AXIS2_PLACEMENT_3D('',#1680,#1347,#1348);
#1178=AXIS2_PLACEMENT_3D('',#1681,#1349,#1350);
#1179=AXIS2_PLACEMENT_3D('',#1688,#1351,#1352);
#1180=AXIS2_PLACEMENT_3D('',#1691,#1353,#1354);
#1181=AXIS2_PLACEMENT_3D('',#1693,#1355,#1356);
#1182=AXIS2_PLACEMENT_3D('',#1694,#1357,#1358);
#1183=AXIS2_PLACEMENT_3D('',#1695,#1359,#1360);
#1184=AXIS2_PLACEMENT_3D('',#1767,#1362,#1363);
#1185=AXIS2_PLACEMENT_3D('',#1772,#1365,#1366);
#1186=AXIS2_PLACEMENT_3D('',#1774,#1367,#1368);
#1187=AXIS2_PLACEMENT_3D('',#1776,#1370,#1371);
#1188=AXIS2_PLACEMENT_3D('',#1784,#1374,#1375);
#1189=AXIS2_PLACEMENT_3D('',#1798,#1378,#1379);
#1190=AXIS2_PLACEMENT_3D('',#1816,#1380,#1381);
#1191=AXIS2_PLACEMENT_3D('',#1840,#1383,#1384);
#1192=AXIS2_PLACEMENT_3D('',#1855,#1387,#1388);
#1193=AXIS2_PLACEMENT_3D('',#1867,#1390,#1391);
#1194=AXIS2_PLACEMENT_3D('',#1872,#1394,#1395);
#1195=AXIS2_PLACEMENT_3D('',#1873,#1396,#1397);
#1196=AXIS2_PLACEMENT_3D('',#1885,#1399,#1400);
#1197=AXIS2_PLACEMENT_3D('',#1920,#1401,#1402);
#1198=AXIS2_PLACEMENT_3D('',#1929,#1403,#1404);
#1199=AXIS2_PLACEMENT_3D('',#1938,#1405,#1406);
#1200=AXIS2_PLACEMENT_3D('',#1943,#1408,#1409);
#1201=AXIS2_PLACEMENT_3D('',#1945,#1410,#1411);
#1202=AXIS2_PLACEMENT_3D('',#1947,#1413,#1414);
#1203=AXIS2_PLACEMENT_3D('',#1949,#1415,#1416);
#1204=AXIS2_PLACEMENT_3D('',#1950,#1417,#1418);
#1205=AXIS2_PLACEMENT_3D('',#1998,#1419,#1420);
#1206=AXIS2_PLACEMENT_3D('',#2018,#1421,#1422);
#1207=AXIS2_PLACEMENT_3D('',#2035,#1423,#1424);
#1208=AXIS2_PLACEMENT_3D('',#2051,#1425,#1426);
#1209=AXIS2_PLACEMENT_3D('',#2052,#1427,#1428);
#1210=AXIS2_PLACEMENT_3D('',#2053,#1429,#1430);
#1211=AXIS2_PLACEMENT_3D('',#2068,#1433,#1434);
#1212=AXIS2_PLACEMENT_3D('',#2087,#1436,#1437);
#1213=AXIS2_PLACEMENT_3D('',#2099,#1439,#1440);
#1214=AXIS2_PLACEMENT_3D('',#2115,#1441,#1442);
#1215=AXIS2_PLACEMENT_3D('',#2153,#1445,#1446);
#1216=AXIS2_PLACEMENT_3D('',#2155,#1447,#1448);
#1217=AXIS2_PLACEMENT_3D('',#2167,#1450,#1451);
#1218=AXIS2_PLACEMENT_3D('',#2201,#1452,#1453);
#1219=AXIS2_PLACEMENT_3D('',#2203,#1455,#1456);
#1220=AXIS2_PLACEMENT_3D('',#2204,#1457,#1458);
#1221=AXIS2_PLACEMENT_3D('',#2205,#1459,#1460);
#1222=AXIS2_PLACEMENT_3D('',#2207,#1462,#1463);
#1223=AXIS2_PLACEMENT_3D('',#2208,#1464,#1465);
#1224=AXIS2_PLACEMENT_3D('',#2239,#1466,#1467);
#1225=AXIS2_PLACEMENT_3D('',#2240,#1468,#1469);
#1226=AXIS2_PLACEMENT_3D('',#2295,#1471,#1472);
#1227=AXIS2_PLACEMENT_3D('',#2296,#1473,#1474);
#1228=AXIS2_PLACEMENT_3D('',#2297,#1475,#1476);
#1229=AXIS2_PLACEMENT_3D('',#2298,#1477,#1478);
#1230=AXIS2_PLACEMENT_3D('',#2331,#1479,#1480);
#1231=AXIS2_PLACEMENT_3D('',#2332,#1481,#1482);
#1232=AXIS2_PLACEMENT_3D('',#2391,#1484,#1485);
#1233=AXIS2_PLACEMENT_3D('',#2392,#1486,#1487);
#1234=AXIS2_PLACEMENT_3D('',#2393,#1488,#1489);
#1235=AXIS2_PLACEMENT_3D('',#2394,#1490,#1491);
#1236=AXIS2_PLACEMENT_3D('',#2397,#1492,#1493);
#1237=AXIS2_PLACEMENT_3D('',#2398,#1494,#1495);
#1238=AXIS2_PLACEMENT_3D('',#2400,#1496,#1497);
#1239=AXIS2_PLACEMENT_3D('',#2401,#1498,#1499);
#1240=AXIS2_PLACEMENT_3D('',#2455,#1501,#1502);
#1241=AXIS2_PLACEMENT_3D('',#2484,#1503,#1504);
#1242=AXIS2_PLACEMENT_3D('',#2485,#1505,#1506);
#1243=AXIS2_PLACEMENT_3D('',#2487,#1507,#1508);
#1244=AXIS2_PLACEMENT_3D('',#2489,#1509,#1510);
#1245=AXIS2_PLACEMENT_3D('',#2490,#1511,#1512);
#1246=AXIS2_PLACEMENT_3D('',#2491,#1513,#1514);
#1247=AXIS2_PLACEMENT_3D('',#2520,#1515,#1516);
#1248=AXIS2_PLACEMENT_3D('',#2528,#1517,#1518);
#1249=AXIS2_PLACEMENT_3D('',#2529,#1519,#1520);
#1250=AXIS2_PLACEMENT_3D('',#2530,#1521,#1522);
#1251=AXIS2_PLACEMENT_3D('',#2531,#1523,#1524);
#1252=AXIS2_PLACEMENT_3D('',#2532,#1525,#1526);
#1253=AXIS2_PLACEMENT_3D('',#2533,#1527,#1528);
#1254=AXIS2_PLACEMENT_3D('',#2535,#1529,#1530);
#1255=AXIS2_PLACEMENT_3D('',#2536,#1531,#1532);
#1256=AXIS2_PLACEMENT_3D('',#2538,#1533,#1534);
#1257=AXIS2_PLACEMENT_3D('',#2539,#1535,#1536);
#1258=AXIS2_PLACEMENT_3D('',#2540,#1537,#1538);
#1259=AXIS2_PLACEMENT_3D('',#2541,#1539,#1540);
#1260=AXIS2_PLACEMENT_3D('',#2542,#1541,#1542);
#1261=AXIS2_PLACEMENT_3D('',#2543,#1543,#1544);
#1262=AXIS2_PLACEMENT_3D('',#2544,#1545,#1546);
#1263=AXIS2_PLACEMENT_3D('',#2545,#1547,#1548);
#1264=AXIS2_PLACEMENT_3D('',#2546,#1549,#1550);
#1265=AXIS2_PLACEMENT_3D('',#2547,#1551,#1552);
#1266=AXIS2_PLACEMENT_3D('',#2549,#1553,#1554);
#1267=AXIS2_PLACEMENT_3D('',#2550,#1555,#1556);
#1268=AXIS2_PLACEMENT_3D('',#2551,#1557,#1558);
#1269=DIRECTION('axis',(0.,0.,1.));
#1270=DIRECTION('refdir',(1.,0.,0.));
#1271=DIRECTION('center_axis',(-1.,0.,0.));
#1272=DIRECTION('ref_axis',(0.,0.00742927898686977,-0.999972402526057));
#1273=DIRECTION('',(1.,0.,0.));
#1274=DIRECTION('center_axis',(1.,0.,0.));
#1275=DIRECTION('ref_axis',(0.,0.00742927898686977,-0.999972402526057));
#1276=DIRECTION('',(1.,0.,0.));
#1277=DIRECTION('center_axis',(0.,-1.,0.));
#1278=DIRECTION('ref_axis',(0.,0.,-1.));
#1279=DIRECTION('center_axis',(0.,-1.,0.));
#1280=DIRECTION('ref_axis',(0.,0.,1.));
#1281=DIRECTION('',(0.,0.,1.));
#1282=DIRECTION('',(1.,0.,0.));
#1283=DIRECTION('',(0.,0.,-1.));
#1284=DIRECTION('center_axis',(0.,-1.,0.));
#1285=DIRECTION('ref_axis',(0.,0.,-1.));
#1286=DIRECTION('center_axis',(0.,1.,0.));
#1287=DIRECTION('ref_axis',(0.,0.,1.));
#1288=DIRECTION('',(0.,0.,1.));
#1289=DIRECTION('center_axis',(1.,0.,0.));
#1290=DIRECTION('ref_axis',(0.,0.,-1.));
#1291=DIRECTION('',(0.,0.,-1.));
#1292=DIRECTION('',(0.,-1.,-1.40091233391187E-16));
#1293=DIRECTION('center_axis',(0.,1.,0.));
#1294=DIRECTION('ref_axis',(0.,0.,1.));
#1295=DIRECTION('center_axis',(0.,1.,0.));
#1296=DIRECTION('ref_axis',(0.,0.,1.));
#1297=DIRECTION('',(0.,0.,1.));
#1298=DIRECTION('',(1.,0.,0.));
#1299=DIRECTION('center_axis',(0.,1.40091233391187E-16,-1.));
#1300=DIRECTION('ref_axis',(0.,1.,1.40091233391187E-16));
#1301=DIRECTION('',(0.,1.,1.40091233391187E-16));
#1302=DIRECTION('center_axis',(0.,1.,0.));
#1303=DIRECTION('ref_axis',(0.,0.,1.));
#1304=DIRECTION('center_axis',(0.,-1.,0.));
#1305=DIRECTION('ref_axis',(0.,0.,1.));
#1306=DIRECTION('',(0.,0.,-1.));
#1307=DIRECTION('center_axis',(1.,0.,0.));
#1308=DIRECTION('ref_axis',(0.,0.,-1.));
#1309=DIRECTION('center_axis',(1.,0.,0.));
#1310=DIRECTION('ref_axis',(0.,0.,-1.));
#1311=DIRECTION('center_axis',(-1.,0.,0.));
#1312=DIRECTION('ref_axis',(0.,0.00742927898686977,-0.999972402526057));
#1313=DIRECTION('',(-1.,0.,0.));
#1314=DIRECTION('center_axis',(1.,0.,0.));
#1315=DIRECTION('ref_axis',(0.,0.00742927898686977,-0.999972402526057));
#1316=DIRECTION('',(-1.,0.,0.));
#1317=DIRECTION('center_axis',(0.,1.,0.));
#1318=DIRECTION('ref_axis',(0.,0.,-1.));
#1319=DIRECTION('center_axis',(0.,-1.,0.));
#1320=DIRECTION('ref_axis',(0.,0.,1.));
#1321=DIRECTION('',(0.,0.,-1.));
#1322=DIRECTION('',(-1.,0.,0.));
#1323=DIRECTION('',(0.,0.,1.));
#1324=DIRECTION('center_axis',(1.,0.,0.));
#1325=DIRECTION('ref_axis',(0.,0.,-1.));
#1326=DIRECTION('',(0.,0.,1.));
#1327=DIRECTION('',(0.,1.,1.40091233391187E-16));
#1328=DIRECTION('center_axis',(1.,0.,0.));
#1329=DIRECTION('ref_axis',(0.,0.,-1.));
#1330=DIRECTION('',(0.,-1.,-1.40091233391187E-16));
#1331=DIRECTION('',(0.,0.,-1.));
#1332=DIRECTION('center_axis',(0.,-1.,0.));
#1333=DIRECTION('ref_axis',(0.,0.,1.));
#1334=DIRECTION('center_axis',(0.,1.,0.));
#1335=DIRECTION('ref_axis',(0.,0.,1.));
#1336=DIRECTION('',(-1.,0.,0.));
#1337=DIRECTION('center_axis',(0.,-1.,0.));
#1338=DIRECTION('ref_axis',(0.,0.,1.));
#1339=DIRECTION('center_axis',(0.,-1.,0.));
#1340=DIRECTION('ref_axis',(0.,0.,1.));
#1341=DIRECTION('',(0.,0.,-1.));
#1342=DIRECTION('center_axis',(0.,1.,0.));
#1343=DIRECTION('ref_axis',(0.,0.,-1.));
#1344=DIRECTION('center_axis',(0.,1.,0.));
#1345=DIRECTION('ref_axis',(0.,0.,1.));
#1346=DIRECTION('',(0.,0.,1.));
#1347=DIRECTION('center_axis',(0.,-1.40091233391187E-16,1.));
#1348=DIRECTION('ref_axis',(0.,1.,1.40091233391187E-16));
#1349=DIRECTION('center_axis',(1.,0.,0.));
#1350=DIRECTION('ref_axis',(0.,0.,-1.));
#1351=DIRECTION('center_axis',(-1.27589694127722E-16,0.895498615614983,
0.445064298086971));
#1352=DIRECTION('ref_axis',(0.,-0.445064298086971,0.895498615614983));
#1353=DIRECTION('center_axis',(-1.27589694127722E-16,0.895498615614983,
0.445064298086971));
#1354=DIRECTION('ref_axis',(1.62704884994847E-14,-0.445064298086971,0.895498615614983));
#1355=DIRECTION('center_axis',(-1.27589694127722E-16,0.895498615614983,
0.445064298086971));
#1356=DIRECTION('ref_axis',(1.,0.,2.86676991787801E-16));
#1357=DIRECTION('center_axis',(-1.27589694127722E-16,0.895498615614983,
0.445064298086971));
#1358=DIRECTION('ref_axis',(1.,0.,2.86676991787801E-16));
#1359=DIRECTION('center_axis',(0.,0.895498615614983,0.445064298086972));
#1360=DIRECTION('ref_axis',(1.,-1.14256394458114E-16,2.29891374127715E-16));
#1361=DIRECTION('',(0.,0.895498615614983,0.445064298086972));
#1362=DIRECTION('center_axis',(-1.27589694127722E-16,0.895498615614983,
0.445064298086971));
#1363=DIRECTION('ref_axis',(-5.51893631670468E-33,-0.445064298086971,0.895498615614983));
#1364=DIRECTION('',(0.21404841927511,-0.434749065831176,0.874743690440089));
#1365=DIRECTION('center_axis',(-1.27589694127722E-16,0.895498615614983,
0.445064298086971));
#1366=DIRECTION('ref_axis',(9.62063215319395E-15,-0.445064298086971,0.895498615614983));
#1367=DIRECTION('center_axis',(1.27589694127722E-16,-0.895498615614983,
-0.445064298086971));
#1368=DIRECTION('ref_axis',(-1.,0.,-2.86676991787801E-16));
#1369=DIRECTION('',(0.0370392637678489,0.44475889988008,-0.894884134353156));
#1370=DIRECTION('center_axis',(0.999313811042125,-0.0164848539304957,0.0331686094275069));
#1371=DIRECTION('ref_axis',(0.0370392637678489,0.44475889988008,-0.894884134353156));
#1372=DIRECTION('',(-0.0144988067548736,-0.998137774444252,-0.0592517327186382));
#1373=DIRECTION('',(-1.11022302462516E-16,0.895498615614983,0.445064298086971));
#1374=DIRECTION('center_axis',(0.999313811042125,-0.0164848539304957,0.0331686094275069));
#1375=DIRECTION('ref_axis',(0.0370392637678489,0.44475889988008,-0.894884134353156));
#1376=DIRECTION('',(0.0370392637678489,0.44475889988008,-0.894884134353156));
#1377=DIRECTION('',(1.48029736616688E-16,-0.895498615614983,-0.445064298086971));
#1378=DIRECTION('center_axis',(-2.22044604925031E-16,0.895498615614983,
0.445064298086971));
#1379=DIRECTION('ref_axis',(0.844074811882759,0.23865479468839,-0.480189130361493));
#1380=DIRECTION('center_axis',(1.27589694127722E-16,-0.895498615614983,
-0.445064298086971));
#1381=DIRECTION('ref_axis',(-1.,0.,-2.86676991787801E-16));
#1382=DIRECTION('',(-2.22044604925031E-16,0.895498615614983,0.445064298086971));
#1383=DIRECTION('center_axis',(-0.999313811042125,-0.0164848539304959,0.0331686094275064));
#1384=DIRECTION('ref_axis',(0.0370392637678485,-0.44475889988008,0.894884134353156));
#1385=DIRECTION('',(0.0370392637678485,-0.44475889988008,0.894884134353156));
#1386=DIRECTION('',(-2.22044604925031E-16,0.895498615614983,0.445064298086971));
#1387=DIRECTION('center_axis',(-1.27589694127722E-16,0.895498615614983,
0.445064298086971));
#1388=DIRECTION('ref_axis',(0.,-0.445064298086971,0.895498615614983));
#1389=DIRECTION('',(0.21404841927511,0.434749065831176,-0.874743690440089));
#1390=DIRECTION('center_axis',(-1.27589694127722E-16,0.895498615614983,
0.445064298086971));
#1391=DIRECTION('ref_axis',(0.,-0.445064298086971,0.895498615614983));
#1392=DIRECTION('',(0.21404841927511,0.434749065831176,-0.874743690440089));
#1393=DIRECTION('',(0.0370392637678485,-0.44475889988008,0.894884134353156));
#1394=DIRECTION('center_axis',(-1.27589694127722E-16,0.895498615614983,
0.445064298086971));
#1395=DIRECTION('ref_axis',(1.11527234562787E-14,-0.445064298086972,0.895498615614983));
#1396=DIRECTION('center_axis',(-0.97682305163516,-0.0952653094813027,0.191680063135437));
#1397=DIRECTION('ref_axis',(0.21404841927511,-0.434749065831176,0.874743690440089));
#1398=DIRECTION('',(0.21404841927511,-0.434749065831176,0.874743690440089));
#1399=DIRECTION('center_axis',(-1.11022302462516E-16,0.895498615614983,
0.445064298086971));
#1400=DIRECTION('ref_axis',(-1.,1.48360763005435E-17,-2.79303437245194E-16));
#1401=DIRECTION('center_axis',(-1.27589694127722E-16,0.895498615614983,
0.445064298086971));
#1402=DIRECTION('ref_axis',(-5.51893631670468E-33,-0.445064298086971,0.895498615614983));
#1403=DIRECTION('center_axis',(0.97682305163516,-0.0952653094813024,0.191680063135437));
#1404=DIRECTION('ref_axis',(0.21404841927511,0.434749065831176,-0.874743690440089));
#1405=DIRECTION('center_axis',(-0.999313811042125,-0.0164848539304959,0.0331686094275064));
#1406=DIRECTION('ref_axis',(0.0370392637678485,-0.44475889988008,0.894884134353156));
#1407=DIRECTION('',(-0.0144988067548737,0.998137774444252,0.0592517327186388));
#1408=DIRECTION('center_axis',(0.971342069813262,0.,-0.237685892326173));
#1409=DIRECTION('ref_axis',(-0.237685892326173,0.,-0.971342069813261));
#1410=DIRECTION('center_axis',(-0.971342069813262,0.,0.237685892326173));
#1411=DIRECTION('ref_axis',(-0.237685892326173,0.,-0.971342069813261));
#1412=DIRECTION('',(-0.143739677103637,-0.796418134954513,-0.587415576522889));
#1413=DIRECTION('center_axis',(0.,1.,0.));
#1414=DIRECTION('ref_axis',(0.237685892326173,0.,-0.971342069813262));
#1415=DIRECTION('center_axis',(0.,-1.,0.));
#1416=DIRECTION('ref_axis',(0.237685892326173,0.,-0.971342069813261));
#1417=DIRECTION('center_axis',(0.,-1.,0.));
#1418=DIRECTION('ref_axis',(0.237685892326173,0.,-0.971342069813261));
#1419=DIRECTION('center_axis',(-0.997318754888687,0.,0.0731799231161122));
#1420=DIRECTION('ref_axis',(-0.0731799231161122,0.,-0.997318754888686));
#1421=DIRECTION('center_axis',(0.,1.,0.));
#1422=DIRECTION('ref_axis',(1.,0.,0.));
#1423=DIRECTION('center_axis',(0.997318754888686,0.,0.0731799231161122));
#1424=DIRECTION('ref_axis',(0.0731799231161122,0.,-0.997318754888686));
#1425=DIRECTION('center_axis',(0.971342069813261,0.,0.237685892326173));
#1426=DIRECTION('ref_axis',(0.237685892326173,0.,-0.971342069813261));
#1427=DIRECTION('center_axis',(0.,1.,0.));
#1428=DIRECTION('ref_axis',(1.,0.,0.));
#1429=DIRECTION('center_axis',(-1.,-1.58540049431311E-16,-4.47840167686504E-18));
#1430=DIRECTION('ref_axis',(-1.58603289232165E-16,0.999601270559012,0.0282364993724029));
#1431=DIRECTION('',(0.,0.0282364993724027,-0.999601270559012));
#1432=DIRECTION('',(0.,0.0282364993724027,-0.999601270559012));
#1433=DIRECTION('center_axis',(3.52451753849256E-16,-0.999601270559013,
-0.0282364993724027));
#1434=DIRECTION('ref_axis',(-1.,-3.52311220958469E-16,-9.95200372636681E-18));
#1435=DIRECTION('',(0.,-0.0282364993724028,0.999601270559012));
#1436=DIRECTION('center_axis',(1.,3.01226093919491E-16,8.50896318604357E-18));
#1437=DIRECTION('ref_axis',(3.01346249541114E-16,-0.999601270559012,-0.0282364993724029));
#1438=DIRECTION('',(0.,0.0282364993724027,-0.999601270559012));
#1439=DIRECTION('center_axis',(0.,0.999601270559013,0.0282364993724027));
#1440=DIRECTION('ref_axis',(1.,0.,0.));
#1441=DIRECTION('center_axis',(-1.38779868143706E-17,0.0729847563865658,
-0.997333056373443));
#1442=DIRECTION('ref_axis',(0.999985660271997,0.00534101886101679,0.000390855349612288));
#1443=DIRECTION('',(-0.0729837098050109,0.0731799231161122,-0.99464469885272));
#1444=DIRECTION('',(-0.0729837098050108,-0.0731799231161122,0.99464469885272));
#1445=DIRECTION('center_axis',(0.997318754888686,0.,0.0731799231161122));
#1446=DIRECTION('ref_axis',(0.0731799231161122,0.,-0.997318754888686));
#1447=DIRECTION('center_axis',(0.997318754888686,0.,0.0731799231161122));
#1448=DIRECTION('ref_axis',(0.0731792264356012,0.0043634983955451,-0.99730926030998));
#1449=DIRECTION('',(0.0729837098050108,-0.0731799231161122,-0.99464469885272));
#1450=DIRECTION('center_axis',(-0.997318754888687,0.,0.0731799231161122));
#1451=DIRECTION('ref_axis',(-0.0731792264356013,0.0043634983955451,-0.99730926030998));
#1452=DIRECTION('center_axis',(0.997318754888687,0.,-0.0731799231161122));
#1453=DIRECTION('ref_axis',(-0.0731799231161122,0.,-0.997318754888687));
#1454=DIRECTION('',(0.0729837098050109,0.0731799231161122,0.99464469885272));
#1455=DIRECTION('center_axis',(-1.38779868143706E-17,-0.0729847563865658,
-0.997333056373443));
#1456=DIRECTION('ref_axis',(-0.999985660271997,-0.00534101886101636,0.000390855349610903));
#1457=DIRECTION('center_axis',(0.,-1.,0.));
#1458=DIRECTION('ref_axis',(0.237685892326173,0.,-0.971342069813261));
#1459=DIRECTION('center_axis',(0.,1.,0.));
#1460=DIRECTION('ref_axis',(1.,0.,0.));
#1461=DIRECTION('',(-0.143739677103637,0.796418134954513,0.587415576522889));
#1462=DIRECTION('center_axis',(0.971342069813261,0.,0.237685892326173));
#1463=DIRECTION('ref_axis',(0.237685892326173,0.,-0.971342069813261));
#1464=DIRECTION('center_axis',(0.,1.,0.));
#1465=DIRECTION('ref_axis',(-0.866025403784439,0.,0.5));
#1466=DIRECTION('center_axis',(0.,-1.,0.));
#1467=DIRECTION('ref_axis',(1.,0.,0.));
#1468=DIRECTION('center_axis',(0.,1.,0.));
#1469=DIRECTION('ref_axis',(-1.,0.,0.));
#1470=DIRECTION('',(0.,-1.,0.));
#1471=DIRECTION('center_axis',(0.,1.,0.));
#1472=DIRECTION('ref_axis',(-1.,0.,0.));
#1473=DIRECTION('center_axis',(0.,-1.,0.));
#1474=DIRECTION('ref_axis',(0.,0.,-1.));
#1475=DIRECTION('center_axis',(0.,1.,0.));
#1476=DIRECTION('ref_axis',(0.,0.,1.));
#1477=DIRECTION('center_axis',(0.,1.,0.));
#1478=DIRECTION('ref_axis',(-1.83697019872103E-16,0.,-1.));
#1479=DIRECTION('center_axis',(0.,-1.,0.));
#1480=DIRECTION('ref_axis',(1.,0.,0.));
#1481=DIRECTION('center_axis',(0.,1.,0.));
#1482=DIRECTION('ref_axis',(-1.,0.,0.));
#1483=DIRECTION('',(0.,-1.,0.));
#1484=DIRECTION('center_axis',(0.,1.,0.));
#1485=DIRECTION('ref_axis',(-1.,0.,0.));
#1486=DIRECTION('center_axis',(0.,-1.,0.));
#1487=DIRECTION('ref_axis',(0.,0.,-1.));
#1488=DIRECTION('center_axis',(0.,1.,0.));
#1489=DIRECTION('ref_axis',(0.,0.,1.));
#1490=DIRECTION('center_axis',(0.,-1.,0.));
#1491=DIRECTION('ref_axis',(0.,0.,-1.));
#1492=DIRECTION('center_axis',(0.,1.,0.));
#1493=DIRECTION('ref_axis',(0.,0.,1.));
#1494=DIRECTION('center_axis',(0.,-1.,0.));
#1495=DIRECTION('ref_axis',(1.,0.,0.));
#1496=DIRECTION('center_axis',(0.,1.,0.));
#1497=DIRECTION('ref_axis',(-1.,0.,0.));
#1498=DIRECTION('center_axis',(0.,1.,0.));
#1499=DIRECTION('ref_axis',(-1.,0.,0.));
#1500=DIRECTION('',(0.,-1.,0.));
#1501=DIRECTION('center_axis',(0.,1.,0.));
#1502=DIRECTION('ref_axis',(1.,0.,0.));
#1503=DIRECTION('center_axis',(0.,1.,0.));
#1504=DIRECTION('ref_axis',(0.,0.,1.));
#1505=DIRECTION('center_axis',(0.,1.,0.));
#1506=DIRECTION('ref_axis',(0.,0.,1.));
#1507=DIRECTION('center_axis',(0.,1.,0.));
#1508=DIRECTION('ref_axis',(0.,0.,1.));
#1509=DIRECTION('center_axis',(1.,0.,-1.22464679914735E-16));
#1510=DIRECTION('ref_axis',(-1.22464679914735E-16,0.,-1.));
#1511=DIRECTION('center_axis',(0.,1.,0.));
#1512=DIRECTION('ref_axis',(1.,0.,0.));
#1513=DIRECTION('center_axis',(0.,1.,0.));
#1514=DIRECTION('ref_axis',(0.,0.,1.));
#1515=DIRECTION('center_axis',(0.,1.,0.));
#1516=DIRECTION('ref_axis',(1.,0.,0.));
#1517=DIRECTION('center_axis',(0.,-1.,0.));
#1518=DIRECTION('ref_axis',(0.,0.,1.));
#1519=DIRECTION('center_axis',(0.,1.,0.));
#1520=DIRECTION('ref_axis',(0.,0.,1.));
#1521=DIRECTION('center_axis',(0.,1.,0.));
#1522=DIRECTION('ref_axis',(0.,0.,1.));
#1523=DIRECTION('center_axis',(1.,0.,-1.22464679914735E-16));
#1524=DIRECTION('ref_axis',(-1.22464679914735E-16,0.,-1.));
#1525=DIRECTION('center_axis',(0.,1.,0.));
#1526=DIRECTION('ref_axis',(0.,0.,1.));
#1527=DIRECTION('center_axis',(0.,-1.,0.));
#1528=DIRECTION('ref_axis',(0.,0.,-1.));
#1529=DIRECTION('center_axis',(0.,1.,0.));
#1530=DIRECTION('ref_axis',(1.,0.,0.));
#1531=DIRECTION('center_axis',(0.,1.,0.));
#1532=DIRECTION('ref_axis',(0.,0.,1.));
#1533=DIRECTION('center_axis',(0.,1.,0.));
#1534=DIRECTION('ref_axis',(1.,0.,0.));
#1535=DIRECTION('center_axis',(-1.,0.,1.22464679914735E-16));
#1536=DIRECTION('ref_axis',(-1.22464679914735E-16,0.,-1.));
#1537=DIRECTION('center_axis',(0.,1.,0.));
#1538=DIRECTION('ref_axis',(0.,0.,1.));
#1539=DIRECTION('center_axis',(-1.,0.,1.22464679914735E-16));
#1540=DIRECTION('ref_axis',(-1.22464679914735E-16,0.,-1.));
#1541=DIRECTION('center_axis',(0.,-1.,0.));
#1542=DIRECTION('ref_axis',(1.,0.,0.));
#1543=DIRECTION('center_axis',(0.,-1.,0.));
#1544=DIRECTION('ref_axis',(1.,0.,0.));
#1545=DIRECTION('center_axis',(0.,-1.,0.));
#1546=DIRECTION('ref_axis',(1.,0.,0.));
#1547=DIRECTION('center_axis',(0.,-1.,0.));
#1548=DIRECTION('ref_axis',(1.,0.,0.));
#1549=DIRECTION('center_axis',(0.,-1.,0.));
#1550=DIRECTION('ref_axis',(1.,0.,0.));
#1551=DIRECTION('center_axis',(0.,-1.,0.));
#1552=DIRECTION('ref_axis',(1.,0.,0.));
#1553=DIRECTION('center_axis',(0.,-1.,0.));
#1554=DIRECTION('ref_axis',(1.,0.,0.));
#1555=DIRECTION('center_axis',(0.,-1.,0.));
#1556=DIRECTION('ref_axis',(1.,0.,0.));
#1557=DIRECTION('center_axis',(0.,-1.,0.));
#1558=DIRECTION('ref_axis',(1.,0.,0.));
#1559=CARTESIAN_POINT('',(0.,0.,0.));
#1560=CARTESIAN_POINT('Origin',(-8.3,15.9999999910011,982.400000080222));
#1561=CARTESIAN_POINT('',(-8.22939246916802,23.8,-67.4710254240006));
#1562=CARTESIAN_POINT('',(-8.09223259382813,87.2,-65.0829688467897));
#1563=CARTESIAN_POINT('Ctrl Pts',(-8.22939247311422,23.7999999999964,-67.4710254235193));
#1564=CARTESIAN_POINT('Ctrl Pts',(-8.22483476766105,34.59512753557,-67.3908231959798));
#1565=CARTESIAN_POINT('Ctrl Pts',(-8.2108319717176,45.3884212473766,-67.1441254894787));
#1566=CARTESIAN_POINT('Ctrl Pts',(-8.16453296399972,66.5248480434911,-66.3347173001629));
#1567=CARTESIAN_POINT('Ctrl Pts',(-8.1330062104431,76.8673817481526,-65.785302384368));
#1568=CARTESIAN_POINT('Ctrl Pts',(-8.09223259770871,87.1999999999998,-65.0829688463073));
#1569=CARTESIAN_POINT('',(-8.3,23.8,-67.4710254240006));
#1570=CARTESIAN_POINT('',(-8.3,23.8,-67.4710254240006));
#1571=CARTESIAN_POINT('',(-8.3,87.2,-65.0829688467897));
#1572=CARTESIAN_POINT('Origin',(-8.3,15.9999999910011,982.400000080222));
#1573=CARTESIAN_POINT('',(-8.3,87.2,-65.0829688467897));
#1574=CARTESIAN_POINT('Origin',(-8.3,87.2,-61.7710254240006));
#1575=CARTESIAN_POINT('',(-8.3,87.2,-64.5515517544867));
#1576=CARTESIAN_POINT('',(-6.8,87.2,-64.726755162855));
#1577=CARTESIAN_POINT('Origin',(0.,87.2,0.));
#1578=CARTESIAN_POINT('',(-8.3,87.2,-61.7710254240006));
#1579=CARTESIAN_POINT('',(-8.3,87.2,-65.0829688467897));
#1580=CARTESIAN_POINT('',(-6.8,87.2,-61.7710254240006));
#1581=CARTESIAN_POINT('',(-8.3,87.2,-61.7710254240006));
#1582=CARTESIAN_POINT('',(-6.8,87.2,-65.0829688467897));
#1583=CARTESIAN_POINT('Origin',(-8.3,87.2,-61.7710254240006));
#1584=CARTESIAN_POINT('',(-8.3,87.2,-65.0567987397536));
#1585=CARTESIAN_POINT('Origin',(0.,87.2,0.));
#1586=CARTESIAN_POINT('',(-8.3,87.2,-65.0829688467897));
#1587=CARTESIAN_POINT('Origin',(-8.3,55.4999999999982,-64.6210254240006));
#1588=CARTESIAN_POINT('',(-8.3,23.8,-66.9585638418726));
#1589=CARTESIAN_POINT('Ctrl Pts',(-8.3,23.8,-66.9585638418727));
#1590=CARTESIAN_POINT('Ctrl Pts',(-8.3,39.9873060094748,-66.8373800855045));
#1591=CARTESIAN_POINT('Ctrl Pts',(-8.3,56.7948493560315,-66.3299819414486));
#1592=CARTESIAN_POINT('Ctrl Pts',(-8.3,78.320950578266,-65.1313105787442));
#1593=CARTESIAN_POINT('Ctrl Pts',(-8.3,82.7529310032444,-64.8563184876081));
#1594=CARTESIAN_POINT('Ctrl Pts',(-8.3,87.2,-64.5515517544867));
#1595=CARTESIAN_POINT('',(-8.3,23.8,-61.7710254240006));
#1596=CARTESIAN_POINT('',(-8.3,23.8,-61.7710254240006));
#1597=CARTESIAN_POINT('',(-8.3,87.2,-61.7710254240006));
#1598=CARTESIAN_POINT('Origin',(-8.3,23.8,-67.4710254240006));
#1599=CARTESIAN_POINT('',(-6.8,23.8,-67.1274852185462));
#1600=CARTESIAN_POINT('Origin',(0.,23.8,0.));
#1601=CARTESIAN_POINT('',(-6.8,23.8,-61.7710254240006));
#1602=CARTESIAN_POINT('',(-6.8,23.8,-61.7710254240006));
#1603=CARTESIAN_POINT('',(-8.3,23.8,-61.7710254240006));
#1604=CARTESIAN_POINT('Origin',(-8.3,23.8,-61.7710254240006));
#1605=CARTESIAN_POINT('',(-6.8,87.2,-61.7710254240006));
#1606=CARTESIAN_POINT('Origin',(-8.3,23.8,-67.4710254240006));
#1607=CARTESIAN_POINT('',(-8.3,23.8,-67.4623759748923));
#1608=CARTESIAN_POINT('Origin',(0.,23.8,0.));
#1609=CARTESIAN_POINT('',(-8.3,23.8,-61.7710254240006));
#1610=CARTESIAN_POINT('Origin',(-8.3,55.4999999999982,-64.6210254240006));
#1611=CARTESIAN_POINT('Ctrl Pts',(-8.3,87.2,-65.0567987397537));
#1612=CARTESIAN_POINT('Ctrl Pts',(-8.3,82.8340191068583,-65.3558276248995));
#1613=CARTESIAN_POINT('Ctrl Pts',(-8.3,78.4826216848753,-65.6261741503806));
#1614=CARTESIAN_POINT('Ctrl Pts',(-8.3,56.9536770497336,-66.8293004929873));
#1615=CARTESIAN_POINT('Ctrl Pts',(-8.3,40.0649724774865,-67.3406824490128));
#1616=CARTESIAN_POINT('Ctrl Pts',(-8.3,23.8,-67.4623759748923));
#1617=CARTESIAN_POINT('Origin',(-6.8,55.4999999999982,-64.6210254240006));
#1618=CARTESIAN_POINT('Ctrl Pts',(-6.8,87.2,-64.7267551628551));
#1619=CARTESIAN_POINT('Ctrl Pts',(-6.8,83.0176620401113,-65.0126034977507));
#1620=CARTESIAN_POINT('Ctrl Pts',(-6.8,78.8487952059623,-65.2721919999873));
#1621=CARTESIAN_POINT('Ctrl Pts',(-6.8,57.3133866037881,-66.4845579773247));
#1622=CARTESIAN_POINT('Ctrl Pts',(-6.8,40.2408575826061,-67.0047130142642));
#1623=CARTESIAN_POINT('Ctrl Pts',(-6.8,23.8,-67.1274852185463));
#1624=CARTESIAN_POINT('Origin',(8.3,15.9999999910011,982.400000080222));
#1625=CARTESIAN_POINT('',(8.09223259382813,87.2,-65.0829688467897));
#1626=CARTESIAN_POINT('',(8.22939246916802,23.8,-67.4710254240006));
#1627=CARTESIAN_POINT('Ctrl Pts',(8.092232597709,87.1999999999998,-65.0829688463073));
#1628=CARTESIAN_POINT('Ctrl Pts',(8.13393259812843,76.6326218222883,-65.801259595339));
#1629=CARTESIAN_POINT('Ctrl Pts',(8.16596170183139,66.0548848219338,-66.3596031879963));
#1630=CARTESIAN_POINT('Ctrl Pts',(8.21143701944858,44.9179170966224,-67.154800722284));
#1631=CARTESIAN_POINT('Ctrl Pts',(8.22493411044689,34.3598297398912,-67.3925713371932));
#1632=CARTESIAN_POINT('Ctrl Pts',(8.22939247311389,23.7999999999964,-67.4710254235193));
#1633=CARTESIAN_POINT('',(8.3,87.2,-65.0829688467897));
#1634=CARTESIAN_POINT('',(8.3,87.2,-65.0829688467897));
#1635=CARTESIAN_POINT('',(8.3,23.8,-67.4710254240006));
#1636=CARTESIAN_POINT('Origin',(8.3,15.9999999910011,982.400000080222));
#1637=CARTESIAN_POINT('',(8.3,23.8,-67.4710254240006));
#1638=CARTESIAN_POINT('Origin',(8.3,87.2,-61.7710254240006));
#1639=CARTESIAN_POINT('',(6.8,87.2,-64.726755162855));
#1640=CARTESIAN_POINT('',(8.3,87.2,-64.5515517544867));
#1641=CARTESIAN_POINT('Origin',(0.,87.2,0.));
#1642=CARTESIAN_POINT('',(6.8,87.2,-61.7710254240006));
#1643=CARTESIAN_POINT('',(6.8,87.2,-65.0829688467897));
#1644=CARTESIAN_POINT('',(8.3,87.2,-61.7710254240006));
#1645=CARTESIAN_POINT('',(8.3,87.2,-61.7710254240006));
#1646=CARTESIAN_POINT('',(8.3,87.2,-65.0829688467897));
#1647=CARTESIAN_POINT('Origin',(6.8,55.4999999999982,-64.6210254240006));
#1648=CARTESIAN_POINT('',(6.8,23.8,-67.1274852185462));
#1649=CARTESIAN_POINT('Ctrl Pts',(6.8,23.8,-67.1274852185463));
#1650=CARTESIAN_POINT('Ctrl Pts',(6.8,40.2408575826061,-67.0047130142642));
#1651=CARTESIAN_POINT('Ctrl Pts',(6.8,57.3133866037882,-66.4845579773247));
#1652=CARTESIAN_POINT('Ctrl Pts',(6.8,78.8487952059624,-65.2721919999873));
#1653=CARTESIAN_POINT('Ctrl Pts',(6.8,83.0176620401113,-65.0126034977507));
#1654=CARTESIAN_POINT('Ctrl Pts',(6.8,87.2,-64.7267551628551));
#1655=CARTESIAN_POINT('',(6.8,23.8,-61.7710254240006));
#1656=CARTESIAN_POINT('',(6.8,23.8,-61.7710254240006));
#1657=CARTESIAN_POINT('',(6.8,87.2,-61.7710254240006));
#1658=CARTESIAN_POINT('Origin',(8.3,55.4999999999982,-64.6210254240006));
#1659=CARTESIAN_POINT('',(8.3,23.8,-66.9585638418726));
#1660=CARTESIAN_POINT('Ctrl Pts',(8.3,87.2,-64.5515517544867));
#1661=CARTESIAN_POINT('Ctrl Pts',(8.3,82.7529310032444,-64.8563184876081));
#1662=CARTESIAN_POINT('Ctrl Pts',(8.3,78.320950578266,-65.1313105787444));
#1663=CARTESIAN_POINT('Ctrl Pts',(8.3,56.7948493560315,-66.3299819414489));
#1664=CARTESIAN_POINT('Ctrl Pts',(8.3,39.9873060094748,-66.8373800855045));
#1665=CARTESIAN_POINT('Ctrl Pts',(8.3,23.8,-66.9585638418726));
#1666=CARTESIAN_POINT('',(8.3,23.8,-61.7710254240006));
#1667=CARTESIAN_POINT('',(8.3,87.2,-61.7710254240006));
#1668=CARTESIAN_POINT('',(8.3,23.8,-61.7710254240006));
#1669=CARTESIAN_POINT('Origin',(8.3,23.8,-67.4710254240006));
#1670=CARTESIAN_POINT('Origin',(0.,23.8,0.));
#1671=CARTESIAN_POINT('',(8.3,23.8,-61.7710254240006));
#1672=CARTESIAN_POINT('Origin',(8.3,23.8,-67.4710254240006));
#1673=CARTESIAN_POINT('',(8.3,23.8,-67.4623759748923));
#1674=CARTESIAN_POINT('Origin',(0.,23.8,0.));
#1675=CARTESIAN_POINT('',(8.3,23.8,-61.7710254240006));
#1676=CARTESIAN_POINT('Origin',(8.3,87.2,-61.7710254240006));
#1677=CARTESIAN_POINT('',(8.3,87.2,-65.0567987397536));
#1678=CARTESIAN_POINT('Origin',(0.,87.2,0.));
#1679=CARTESIAN_POINT('',(8.3,87.2,-65.0829688467897));
#1680=CARTESIAN_POINT('Origin',(8.3,23.8,-61.7710254240006));
#1681=CARTESIAN_POINT('Origin',(8.3,55.4999999999982,-64.6210254240006));
#1682=CARTESIAN_POINT('Ctrl Pts',(8.3,23.8,-67.4623759748923));
#1683=CARTESIAN_POINT('Ctrl Pts',(8.3,40.0649724774865,-67.3406824490128));
#1684=CARTESIAN_POINT('Ctrl Pts',(8.3,56.9536770497337,-66.8293004929873));
#1685=CARTESIAN_POINT('Ctrl Pts',(8.3,78.4826216848753,-65.6261741503806));
#1686=CARTESIAN_POINT('Ctrl Pts',(8.3,82.8340191068583,-65.3558276248995));
#1687=CARTESIAN_POINT('Ctrl Pts',(8.3,87.2,-65.0567987397537));
#1688=CARTESIAN_POINT('Origin',(-1.77635683940025E-14,120.19115850895,-106.782255905275));
#1689=CARTESIAN_POINT('',(3.98630118351438,126.303293176218,-119.080272521116));
#1690=CARTESIAN_POINT('',(-3.98630118351442,126.303293176218,-119.080272521116));
#1691=CARTESIAN_POINT('Origin',(-5.32907051820075E-14,31.2323165769304,
72.2087800849191));
#1692=CARTESIAN_POINT('',(-14.3,120.19115850895,-106.782255905275));
#1693=CARTESIAN_POINT('Origin',(-1.77635683940025E-14,120.19115850895,-106.782255905275));
#1694=CARTESIAN_POINT('Origin',(-1.77635683940025E-14,120.19115850895,-106.782255905275));
#1695=CARTESIAN_POINT('Origin',(-1.77635683940025E-14,115.713665430875,
-109.00757739571));
#1696=CARTESIAN_POINT('',(14.2009850571409,114.093283520587,-107.936985257747));
#1697=CARTESIAN_POINT('',(-14.3,114.823674515312,-109.449904357731));
#1698=CARTESIAN_POINT('Ctrl Pts',(14.2009850571409,114.093283520587,-107.936985257747));
#1699=CARTESIAN_POINT('Ctrl Pts',(14.3148132863906,114.514551531269,-108.80215593802));
#1700=CARTESIAN_POINT('Ctrl Pts',(14.3328502630863,114.948974972177,-109.707564573193));
#1701=CARTESIAN_POINT('Ctrl Pts',(14.1498826975746,115.809828750891,-111.529034907243));
#1702=CARTESIAN_POINT('Ctrl Pts',(13.9489892165816,116.236285382715,-112.445095333543));
#1703=CARTESIAN_POINT('Ctrl Pts',(13.3357206295618,117.051353083547,-114.219460184953));
#1704=CARTESIAN_POINT('Ctrl Pts',(12.9227944625143,117.440738063493,-115.079345915549));
#1705=CARTESIAN_POINT('Ctrl Pts',(11.9211492902964,118.159249865981,-116.683590420057));
#1706=CARTESIAN_POINT('Ctrl Pts',(11.3323338538104,118.488401177477,-117.42787801448));
#1707=CARTESIAN_POINT('Ctrl Pts',(10.0458545612856,119.070542475036,-118.755117704122));
#1708=CARTESIAN_POINT('Ctrl Pts',(9.30767974097331,119.341838665863,-119.379900435907));
#1709=CARTESIAN_POINT('Ctrl Pts',(7.68113221659855,119.818213986061,-120.484352958414));
#1710=CARTESIAN_POINT('Ctrl Pts',(6.79282321630452,120.023374256307,-120.964081565761));
#1711=CARTESIAN_POINT('Ctrl Pts',(4.92663064753576,120.352465495502,-121.736678933352));
#1712=CARTESIAN_POINT('Ctrl Pts',(3.94706036694003,120.47672000217,-122.030230628254));
#1713=CARTESIAN_POINT('Ctrl Pts',(1.96821438347523,120.639916313886,-122.416264491094));
#1714=CARTESIAN_POINT('Ctrl Pts',(0.968915590413019,120.678822289015,-122.508643435592));
#1715=CARTESIAN_POINT('Ctrl Pts',(-0.968915590413077,120.678822289015,-122.508643435592));
#1716=CARTESIAN_POINT('Ctrl Pts',(-1.96821438347529,120.639916313886,-122.416264491094));
#1717=CARTESIAN_POINT('Ctrl Pts',(-3.94706036694008,120.47672000217,-122.030230628254));
#1718=CARTESIAN_POINT('Ctrl Pts',(-4.92663064753582,120.352465495502,-121.736678933352));
#1719=CARTESIAN_POINT('Ctrl Pts',(-6.79282321630458,120.023374256307,-120.964081565761));
#1720=CARTESIAN_POINT('Ctrl Pts',(-7.68113221659858,119.818213986061,-120.484352958414));
#1721=CARTESIAN_POINT('Ctrl Pts',(-9.30767974097335,119.341838665863,-119.379900435907));
#1722=CARTESIAN_POINT('Ctrl Pts',(-10.0458545612856,119.070542475036,-118.755117704122));
#1723=CARTESIAN_POINT('Ctrl Pts',(-11.3323338538104,118.488401177477,-117.42787801448));
#1724=CARTESIAN_POINT('Ctrl Pts',(-11.9211492902964,118.159249865981,-116.683590420057));
#1725=CARTESIAN_POINT('Ctrl Pts',(-12.9227944625143,117.440738063493,-115.079345915549));
#1726=CARTESIAN_POINT('Ctrl Pts',(-13.3357206295619,117.051353083547,-114.219460184953));
#1727=CARTESIAN_POINT('Ctrl Pts',(-13.9489892165816,116.236285382715,-112.445095333543));
#1728=CARTESIAN_POINT('Ctrl Pts',(-14.1498826975746,115.809828750891,-111.529034907243));
#1729=CARTESIAN_POINT('Ctrl Pts',(-14.2806796086091,115.194435444469,-110.226931484877));
#1730=CARTESIAN_POINT('Ctrl Pts',(-14.3,115.008751731915,-109.836536903586));
#1731=CARTESIAN_POINT('Ctrl Pts',(-14.3,114.823674515312,-109.449904357731));
#1732=CARTESIAN_POINT('Ctrl Pts',(-14.3,114.823674515312,-109.449904357731));
#1733=CARTESIAN_POINT('Ctrl Pts',(-14.3,114.578067006019,-108.936821989508));
#1734=CARTESIAN_POINT('Ctrl Pts',(-14.2658981274038,114.333520939346,-108.430368011112));
#1735=CARTESIAN_POINT('Ctrl Pts',(-14.0065133261685,113.373561182986,-106.458870023166));
#1736=CARTESIAN_POINT('Ctrl Pts',(-13.4948177773628,112.60167880176,-104.91503307557));
#1737=CARTESIAN_POINT('Ctrl Pts',(-11.8599061195254,111.170342120121,-102.128185110057));
#1738=CARTESIAN_POINT('Ctrl Pts',(-10.7367020438762,110.511657604816,-100.884771735593));
#1739=CARTESIAN_POINT('Ctrl Pts',(-8.26229361477577,109.467723443892,-98.9478405563877));
#1740=CARTESIAN_POINT('Ctrl Pts',(-6.73337852741133,109.007658982535,-98.1152445312339));
#1741=CARTESIAN_POINT('Ctrl Pts',(-3.43011249566702,108.395328587129,-97.0171774577179));
#1742=CARTESIAN_POINT('Ctrl Pts',(-1.65573394165404,108.244178711239,-96.751167453057));
#1743=CARTESIAN_POINT('Ctrl Pts',(1.65573394165402,108.244178711239,-96.751167453057));
#1744=CARTESIAN_POINT('Ctrl Pts',(3.430112495667,108.395328587129,-97.0171774577179));
#1745=CARTESIAN_POINT('Ctrl Pts',(6.73337852741131,109.007658982535,-98.1152445312339));
#1746=CARTESIAN_POINT('Ctrl Pts',(8.26229361477574,109.467723443892,-98.9478405563877));
#1747=CARTESIAN_POINT('Ctrl Pts',(10.7367020438761,110.511657604816,-100.884771735593));
#1748=CARTESIAN_POINT('Ctrl Pts',(11.8599061195253,111.170342120121,-102.128185110057));
#1749=CARTESIAN_POINT('Ctrl Pts',(13.4948177773628,112.60167880176,-104.91503307557));
#1750=CARTESIAN_POINT('Ctrl Pts',(14.0065133261685,113.373561182986,-106.458870023166));
#1751=CARTESIAN_POINT('Ctrl Pts',(14.2009850571409,114.093283520587,-107.936985257747));
#1752=CARTESIAN_POINT('',(-14.3,115.713665430875,-109.00757739571));
#1753=CARTESIAN_POINT('Ctrl Pts',(-3.98630118351448,126.303293176218,-119.080272521116));
#1754=CARTESIAN_POINT('Ctrl Pts',(-3.55085033970962,125.821589328014,-119.460827951327));
#1755=CARTESIAN_POINT('Ctrl Pts',(-3.04658306015445,125.349204873861,-119.834097090371));
#1756=CARTESIAN_POINT('Ctrl Pts',(-2.1170897030812,124.726175777038,-120.326466402259));
#1757=CARTESIAN_POINT('Ctrl Pts',(-1.72961489554422,124.521111282907,-120.48854289393));
#1758=CARTESIAN_POINT('Ctrl Pts',(-0.903892822032961,124.230487427195,-120.718251526406));
#1759=CARTESIAN_POINT('Ctrl Pts',(-0.465841098593287,124.144585755935,-120.786153240918));
#1760=CARTESIAN_POINT('Ctrl Pts',(0.465841098593201,124.144585755935,-120.786153240918));
#1761=CARTESIAN_POINT('Ctrl Pts',(0.903892822032889,124.230487427195,-120.718251526406));
#1762=CARTESIAN_POINT('Ctrl Pts',(1.72961489554417,124.521111282907,-120.48854289393));
#1763=CARTESIAN_POINT('Ctrl Pts',(2.11708970308117,124.726175777038,-120.326466402259));
#1764=CARTESIAN_POINT('Ctrl Pts',(3.04658306015445,125.349204873861,-119.834097090371));
#1765=CARTESIAN_POINT('Ctrl Pts',(3.55085033970957,125.821589328014,-119.460827951327));
#1766=CARTESIAN_POINT('Ctrl Pts',(3.98630118351442,126.303293176218,-119.080272521116));
#1767=CARTESIAN_POINT('Origin',(-14.6383539346893,125.613403039429,-83.9891728091158));
#1768=CARTESIAN_POINT('',(-26.3270794175719,137.343000330402,-107.589893381259));
#1769=CARTESIAN_POINT('',(-15.1758037935832,114.693888149274,-62.0183912628282));
#1770=CARTESIAN_POINT('',(-21.7688281552296,128.084835823333,-88.9618579831107));
#1771=CARTESIAN_POINT('',(-10.8827566972385,138.293718192167,-109.502800196546));
#1772=CARTESIAN_POINT('Origin',(-4.44089209850063E-14,50.7646073065593,
66.6115229720036));
#1773=CARTESIAN_POINT('',(-13.85,130.613833005272,-94.0503665088569));
#1774=CARTESIAN_POINT('Origin',(4.21884749357559E-14,133.507350005827,-99.8723128644581));
#1775=CARTESIAN_POINT('',(-15.4909261144605,110.9099723123,-54.4049039348641));
#1776=CARTESIAN_POINT('Origin',(-15.4909261144605,93.,-63.3061898966036));
#1777=CARTESIAN_POINT('',(-15.4909261144605,93.,-63.3061898966036));
#1778=CARTESIAN_POINT('',(-15.0404731507692,124.010422186608,-61.465340573056));
#1779=CARTESIAN_POINT('',(-13.85,111.880934757934,-103.360648025999));
#1780=CARTESIAN_POINT('',(-13.85,112.703860692973,-102.951652470596));
#1781=CARTESIAN_POINT('Ctrl Pts',(-15.4909261144605,93.,-63.3061898966036));
#1782=CARTESIAN_POINT('Ctrl Pts',(-14.8613163153384,100.155234805247,-78.7190991518039));
#1783=CARTESIAN_POINT('Ctrl Pts',(-13.85,111.880934757934,-103.360648025999));
#1784=CARTESIAN_POINT('Origin',(-15.4909261144605,93.,-63.3061898966036));
#1785=CARTESIAN_POINT('',(-15.2167625827341,114.202064496479,-61.0288097526998));
#1786=CARTESIAN_POINT('',(-15.4909261144605,94.2272986285058,-62.6962204414706));
#1787=CARTESIAN_POINT('Ctrl Pts',(-15.2167625827341,114.202064496479,-61.0288097526998));
#1788=CARTESIAN_POINT('Ctrl Pts',(-15.3062957567564,107.517157758016,-61.6537371805713));
#1789=CARTESIAN_POINT('Ctrl Pts',(-15.3978067477294,100.851750814737,-62.2093849157026));
#1790=CARTESIAN_POINT('Ctrl Pts',(-15.4909261144605,94.2272986285058,-62.6962204414706));
#1791=CARTESIAN_POINT('',(-15.1961275773593,114.449844861311,-61.5273601298864));
#1792=CARTESIAN_POINT('',(-15.4909261144605,110.9099723123,-54.4049039348641));
#1793=CARTESIAN_POINT('Ctrl Pts',(-15.4909261144605,93.,-63.3061898966036));
#1794=CARTESIAN_POINT('Ctrl Pts',(-15.3906842829758,100.109837084063,-62.7927050249891));
#1795=CARTESIAN_POINT('Ctrl Pts',(-15.2922659724335,107.268572024431,-62.1999782518716));
#1796=CARTESIAN_POINT('Ctrl Pts',(-15.1961275773593,114.449844861311,-61.5273601298865));
#1797=CARTESIAN_POINT('',(-15.4909261144605,93.,-63.3061898966036));
#1798=CARTESIAN_POINT('Origin',(4.44089209850063E-14,115.597377693528,-108.773598826198));
#1799=CARTESIAN_POINT('',(10.8827566972386,138.293718192167,-109.502800196546));
#1800=CARTESIAN_POINT('',(-6.31249785883487E-15,121.,-123.173940122633));
#1801=CARTESIAN_POINT('Ctrl Pts',(10.8827566972386,138.293718192167,-109.502800196546));
#1802=CARTESIAN_POINT('Ctrl Pts',(10.3033556268729,136.049366464763,-111.272988349861));
#1803=CARTESIAN_POINT('Ctrl Pts',(9.63953037796947,133.834210719976,-113.021886898473));
#1804=CARTESIAN_POINT('Ctrl Pts',(8.42055291430732,130.541967321101,-115.62326271026));
#1805=CARTESIAN_POINT('Ctrl Pts',(7.95462329096638,129.408314546987,-116.519434011247));
#1806=CARTESIAN_POINT('Ctrl Pts',(6.91373381997834,127.209082168686,-118.258647477915));
#1807=CARTESIAN_POINT('Ctrl Pts',(6.34133156984349,126.142758925906,-119.102278922533));
#1808=CARTESIAN_POINT('Ctrl Pts',(4.87581051181608,123.924579145354,-120.857809034666));
#1809=CARTESIAN_POINT('Ctrl Pts',(3.77603738528342,122.546000094296,-121.949401475014));
#1810=CARTESIAN_POINT('Ctrl Pts',(2.07545784071247,121.521151908446,-122.761121943791));
#1811=CARTESIAN_POINT('Ctrl Pts',(1.68722879373516,121.331563498462,-122.911295183903));
#1812=CARTESIAN_POINT('Ctrl Pts',(0.858463927542731,121.069776341893,-123.11866468934));
#1813=CARTESIAN_POINT('Ctrl Pts',(0.416685655691828,121.,-123.173940122633));
#1814=CARTESIAN_POINT('Ctrl Pts',(5.06539254985228E-14,121.,-123.173940122633));
#1815=CARTESIAN_POINT('',(13.85,130.613833005272,-94.0503665088569));
#1816=CARTESIAN_POINT('Origin',(4.44089209850063E-14,133.507350005827,-99.8723128644581));
#1817=CARTESIAN_POINT('',(13.85,111.880934757934,-103.360648025999));
#1818=CARTESIAN_POINT('',(13.85,112.703860692973,-102.951652470596));
#1819=CARTESIAN_POINT('Ctrl Pts',(4.35762537165374E-14,121.,-123.173940122633));
#1820=CARTESIAN_POINT('Ctrl Pts',(1.04224794387868,121.,-123.173940122633));
#1821=CARTESIAN_POINT('Ctrl Pts',(2.11695119899407,120.958243226163,-123.073878765202));
#1822=CARTESIAN_POINT('Ctrl Pts',(4.2443796695812,120.783151882284,-122.655994248922));
#1823=CARTESIAN_POINT('Ctrl Pts',(5.29713028054933,120.649855880508,-122.33828422627));
#1824=CARTESIAN_POINT('Ctrl Pts',(7.30171183499503,120.296797812904,-121.502400726141));
#1825=CARTESIAN_POINT('Ctrl Pts',(8.25537045892058,120.076684292603,-120.983482700177));
#1826=CARTESIAN_POINT('Ctrl Pts',(10.000240353355,119.565434606989,-119.789128095182));
#1827=CARTESIAN_POINT('Ctrl Pts',(10.7913818881178,119.274207795894,-119.113628441993));
#1828=CARTESIAN_POINT('Ctrl Pts',(12.1684632050183,118.649007013359,-117.678972159179));
#1829=CARTESIAN_POINT('Ctrl Pts',(12.7974901226459,118.295500566206,-116.874886436755));
#1830=CARTESIAN_POINT('Ctrl Pts',(13.8644409036414,117.523709543819,-115.14304879315));
#1831=CARTESIAN_POINT('Ctrl Pts',(14.3024705382068,117.105395168859,-114.215375318343));
#1832=CARTESIAN_POINT('Ctrl Pts',(14.9484014790366,116.229558280753,-112.302667152542));
#1833=CARTESIAN_POINT('Ctrl Pts',(15.1568879629709,115.771193794975,-111.31591439643));
#1834=CARTESIAN_POINT('Ctrl Pts',(15.337462291714,114.845661858271,-109.355568959977));
#1835=CARTESIAN_POINT('Ctrl Pts',(15.3094285825777,114.378463858999,-108.381979507578));
#1836=CARTESIAN_POINT('Ctrl Pts',(15.1781403008161,113.925311613115,-107.452533722797));
#1837=CARTESIAN_POINT('Ctrl Pts',(14.9856160049887,113.260798254643,-106.089572056885));
#1838=CARTESIAN_POINT('Ctrl Pts',(14.542793626932,112.553906196028,-104.674287308957));
#1839=CARTESIAN_POINT('Ctrl Pts',(13.85,111.880934757934,-103.360648025999));
#1840=CARTESIAN_POINT('Origin',(13.85,112.703860692973,-102.951652470596));
#1841=CARTESIAN_POINT('',(15.1961275773593,114.449844861311,-61.5273601298864));
#1842=CARTESIAN_POINT('',(15.4909261144605,93.,-63.3061898966036));
#1843=CARTESIAN_POINT('Ctrl Pts',(15.1961275773593,114.449844861311,-61.5273601298865));
#1844=CARTESIAN_POINT('Ctrl Pts',(15.2922659321491,107.268575033562,-62.199977970028));
#1845=CARTESIAN_POINT('Ctrl Pts',(15.3906841693206,100.109845145263,-62.7927044427951));
#1846=CARTESIAN_POINT('Ctrl Pts',(15.4909261144605,93.,-63.3061898966036));
#1847=CARTESIAN_POINT('',(15.2167625827341,114.202064496479,-61.0288097526998));
#1848=CARTESIAN_POINT('',(13.85,130.613833005272,-94.0503665088569));
#1849=CARTESIAN_POINT('',(15.4909261144605,94.2272986285058,-62.6962204414706));
#1850=CARTESIAN_POINT('Ctrl Pts',(15.4909261144605,94.2272986285058,-62.6962204414706));
#1851=CARTESIAN_POINT('Ctrl Pts',(15.3978068580101,100.851742969436,-62.2093854922592));
#1852=CARTESIAN_POINT('Ctrl Pts',(15.3062957971389,107.517154742895,-61.6537374624349));
#1853=CARTESIAN_POINT('Ctrl Pts',(15.2167625827341,114.202064496479,-61.0288097526998));
#1854=CARTESIAN_POINT('',(15.4909261144605,93.,-63.3061898966036));
#1855=CARTESIAN_POINT('Origin',(14.6383539346893,125.613403039429,-83.9891728091157));
#1856=CARTESIAN_POINT('',(17.115666780897,114.209947567166,-61.0446710089674));
#1857=CARTESIAN_POINT('Ctrl Pts',(17.115666780897,114.209947567166,-61.0446710089675));
#1858=CARTESIAN_POINT('Ctrl Pts',(16.4820430975477,114.294160374381,-61.2141127112156));
#1859=CARTESIAN_POINT('Ctrl Pts',(15.8416319727916,114.374252123321,-61.3752625733968));
#1860=CARTESIAN_POINT('Ctrl Pts',(15.1961275773593,114.449844861311,-61.5273601298865));
#1861=CARTESIAN_POINT('',(17.0014126467014,113.977888492509,-60.5777529007526));
#1862=CARTESIAN_POINT('',(15.4909261144605,110.9099723123,-54.4049039348641));
#1863=CARTESIAN_POINT('Ctrl Pts',(15.2167625827341,114.202064496479,-61.0288097526998));
#1864=CARTESIAN_POINT('Ctrl Pts',(15.8166550397422,114.131138222746,-60.8861014289551));
#1865=CARTESIAN_POINT('Ctrl Pts',(16.4119981025297,114.056309095902,-60.7355403082713));
#1866=CARTESIAN_POINT('Ctrl Pts',(17.0014126467014,113.977888492509,-60.5777529007526));
#1867=CARTESIAN_POINT('Origin',(14.6383539346893,125.613403039429,-83.9891728091157));
#1868=CARTESIAN_POINT('',(15.1758037935832,114.693888149274,-62.0183912628283));
#1869=CARTESIAN_POINT('',(26.3270794175719,137.343000330402,-107.589893381259));
#1870=CARTESIAN_POINT('',(21.7688281552296,128.084835823333,-88.9618579831107));
#1871=CARTESIAN_POINT('',(13.85,130.613833005272,-94.0503665088569));
#1872=CARTESIAN_POINT('Origin',(-8.88178419700125E-15,50.7646073065593,
66.6115229720036));
#1873=CARTESIAN_POINT('Origin',(-29.2767078693786,121.,-119.644029945773));
#1874=CARTESIAN_POINT('',(-17.0014126467014,113.977888492509,-60.5777529007526));
#1875=CARTESIAN_POINT('Ctrl Pts',(-15.4909261144605,94.2272986285058,-62.6962204414706));
#1876=CARTESIAN_POINT('Ctrl Pts',(-16.0037099440885,100.750287553648,-62.067487899134));
#1877=CARTESIAN_POINT('Ctrl Pts',(-16.5081303353516,107.341422432221,-61.3622656870351));
#1878=CARTESIAN_POINT('Ctrl Pts',(-17.0014126467014,113.977888492509,-60.5777529007527));
#1879=CARTESIAN_POINT('',(-17.115666780897,114.209947567166,-61.0446710089674));
#1880=CARTESIAN_POINT('Ctrl Pts',(-17.115666780897,114.209947567166,-61.0446710089675));
#1881=CARTESIAN_POINT('Ctrl Pts',(-16.5858084968393,107.078574399326,-61.8887581990848));
#1882=CARTESIAN_POINT('Ctrl Pts',(-16.0430883403202,99.9992510355881,-62.6414310088175));
#1883=CARTESIAN_POINT('Ctrl Pts',(-15.4909261144605,93.,-63.3061898966036));
#1884=CARTESIAN_POINT('',(-29.2767078693786,138.9099723123,-110.742743984033));
#1885=CARTESIAN_POINT('Origin',(4.44089209850063E-14,115.597377693528,-108.773598826198));
#1886=CARTESIAN_POINT('Ctrl Pts',(4.77395900588817E-14,121.,-123.173940122633));
#1887=CARTESIAN_POINT('Ctrl Pts',(-0.416685655691721,121.,-123.173940122633));
#1888=CARTESIAN_POINT('Ctrl Pts',(-0.858463927542643,121.069776341893,-123.11866468934));
#1889=CARTESIAN_POINT('Ctrl Pts',(-1.68722879373507,121.331563498462,-122.911295183903));
#1890=CARTESIAN_POINT('Ctrl Pts',(-2.07545784071235,121.521151908446,-122.761121943791));
#1891=CARTESIAN_POINT('Ctrl Pts',(-3.77603738528331,122.546000094296,-121.949401475014));
#1892=CARTESIAN_POINT('Ctrl Pts',(-4.87581051181595,123.924579145354,-120.857809034666));
#1893=CARTESIAN_POINT('Ctrl Pts',(-6.34133156984339,126.142758925906,-119.102278922533));
#1894=CARTESIAN_POINT('Ctrl Pts',(-6.91373381997822,127.209082168686,-118.258647477915));
#1895=CARTESIAN_POINT('Ctrl Pts',(-7.95462329096626,129.408314546987,-116.519434011247));
#1896=CARTESIAN_POINT('Ctrl Pts',(-8.42055291430722,130.541967321101,-115.62326271026));
#1897=CARTESIAN_POINT('Ctrl Pts',(-9.63953037796936,133.834210719976,-113.021886898473));
#1898=CARTESIAN_POINT('Ctrl Pts',(-10.3033556268728,136.049366464763,-111.272988349861));
#1899=CARTESIAN_POINT('Ctrl Pts',(-10.8827566972385,138.293718192167,-109.502800196546));
#1900=CARTESIAN_POINT('Ctrl Pts',(-13.85,111.880934757934,-103.360648025999));
#1901=CARTESIAN_POINT('Ctrl Pts',(-14.542793626932,112.553906196028,-104.674287308957));
#1902=CARTESIAN_POINT('Ctrl Pts',(-14.9856160049886,113.260798254643,-106.089572056885));
#1903=CARTESIAN_POINT('Ctrl Pts',(-15.3094285825777,114.378463858999,-108.381979507578));
#1904=CARTESIAN_POINT('Ctrl Pts',(-15.3374622917139,114.845661858271,-109.355568959977));
#1905=CARTESIAN_POINT('Ctrl Pts',(-15.1568879629708,115.771193794975,-111.31591439643));
#1906=CARTESIAN_POINT('Ctrl Pts',(-14.9484014790365,116.229558280753,-112.302667152542));
#1907=CARTESIAN_POINT('Ctrl Pts',(-14.3024705382067,117.105395168859,-114.215375318343));
#1908=CARTESIAN_POINT('Ctrl Pts',(-13.8644409036413,117.523709543819,-115.14304879315));
#1909=CARTESIAN_POINT('Ctrl Pts',(-12.7974901226458,118.295500566206,-116.874886436755));
#1910=CARTESIAN_POINT('Ctrl Pts',(-12.1684632050183,118.649007013359,-117.678972159179));
#1911=CARTESIAN_POINT('Ctrl Pts',(-10.7913818881177,119.274207795894,-119.113628441993));
#1912=CARTESIAN_POINT('Ctrl Pts',(-10.0002403533549,119.565434606989,-119.789128095182));
#1913=CARTESIAN_POINT('Ctrl Pts',(-8.25537045892052,120.076684292603,-120.983482700177));
#1914=CARTESIAN_POINT('Ctrl Pts',(-7.30171183499495,120.296797812904,-121.502400726141));
#1915=CARTESIAN_POINT('Ctrl Pts',(-5.29713028054925,120.649855880508,-122.33828422627));
#1916=CARTESIAN_POINT('Ctrl Pts',(-4.24437966958111,120.783151882284,-122.655994248922));
#1917=CARTESIAN_POINT('Ctrl Pts',(-2.11695119899398,120.958243226163,-123.073878765202));
#1918=CARTESIAN_POINT('Ctrl Pts',(-1.04224794387859,121.,-123.173940122633));
#1919=CARTESIAN_POINT('Ctrl Pts',(4.413136522885E-14,121.,-123.173940122633));
#1920=CARTESIAN_POINT('Origin',(-14.6383539346893,125.613403039429,-83.9891728091158));
#1921=CARTESIAN_POINT('Ctrl Pts',(-17.0014126467014,113.977888492509,-60.5777529007526));
#1922=CARTESIAN_POINT('Ctrl Pts',(-16.4120002460955,114.056308810704,-60.7355397344346));
#1923=CARTESIAN_POINT('Ctrl Pts',(-15.8166554083752,114.131138179162,-60.886101341261));
#1924=CARTESIAN_POINT('Ctrl Pts',(-15.2167625827341,114.202064496479,-61.0288097526998));
#1925=CARTESIAN_POINT('Ctrl Pts',(-15.1961275773593,114.449844861311,-61.5273601298864));
#1926=CARTESIAN_POINT('Ctrl Pts',(-15.8416314041011,114.374252189919,-61.3752627073949));
#1927=CARTESIAN_POINT('Ctrl Pts',(-16.4820406568367,114.294160698768,-61.214113363903));
#1928=CARTESIAN_POINT('Ctrl Pts',(-17.115666780897,114.209947567166,-61.0446710089675));
#1929=CARTESIAN_POINT('Origin',(15.4909261144605,93.,-63.3061898966036));
#1930=CARTESIAN_POINT('Ctrl Pts',(15.4909261144605,93.,-63.3061898966036));
#1931=CARTESIAN_POINT('Ctrl Pts',(16.0430883251136,99.9992508428276,-62.641431027125));
#1932=CARTESIAN_POINT('Ctrl Pts',(16.5858083982829,107.078573072855,-61.8887583560893));
#1933=CARTESIAN_POINT('Ctrl Pts',(17.115666780897,114.209947567166,-61.0446710089675));
#1934=CARTESIAN_POINT('Ctrl Pts',(17.0014126467014,113.977888492509,-60.5777529007526));
#1935=CARTESIAN_POINT('Ctrl Pts',(16.5081304158001,107.341423514549,-61.3622655590904));
#1936=CARTESIAN_POINT('Ctrl Pts',(16.0037099517613,100.750287651251,-62.0674878897262));
#1937=CARTESIAN_POINT('Ctrl Pts',(15.4909261144605,94.2272986285058,-62.6962204414706));
#1938=CARTESIAN_POINT('Origin',(13.85,112.703860692973,-102.951652470596));
#1939=CARTESIAN_POINT('',(14.9147547456903,132.665223314292,-60.9515718566721));
#1940=CARTESIAN_POINT('Ctrl Pts',(13.85,111.880934757934,-103.360648025999));
#1941=CARTESIAN_POINT('Ctrl Pts',(14.8613163153401,100.155234805227,-78.7190991517623));
#1942=CARTESIAN_POINT('Ctrl Pts',(15.4909261144605,93.,-63.3061898966036));
#1943=CARTESIAN_POINT('Origin',(-20.3428153519306,156.5,-83.1342246541796));
#1944=CARTESIAN_POINT('',(-11.4089228344826,220.,-46.6244193625866));
#1945=CARTESIAN_POINT('Origin',(233.502620640186,15.9999999910165,954.246449462004));
#1946=CARTESIAN_POINT('',(-29.2767078693786,121.,-119.644029945773));
#1947=CARTESIAN_POINT('Origin',(0.,107.,0.));
#1948=CARTESIAN_POINT('',(-7.98150571590034E-15,93.,-65.1739401226327));
#1949=CARTESIAN_POINT('Origin',(0.,93.,0.));
#1950=CARTESIAN_POINT('Origin',(0.,93.,0.));
#1951=CARTESIAN_POINT('Ctrl Pts',(0.,15.999999991081,-68.0000000118955));
#1952=CARTESIAN_POINT('Ctrl Pts',(-68.0000000118954,15.999999991081,-68.0000000118954));
#1953=CARTESIAN_POINT('Ctrl Pts',(-68.0000000118955,15.999999991081,0.));
#1954=CARTESIAN_POINT('Ctrl Pts',(-68.0000000118954,15.999999991081,68.0000000118954));
#1955=CARTESIAN_POINT('Ctrl Pts',(0.,15.999999991081,68.0000000118955));
#1956=CARTESIAN_POINT('Ctrl Pts',(68.0000000118954,15.999999991081,68.0000000118954));
#1957=CARTESIAN_POINT('Ctrl Pts',(68.0000000118955,15.999999991081,0.));
#1958=CARTESIAN_POINT('Ctrl Pts',(68.0000000118954,15.999999991081,-68.0000000118954));
#1959=CARTESIAN_POINT('Ctrl Pts',(0.,15.999999991081,-68.0000000118955));
#1960=CARTESIAN_POINT('Ctrl Pts',(0.,118.98039215236,-68.0000000118891));
#1961=CARTESIAN_POINT('Ctrl Pts',(-68.0000000118891,118.98039215236,-68.0000000118891));
#1962=CARTESIAN_POINT('Ctrl Pts',(-68.0000000118891,118.98039215236,0.));
#1963=CARTESIAN_POINT('Ctrl Pts',(-68.0000000118891,118.98039215236,68.0000000118891));
#1964=CARTESIAN_POINT('Ctrl Pts',(0.,118.98039215236,68.0000000118891));
#1965=CARTESIAN_POINT('Ctrl Pts',(68.0000000118891,118.98039215236,68.0000000118891));
#1966=CARTESIAN_POINT('Ctrl Pts',(68.0000000118891,118.98039215236,0.));
#1967=CARTESIAN_POINT('Ctrl Pts',(68.0000000118891,118.98039215236,-68.0000000118891));
#1968=CARTESIAN_POINT('Ctrl Pts',(0.,118.98039215236,-68.0000000118891));
#1969=CARTESIAN_POINT('Ctrl Pts',(0.,220.000000000001,-48.0000000118953));
#1970=CARTESIAN_POINT('Ctrl Pts',(-48.0000000118953,220.000000000001,-48.0000000118953));
#1971=CARTESIAN_POINT('Ctrl Pts',(-48.0000000118953,220.000000000001,0.));
#1972=CARTESIAN_POINT('Ctrl Pts',(-48.0000000118953,220.000000000001,48.0000000118953));
#1973=CARTESIAN_POINT('Ctrl Pts',(0.,220.000000000001,48.0000000118953));
#1974=CARTESIAN_POINT('Ctrl Pts',(48.0000000118953,220.000000000001,48.0000000118953));
#1975=CARTESIAN_POINT('Ctrl Pts',(48.0000000118953,220.000000000001,0.));
#1976=CARTESIAN_POINT('Ctrl Pts',(48.0000000118953,220.000000000001,-48.0000000118953));
#1977=CARTESIAN_POINT('Ctrl Pts',(0.,220.000000000001,-48.0000000118953));
#1978=CARTESIAN_POINT('',(-7.51032094462044E-15,71.,-66.5590840562999));
#1979=CARTESIAN_POINT('Ctrl Pts',(0.,93.0000000001525,-65.1739401226215));
#1980=CARTESIAN_POINT('Ctrl Pts',(0.,82.0072675142756,-65.9819407505766));
#1981=CARTESIAN_POINT('Ctrl Pts',(0.,71.0000000002418,-66.5590840562872));
#1982=CARTESIAN_POINT('',(-4.88875715790821,66.0980996457308,-66.6255031990421));
#1983=CARTESIAN_POINT('Ctrl Pts',(-6.8234762515933E-15,71.,-66.5590840562999));
#1984=CARTESIAN_POINT('Ctrl Pts',(-0.00205982350415005,71.,-66.5590840562999));
#1985=CARTESIAN_POINT('Ctrl Pts',(-0.00411967460592412,70.9999986933719,
-66.5590840291912));
#1986=CARTESIAN_POINT('Ctrl Pts',(-0.278421442112532,70.9996506874251,-66.559076809134));
#1987=CARTESIAN_POINT('Ctrl Pts',(-0.550149388245301,70.9764815923676,-66.5585852914157));
#1988=CARTESIAN_POINT('Ctrl Pts',(-1.1788131659686,70.869316604575,-66.5564663585067));
#1989=CARTESIAN_POINT('Ctrl Pts',(-1.5310324625465,70.7675490218414,-66.554503292617));
#1990=CARTESIAN_POINT('Ctrl Pts',(-2.45279166658563,70.3847348578883,-66.5485669111769));
#1991=CARTESIAN_POINT('Ctrl Pts',(-2.98407519511681,70.0307520845586,-66.5441868398672));
#1992=CARTESIAN_POINT('Ctrl Pts',(-3.88940488335323,69.1330361939032,-66.5433933785154));
#1993=CARTESIAN_POINT('Ctrl Pts',(-4.25182118854939,68.5955811472349,-66.5473300926224));
#1994=CARTESIAN_POINT('Ctrl Pts',(-4.75515872948417,67.4001513054215,-66.5726841102203));
#1995=CARTESIAN_POINT('Ctrl Pts',(-4.88647102046028,66.7523580828894,-66.5943470067969));
#1996=CARTESIAN_POINT('Ctrl Pts',(-4.88875715790823,66.0980996457307,-66.6255031990419));
#1997=CARTESIAN_POINT('',(-4.97303346321774,25.5864032325079,-67.7740469019993));
#1998=CARTESIAN_POINT('Origin',(71.8919564751041,15.9999999910165,979.765944882173));
#1999=CARTESIAN_POINT('',(-8.39590764248647E-15,20.6,-67.9899276101752));
#2000=CARTESIAN_POINT('Ctrl Pts',(-4.97303346321774,25.5864032325079,-67.7740469019992));
#2001=CARTESIAN_POINT('Ctrl Pts',(-4.9732690360215,25.2336961872945,-67.7772573614439));
#2002=CARTESIAN_POINT('Ctrl Pts',(-4.93632089703372,24.8819843216009,-67.7830371980937));
#2003=CARTESIAN_POINT('Ctrl Pts',(-4.78626215937555,24.1791048802866,-67.7995285215697));
#2004=CARTESIAN_POINT('Ctrl Pts',(-4.67075915521579,23.8306402249678,-67.8103663805429));
#2005=CARTESIAN_POINT('Ctrl Pts',(-4.27475597700137,22.9674537598192,-67.8429223585404));
#2006=CARTESIAN_POINT('Ctrl Pts',(-3.94010690621083,22.4840092989133,-67.8670373233766));
#2007=CARTESIAN_POINT('Ctrl Pts',(-3.06354309138575,21.6002023443614,-67.91771794046));
#2008=CARTESIAN_POINT('Ctrl Pts',(-2.50880583233643,21.2284004324918,-67.9434674082508));
#2009=CARTESIAN_POINT('Ctrl Pts',(-1.55389206007935,20.8343158814862,-67.9719937216467));
#2010=CARTESIAN_POINT('Ctrl Pts',(-1.19561362463359,20.7315206870693,-67.9798195523113));
#2011=CARTESIAN_POINT('Ctrl Pts',(-0.555225666136426,20.6232751309725,-67.9881113853341));
#2012=CARTESIAN_POINT('Ctrl Pts',(-0.277860260712289,20.6,-67.9899276101751));
#2013=CARTESIAN_POINT('Ctrl Pts',(-8.53483950180589E-15,20.6,-67.9899276101751));
#2014=CARTESIAN_POINT('',(-8.32759823565836E-15,15.999999991081,-68.0000000118921));
#2015=CARTESIAN_POINT('Ctrl Pts',(0.,20.6000000000001,-67.9899276101751));
#2016=CARTESIAN_POINT('Ctrl Pts',(0.,18.3000110230706,-68.0000000118953));
#2017=CARTESIAN_POINT('Ctrl Pts',(0.,15.999999991081,-68.0000000118955));
#2018=CARTESIAN_POINT('Origin',(0.,15.999999991081,0.));
#2019=CARTESIAN_POINT('',(4.97303346321774,25.5864032325079,-67.7740469019992));
#2020=CARTESIAN_POINT('Ctrl Pts',(-8.77891123834639E-15,20.6,-67.9899276101752));
#2021=CARTESIAN_POINT('Ctrl Pts',(0.00181281250768501,20.6,-67.9899276101752));
#2022=CARTESIAN_POINT('Ctrl Pts',(0.00362564607890713,20.6000009907418,
-67.9899275333338));
#2023=CARTESIAN_POINT('Ctrl Pts',(0.282449450648771,20.6003057610874,-67.989903895587));
#2024=CARTESIAN_POINT('Ctrl Pts',(0.558941360692516,20.6237410863206,-67.9880753867948));
#2025=CARTESIAN_POINT('Ctrl Pts',(1.19892912109924,20.7323009022212,-67.9797602002711));
#2026=CARTESIAN_POINT('Ctrl Pts',(1.5576298892151,20.8355025828541,-67.9719045371107));
#2027=CARTESIAN_POINT('Ctrl Pts',(2.49756017166989,21.224382407673,-67.9437640061938));
#2028=CARTESIAN_POINT('Ctrl Pts',(3.03978151067605,21.5846606650159,-67.9188105418851));
#2029=CARTESIAN_POINT('Ctrl Pts',(3.96109212232561,22.4972207365022,-67.8660896280281));
#2030=CARTESIAN_POINT('Ctrl Pts',(4.3293224793573,23.042565750961,-67.8390332431271));
#2031=CARTESIAN_POINT('Ctrl Pts',(4.8408108020089,24.2584602258268,-67.7956055410411));
#2032=CARTESIAN_POINT('Ctrl Pts',(4.97347920583576,24.9190233006188,-67.7801216210461));
#2033=CARTESIAN_POINT('Ctrl Pts',(4.97303346321773,25.5864032325079,-67.7740469019992));
#2034=CARTESIAN_POINT('',(4.88875715790821,66.0980996457308,-66.6255031990418));
#2035=CARTESIAN_POINT('Origin',(-71.8919564751041,15.9999999910165,979.765944882173));
#2036=CARTESIAN_POINT('Ctrl Pts',(4.88875715790822,66.0980996457307,-66.6255031990419));
#2037=CARTESIAN_POINT('Ctrl Pts',(4.8875470500363,66.4444144684874,-66.6090114725585));
#2038=CARTESIAN_POINT('Ctrl Pts',(4.85017836271044,66.7897851138748,-66.5950731573698));
#2039=CARTESIAN_POINT('Ctrl Pts',(4.70118194334148,67.4799575300915,-66.5720422630457));
#2040=CARTESIAN_POINT('Ctrl Pts',(4.58726255999958,67.8221688985129,-66.5632189400094));
#2041=CARTESIAN_POINT('Ctrl Pts',(4.19724070540416,68.6709411621445,-66.5469356152321));
#2042=CARTESIAN_POINT('Ctrl Pts',(3.86803315924168,69.1468566542641,-66.5435857968154));
#2043=CARTESIAN_POINT('Ctrl Pts',(3.00648366328025,70.0163014767829,-66.5439840797452));
#2044=CARTESIAN_POINT('Ctrl Pts',(2.46207145942612,70.3819222075834,-66.5485136553281));
#2045=CARTESIAN_POINT('Ctrl Pts',(1.52489635679217,70.7695036422271,-66.5545390998421));
#2046=CARTESIAN_POINT('Ctrl Pts',(1.17336733751015,70.8706028051266,-66.5564911133332));
#2047=CARTESIAN_POINT('Ctrl Pts',(0.544951976360974,70.9770958132221,-66.5585979500712));
#2048=CARTESIAN_POINT('Ctrl Pts',(0.272717873206282,71.,-66.5590840562999));
#2049=CARTESIAN_POINT('Ctrl Pts',(-7.21644966006352E-15,71.,-66.5590840562999));
#2050=CARTESIAN_POINT('',(11.4089228344826,220.,-46.6244193625866));
#2051=CARTESIAN_POINT('Origin',(-233.502620640186,15.9999999910165,954.246449462004));
#2052=CARTESIAN_POINT('Origin',(0.,220.,0.));
#2053=CARTESIAN_POINT('Origin',(-3.14999999999999,28.5072690868584,-71.4868148792697));
#2054=CARTESIAN_POINT('',(-3.15,63.4978533273235,-70.659249984603));
#2055=CARTESIAN_POINT('',(-3.14999999999999,28.5120635222804,-71.6565428500149));
#2056=CARTESIAN_POINT('Ctrl Pts',(-3.15,63.4978533273235,-70.659249984603));
#2057=CARTESIAN_POINT('Ctrl Pts',(-3.14999999999999,51.6280056268209,-71.1951311679947));
#2058=CARTESIAN_POINT('Ctrl Pts',(-3.14999999999999,39.9349396166603,-71.5208268008128));
#2059=CARTESIAN_POINT('Ctrl Pts',(-3.14999999999999,28.5120635222804,-71.6565428500149));
#2060=CARTESIAN_POINT('',(-3.15,63.3762908478374,-66.3558125313958));
#2061=CARTESIAN_POINT('',(-3.15,63.4933135564238,-70.4985374012356));
#2062=CARTESIAN_POINT('',(-3.14999999999999,28.3905055129383,-67.3532636445288));
#2063=CARTESIAN_POINT('Ctrl Pts',(-3.14999999999999,28.3905055129383,-67.3532636445288));
#2064=CARTESIAN_POINT('Ctrl Pts',(-3.14999999999999,39.8071507339531,-67.2183722378668));
#2065=CARTESIAN_POINT('Ctrl Pts',(-3.14999999999999,51.5020640557867,-66.8927823413026));
#2066=CARTESIAN_POINT('Ctrl Pts',(-3.15,63.3762908478374,-66.3558125313958));
#2067=CARTESIAN_POINT('',(-3.14999999999999,28.5072690868584,-71.4868148792697));
#2068=CARTESIAN_POINT('Origin',(3.15000000000001,28.5072690868584,-71.4868148792697));
#2069=CARTESIAN_POINT('',(3.15000000000001,28.5120635222804,-71.6565428500149));
#2070=CARTESIAN_POINT('Ctrl Pts',(-3.14999999999999,28.5120635222804,-71.6565428500149));
#2071=CARTESIAN_POINT('Ctrl Pts',(-2.08214826086864,28.5133890963057,-71.7034695409785));
#2072=CARTESIAN_POINT('Ctrl Pts',(-1.02997221018766,28.5140176999746,-71.7257227607492));
#2073=CARTESIAN_POINT('Ctrl Pts',(1.02997221018888,28.5140176999746,-71.7257227607492));
#2074=CARTESIAN_POINT('Ctrl Pts',(2.08214826086927,28.5133890963057,-71.7034695409785));
#2075=CARTESIAN_POINT('Ctrl Pts',(3.15000000000002,28.5120635222804,-71.6565428500149));
#2076=CARTESIAN_POINT('',(4.16368266224278E-13,28.392584417046,-67.4268589992512));
#2077=CARTESIAN_POINT('Ctrl Pts',(8.41271496909712E-13,28.392584417046,
-67.4268589992512));
#2078=CARTESIAN_POINT('Ctrl Pts',(-1.02888467106351,28.392584417046,-67.4268589992512));
#2079=CARTESIAN_POINT('Ctrl Pts',(-2.08133930612012,28.3919168504191,-67.4032264504866));
#2080=CARTESIAN_POINT('Ctrl Pts',(-3.14999999999999,28.3905055129383,-67.3532636445288));
#2081=CARTESIAN_POINT('',(3.15000000000001,28.3905055129383,-67.3532636445288));
#2082=CARTESIAN_POINT('Ctrl Pts',(3.15000000000001,28.3905055129383,-67.3532636445288));
#2083=CARTESIAN_POINT('Ctrl Pts',(2.08133930612071,28.3919168504191,-67.4032264504865));
#2084=CARTESIAN_POINT('Ctrl Pts',(1.02888467106466,28.392584417046,-67.4268589992511));
#2085=CARTESIAN_POINT('Ctrl Pts',(8.41271496909712E-13,28.392584417046,
-67.4268589992511));
#2086=CARTESIAN_POINT('',(3.15000000000001,28.5072690868584,-71.4868148792697));
#2087=CARTESIAN_POINT('Origin',(3.15,63.4933135564238,-70.4985374012356));
#2088=CARTESIAN_POINT('',(3.15,63.4978533273235,-70.659249984603));
#2089=CARTESIAN_POINT('Ctrl Pts',(3.15000000000001,28.5120635222804,-71.6565428500149));
#2090=CARTESIAN_POINT('Ctrl Pts',(3.15000000000001,39.9349206196064,-71.5208270265182));
#2091=CARTESIAN_POINT('Ctrl Pts',(3.15,51.6279878236661,-71.1951319717435));
#2092=CARTESIAN_POINT('Ctrl Pts',(3.15,63.4978533273235,-70.659249984603));
#2093=CARTESIAN_POINT('',(3.15,63.3762908478374,-66.3558125313958));
#2094=CARTESIAN_POINT('Ctrl Pts',(3.15,63.3762908478374,-66.3558125313958));
#2095=CARTESIAN_POINT('Ctrl Pts',(3.15,51.5020810457449,-66.8927815729921));
#2096=CARTESIAN_POINT('Ctrl Pts',(3.15000000000001,39.8071680264092,-67.2183720335508));
#2097=CARTESIAN_POINT('Ctrl Pts',(3.15000000000001,28.3905055129383,-67.3532636445288));
#2098=CARTESIAN_POINT('',(3.15,63.4933135564238,-70.4985374012356));
#2099=CARTESIAN_POINT('Origin',(-3.15,63.4933135564238,-70.4985374012356));
#2100=CARTESIAN_POINT('Ctrl Pts',(3.15,63.4978533273235,-70.659249984603));
#2101=CARTESIAN_POINT('Ctrl Pts',(2.08196212930492,63.4991965831736,-70.7068026304417));
#2102=CARTESIAN_POINT('Ctrl Pts',(1.02972655442564,63.4998332013868,-70.7293395733678));
#2103=CARTESIAN_POINT('Ctrl Pts',(-1.02972655442563,63.4998332013868,-70.7293395733679));
#2104=CARTESIAN_POINT('Ctrl Pts',(-2.08196212930492,63.4991965831736,-70.7068026304417));
#2105=CARTESIAN_POINT('Ctrl Pts',(-3.15,63.4978533273235,-70.659249984603));
#2106=CARTESIAN_POINT('',(-3.65135781085431E-15,63.3783989804296,-66.4304426046894));
#2107=CARTESIAN_POINT('Ctrl Pts',(5.55111512312578E-16,63.3783989804296,
-66.4304426046894));
#2108=CARTESIAN_POINT('Ctrl Pts',(1.02861195756807,63.3783989804296,-66.4304426046894));
#2109=CARTESIAN_POINT('Ctrl Pts',(2.08113805833588,63.3777223197617,-66.4064881174678));
#2110=CARTESIAN_POINT('Ctrl Pts',(3.15,63.3762908478374,-66.3558125313958));
#2111=CARTESIAN_POINT('Ctrl Pts',(-3.14999999999999,63.3762908478374,-66.3558125313958));
#2112=CARTESIAN_POINT('Ctrl Pts',(-2.08113805833587,63.3777223197617,-66.4064881174678));
#2113=CARTESIAN_POINT('Ctrl Pts',(-1.02861195756807,63.3783989804296,-66.4304426046894));
#2114=CARTESIAN_POINT('Ctrl Pts',(-5.55111512312578E-16,63.3783989804296,
-66.4304426046894));
#2115=CARTESIAN_POINT('Origin',(-5.55111512312578E-16,25.6936127626368,
-69.6039643900003));
#2116=CARTESIAN_POINT('',(-5.2509405735911,25.8650574832288,-71.5614514453536));
#2117=CARTESIAN_POINT('',(-5.10716023004058,25.7208905929084,-69.6019682004783));
#2118=CARTESIAN_POINT('',(-4.39413789405091E-12,20.6,-71.7899639177936));
#2119=CARTESIAN_POINT('Ctrl Pts',(-5.25094057359112,25.8650574832288,-71.5614514453537));
#2120=CARTESIAN_POINT('Ctrl Pts',(-5.25100616125158,25.7692863633387,-71.5623452943916));
#2121=CARTESIAN_POINT('Ctrl Pts',(-5.2484750848471,25.6735328632432,-71.5634165572827));
#2122=CARTESIAN_POINT('Ctrl Pts',(-5.23764576388752,25.4715354799507,-71.5660502286808));
#2123=CARTESIAN_POINT('Ctrl Pts',(-5.22873436840343,25.3653674503605,-71.567653708811));
#2124=CARTESIAN_POINT('Ctrl Pts',(-5.19141696844422,25.0392909042226,-71.5732455306153));
#2125=CARTESIAN_POINT('Ctrl Pts',(-5.15238850514963,24.8208603452697,-71.5779348647762));
#2126=CARTESIAN_POINT('Ctrl Pts',(-4.96801163647268,24.0667514569511,-71.5972419150584));
#2127=CARTESIAN_POINT('Ctrl Pts',(-4.75220731679219,23.5523046753189,-71.6161534481122));
#2128=CARTESIAN_POINT('Ctrl Pts',(-4.13554971333399,22.5580970799995,-71.6612364165773));
#2129=CARTESIAN_POINT('Ctrl Pts',(-3.7217705273285,22.0962570304014,-71.6875346367852));
#2130=CARTESIAN_POINT('Ctrl Pts',(-2.76367475113651,21.3456222718774,-71.7348607300328));
#2131=CARTESIAN_POINT('Ctrl Pts',(-2.22966980673032,21.0587897423474,-71.7555194498329));
#2132=CARTESIAN_POINT('Ctrl Pts',(-1.12300263486902,20.6904745869424,-71.7827951430791));
#2133=CARTESIAN_POINT('Ctrl Pts',(-0.562927092488549,20.6000000000005,-71.7899639177937));
#2134=CARTESIAN_POINT('Ctrl Pts',(-4.39481784297868E-12,20.6,-71.7899639177937));
#2135=CARTESIAN_POINT('',(5.25094057359111,25.8650574832288,-71.5614514453536));
#2136=CARTESIAN_POINT('Ctrl Pts',(-4.39405456464925E-12,20.6,-71.7899639177937));
#2137=CARTESIAN_POINT('Ctrl Pts',(0.125054210553127,20.5999999999999,-71.7899639177937));
#2138=CARTESIAN_POINT('Ctrl Pts',(0.250249147471739,20.6044649934042,-71.7896172949832));
#2139=CARTESIAN_POINT('Ctrl Pts',(1.01838781009774,20.6594868011903,-71.7853603025996));
#2140=CARTESIAN_POINT('Ctrl Pts',(1.64733585947051,20.823499287458,-71.7724708345943));
#2141=CARTESIAN_POINT('Ctrl Pts',(2.77532182924394,21.3528114588803,-71.7348427716933));
#2142=CARTESIAN_POINT('Ctrl Pts',(3.27176334796962,21.700060175213,-71.7113505200779));
#2143=CARTESIAN_POINT('Ctrl Pts',(4.09078317649672,22.5134836000035,-71.6643641433794));
#2144=CARTESIAN_POINT('Ctrl Pts',(4.41896946345332,22.9626700271222,-71.6414116385197));
#2145=CARTESIAN_POINT('Ctrl Pts',(4.87915674256712,23.8608828195928,-71.6050328015295));
#2146=CARTESIAN_POINT('Ctrl Pts',(5.03345958390225,24.2922632253606,-71.590816855908));
#2147=CARTESIAN_POINT('Ctrl Pts',(5.17730596561873,24.9541727873329,-71.5750061260437));
#2148=CARTESIAN_POINT('Ctrl Pts',(5.21063382234216,25.1728704578672,-71.5706903303117));
#2149=CARTESIAN_POINT('Ctrl Pts',(5.24412659227128,25.5499777030627,-71.5648734977029));
#2150=CARTESIAN_POINT('Ctrl Pts',(5.25104848982668,25.7074781663037,-71.5629221613794));
#2151=CARTESIAN_POINT('Ctrl Pts',(5.25094057359112,25.8650574832288,-71.5614514453537));
#2152=CARTESIAN_POINT('',(5.10716023004058,25.7208905929084,-69.6019682004783));
#2153=CARTESIAN_POINT('Origin',(5.0438662230612,45.8,-68.7393777857215));
#2154=CARTESIAN_POINT('',(5.16812909603556,65.8179766291346,-70.4328708706629));
#2155=CARTESIAN_POINT('Origin',(-71.8919564751041,15.9999999910165,979.765944882173));
#2156=CARTESIAN_POINT('',(4.89968260267084,66.0871448284178,-66.7743985586336));
#2157=CARTESIAN_POINT('Ctrl Pts',(5.25358404001263,20.5999999999999,-71.5974774279978));
#2158=CARTESIAN_POINT('Ctrl Pts',(3.33066907387547E-15,20.5999999999999,
-71.9829678985696));
#2159=CARTESIAN_POINT('Ctrl Pts',(-5.25358404001262,20.5999999999999,-71.5974774279978));
#2160=CARTESIAN_POINT('Ctrl Pts',(5.24553164237996,45.8170516781354,-71.4877368483563));
#2161=CARTESIAN_POINT('Ctrl Pts',(3.33066907387547E-15,45.8170516781354,
-71.8726364608532));
#2162=CARTESIAN_POINT('Ctrl Pts',(-5.24553164237995,45.8170516781354,-71.4877368483563));
#2163=CARTESIAN_POINT('Ctrl Pts',(5.14925297520516,71.0000000000001,-70.1756212245566));
#2164=CARTESIAN_POINT('Ctrl Pts',(3.33066907387547E-15,71.0000000000001,
-70.5534562296478));
#2165=CARTESIAN_POINT('Ctrl Pts',(-5.14925297520515,71.0000000000001,-70.1756212245566));
#2166=CARTESIAN_POINT('',(-5.16812909603552,65.8179766291346,-70.4328708706629));
#2167=CARTESIAN_POINT('Origin',(71.8919564751041,15.9999999910165,979.765944882173));
#2168=CARTESIAN_POINT('',(-1.42976287225076E-14,71.,-70.3642851200458));
#2169=CARTESIAN_POINT('Ctrl Pts',(-1.41900380334903E-14,71.,-70.3642851200458));
#2170=CARTESIAN_POINT('Ctrl Pts',(-0.13019410317524,71.,-70.3642851200458));
#2171=CARTESIAN_POINT('Ctrl Pts',(-0.260537588920883,70.9950623614189,-70.3641812537089));
#2172=CARTESIAN_POINT('Ctrl Pts',(-1.0215970203328,70.9371425557843,-70.3629800174771));
#2173=CARTESIAN_POINT('Ctrl Pts',(-1.63813496915761,70.7732930827454,-70.3593914704257));
#2174=CARTESIAN_POINT('Ctrl Pts',(-2.74335159207885,70.2484044966683,-70.3518667362213));
#2175=CARTESIAN_POINT('Ctrl Pts',(-3.22942474411644,69.9050915962395,-70.3481477125865));
#2176=CARTESIAN_POINT('Ctrl Pts',(-4.03176242024972,69.1018837478458,-70.3474120052951));
#2177=CARTESIAN_POINT('Ctrl Pts',(-4.35319082743562,68.6585072653137,-70.3499857467186));
#2178=CARTESIAN_POINT('Ctrl Pts',(-4.80206051848757,67.7763440497625,-70.3644442117775));
#2179=CARTESIAN_POINT('Ctrl Pts',(-4.95221449518853,67.3551754158372,-70.3745029329606));
#2180=CARTESIAN_POINT('Ctrl Pts',(-5.09339514572128,66.7090660393645,-70.3957046980534));
#2181=CARTESIAN_POINT('Ctrl Pts',(-5.12640693095324,66.4953295361732,-70.4035955753505));
#2182=CARTESIAN_POINT('Ctrl Pts',(-5.16026923521968,66.1265081240863,-70.4187787188099));
#2183=CARTESIAN_POINT('Ctrl Pts',(-5.16759488205713,65.9722797650241,-70.4255904363973));
#2184=CARTESIAN_POINT('Ctrl Pts',(-5.16812909603557,65.8179766291346,-70.432870870663));
#2185=CARTESIAN_POINT('Ctrl Pts',(5.16812909603556,65.8179766291346,-70.432870870663));
#2186=CARTESIAN_POINT('Ctrl Pts',(5.16780217485953,65.9124050130533,-70.428415487187));
#2187=CARTESIAN_POINT('Ctrl Pts',(5.16493178823025,66.0068160837668,-70.4241349208915));
#2188=CARTESIAN_POINT('Ctrl Pts',(5.15349241200241,66.2060332382185,-70.4154690980522));
#2189=CARTESIAN_POINT('Ctrl Pts',(5.14431957200128,66.3107662410086,-70.4111284725912));
#2190=CARTESIAN_POINT('Ctrl Pts',(5.10633462098206,66.6328109801993,-70.3984374757329));
#2191=CARTESIAN_POINT('Ctrl Pts',(5.06704992018426,66.8486755348239,-70.3908608695241));
#2192=CARTESIAN_POINT('Ctrl Pts',(4.8821859599214,67.59490646195,-70.3677521955447));
#2193=CARTESIAN_POINT('Ctrl Pts',(4.66682814425799,68.1042588056294,-70.3576715981546));
#2194=CARTESIAN_POINT('Ctrl Pts',(4.05462835588372,69.0840826325892,-70.3467301251911));
#2195=CARTESIAN_POINT('Ctrl Pts',(3.64644686843452,69.5374910314197,-70.346911374038));
#2196=CARTESIAN_POINT('Ctrl Pts',(2.7004095143379,70.2752792169742,-70.3517091464857));
#2197=CARTESIAN_POINT('Ctrl Pts',(2.17242851727955,70.5569930589539,-70.3560827701577));
#2198=CARTESIAN_POINT('Ctrl Pts',(1.08826978373231,70.9133287164606,-70.3623269478097));
#2199=CARTESIAN_POINT('Ctrl Pts',(0.54544584870109,71.,-70.3642851200458));
#2200=CARTESIAN_POINT('Ctrl Pts',(-1.38777878078145E-14,71.,-70.3642851200458));
#2201=CARTESIAN_POINT('Origin',(-5.0438662230612,45.8,-68.7393777857215));
#2202=CARTESIAN_POINT('',(-4.89968260267084,66.0871448284178,-66.7743985586336));
#2203=CARTESIAN_POINT('Origin',(-8.32667268468867E-16,66.1133145008776,
-66.7763136532521));
#2204=CARTESIAN_POINT('Origin',(0.,170.5,0.));
#2205=CARTESIAN_POINT('Origin',(0.,220.,0.));
#2206=CARTESIAN_POINT('',(29.2767078693786,121.,-119.644029945773));
#2207=CARTESIAN_POINT('Origin',(20.3428153519306,156.5,-83.1342246541796));
#2208=CARTESIAN_POINT('Origin',(63.9909810271257,2.,-36.9452101217193));
#2209=CARTESIAN_POINT('',(64.6221144442249,2.,-38.7902495819533));
#2210=CARTESIAN_POINT('',(65.9043987792227,2.,-36.5692679639875));
#2211=CARTESIAN_POINT('Ctrl Pts',(64.6221144442249,2.,-38.7902495819533));
#2212=CARTESIAN_POINT('Ctrl Pts',(64.605653590342,2.0861934206504,-38.7958803531012));
#2213=CARTESIAN_POINT('Ctrl Pts',(64.5883204949548,2.17223399251382,-38.8015631414842));
#2214=CARTESIAN_POINT('Ctrl Pts',(64.25496700554,3.7498132592235,-38.9052569793944));
#2215=CARTESIAN_POINT('Ctrl Pts',(63.6844320705676,5.24201610603617,-38.9793611958851));
#2216=CARTESIAN_POINT('Ctrl Pts',(62.8534435484493,7.2118013721888,-38.5533629089255));
#2217=CARTESIAN_POINT('Ctrl Pts',(62.6332391983396,7.71419086148891,-38.3731652244953));
#2218=CARTESIAN_POINT('Ctrl Pts',(62.3328157258157,8.45179117026559,-37.9912555658507));
#2219=CARTESIAN_POINT('Ctrl Pts',(62.2174213686626,8.75223599807142,-37.7939461070415));
#2220=CARTESIAN_POINT('Ctrl Pts',(62.0728594405434,9.242684484208,-37.3547167443373));
#2221=CARTESIAN_POINT('Ctrl Pts',(62.0400637828148,9.42042405233764,-37.1455802303939));
#2222=CARTESIAN_POINT('Ctrl Pts',(62.0417280073522,9.66128110909856,-36.7741085359194));
#2223=CARTESIAN_POINT('Ctrl Pts',(62.0627659206527,9.74782912669478,-36.6011477078408));
#2224=CARTESIAN_POINT('Ctrl Pts',(62.1537334909007,9.85475398506016,-36.2733609469054));
#2225=CARTESIAN_POINT('Ctrl Pts',(62.2145198909648,9.88160204395839,-36.1246023100567));
#2226=CARTESIAN_POINT('Ctrl Pts',(62.3785873369494,9.88459052337006,-35.8356126103138));
#2227=CARTESIAN_POINT('Ctrl Pts',(62.4790860035027,9.85894317811556,-35.7031169676822));
#2228=CARTESIAN_POINT('Ctrl Pts',(62.7325864813787,9.74727957001777,-35.4419151782128));
#2229=CARTESIAN_POINT('Ctrl Pts',(62.8860394561136,9.6505039309974,-35.3288268545118));
#2230=CARTESIAN_POINT('Ctrl Pts',(63.2447172465917,9.37443448176831,-35.1284569439661));
#2231=CARTESIAN_POINT('Ctrl Pts',(63.4707543753868,9.16320373927005,-35.0509627329349));
#2232=CARTESIAN_POINT('Ctrl Pts',(63.9575843214394,8.60376153022741,-34.9789123516638));
#2233=CARTESIAN_POINT('Ctrl Pts',(64.1884178772334,8.28140605303183,-34.9943776476233));
#2234=CARTESIAN_POINT('Ctrl Pts',(64.6903342450744,7.45997899369492,-35.0991859115163));
#2235=CARTESIAN_POINT('Ctrl Pts',(64.9706971341639,6.8807717247147,-35.2324570516605));
#2236=CARTESIAN_POINT('Ctrl Pts',(65.6814013766432,4.83057186870378,-35.7989445312408));
#2237=CARTESIAN_POINT('Ctrl Pts',(65.8499521262715,3.39919283593666,-36.2921530138375));
#2238=CARTESIAN_POINT('Ctrl Pts',(65.9043987792227,2.,-36.5692679639875));
#2239=CARTESIAN_POINT('Origin',(63.9909810271257,2.,-36.9452101217193));
#2240=CARTESIAN_POINT('Origin',(63.9909810271257,2.,-36.9452101217193));
#2241=CARTESIAN_POINT('',(65.0735127818562,3.31928830505543,-37.5702101217193));
#2242=CARTESIAN_POINT('',(65.2409810271257,3.99783576255829,-36.9452101212372));
#2243=CARTESIAN_POINT('Ctrl Pts',(65.0735127818562,3.31928830505539,-37.5702101217193));
#2244=CARTESIAN_POINT('Ctrl Pts',(65.0902955842806,3.31928830505539,-37.5411414552269));
#2245=CARTESIAN_POINT('Ctrl Pts',(65.1054187675375,3.32535405931916,-37.5122486681369));
#2246=CARTESIAN_POINT('Ctrl Pts',(65.1337715722453,3.34831672803746,-37.4528466139224));
#2247=CARTESIAN_POINT('Ctrl Pts',(65.1463137960853,3.36564637825442,-37.4233232518977));
#2248=CARTESIAN_POINT('Ctrl Pts',(65.1806735336534,3.43035249548095,-37.3343575859033));
#2249=CARTESIAN_POINT('Ctrl Pts',(65.1970738499112,3.49194292131131,-37.2773880922111));
#2250=CARTESIAN_POINT('Ctrl Pts',(65.2298451903513,3.66743874949084,-37.1366380766299));
#2251=CARTESIAN_POINT('Ctrl Pts',(65.2409810271999,3.82023699962362,-37.0414252701521));
#2252=CARTESIAN_POINT('Ctrl Pts',(65.2409810271257,3.99783576255829,-36.9452101207551));
#2253=CARTESIAN_POINT('Ctrl Pts',(65.2409810271257,3.99783576255829,-36.9452101207551));
#2254=CARTESIAN_POINT('Ctrl Pts',(65.2409810270578,4.16032024457091,-36.8571832198172));
#2255=CARTESIAN_POINT('Ctrl Pts',(65.2316322898739,4.3435389700221,-36.7682717926787));
#2256=CARTESIAN_POINT('Ctrl Pts',(65.167667825843,4.99874691440386,-36.4728039723346));
#2257=CARTESIAN_POINT('Ctrl Pts',(65.0646299857793,5.55505142886353,-36.2552031716745));
#2258=CARTESIAN_POINT('Ctrl Pts',(64.7773957713375,6.46967634679322,-35.9615828606768));
#2259=CARTESIAN_POINT('Ctrl Pts',(64.6444999250332,6.81267424743006,-35.865902599248));
#2260=CARTESIAN_POINT('Ctrl Pts',(64.3743891626018,7.37670110893718,-35.749170701079));
#2261=CARTESIAN_POINT('Ctrl Pts',(64.2463818962916,7.61055811466345,-35.7133923827351));
#2262=CARTESIAN_POINT('Ctrl Pts',(63.979034837553,8.02983635208658,-35.688864247729));
#2263=CARTESIAN_POINT('Ctrl Pts',(63.8375923759145,8.22496894348929,-35.6950878232653));
#2264=CARTESIAN_POINT('Ctrl Pts',(63.5565758520951,8.55176954573572,-35.7653399902744));
#2265=CARTESIAN_POINT('Ctrl Pts',(63.4323221349018,8.673099670185,-35.8190826418041));
#2266=CARTESIAN_POINT('Ctrl Pts',(63.2380995066787,8.8306651762779,-35.9426801963796));
#2267=CARTESIAN_POINT('Ctrl Pts',(63.1565203172487,8.8858829245057,-36.0079610653033));
#2268=CARTESIAN_POINT('Ctrl Pts',(63.0180771671878,8.95279752861365,-36.1550880780713));
#2269=CARTESIAN_POINT('Ctrl Pts',(62.9613808427882,8.96946423197923,-36.2299678495794));
#2270=CARTESIAN_POINT('Ctrl Pts',(62.8625185681407,8.97147417132559,-36.3983978358861));
#2271=CARTESIAN_POINT('Ctrl Pts',(62.8237965091621,8.9554327571063,-36.4879264538917));
#2272=CARTESIAN_POINT('Ctrl Pts',(62.7597547010906,8.88496882727733,-36.6964650782225));
#2273=CARTESIAN_POINT('Ctrl Pts',(62.7437457572137,8.82208505776869,-36.8107637329139));
#2274=CARTESIAN_POINT('Ctrl Pts',(62.7375648097057,8.6307516023126,-37.0791644222025));
#2275=CARTESIAN_POINT('Ctrl Pts',(62.7657740504366,8.47022669445463,-37.242727526058));
#2276=CARTESIAN_POINT('Ctrl Pts',(62.8786791371963,8.07954240690406,-37.5344464860022));
#2277=CARTESIAN_POINT('Ctrl Pts',(62.9510672585056,7.87805409884201,-37.6495277211529));
#2278=CARTESIAN_POINT('Ctrl Pts',(63.121152010139,7.43739823109188,-37.854380104835));
#2279=CARTESIAN_POINT('Ctrl Pts',(63.2246968997444,7.1886631294168,-37.9405816779575));
#2280=CARTESIAN_POINT('Ctrl Pts',(63.489282692159,6.56633299735466,-38.1053421109183));
#2281=CARTESIAN_POINT('Ctrl Pts',(63.6592355217864,6.17806626037354,-38.1620022736401));
#2282=CARTESIAN_POINT('Ctrl Pts',(64.0887415389533,5.1908258267515,-38.2193659570034));
#2283=CARTESIAN_POINT('Ctrl Pts',(64.3302760447291,4.62608662256286,-38.1667647459282));
#2284=CARTESIAN_POINT('Ctrl Pts',(64.6284862795378,3.96675586392542,-38.0268482159624));
#2285=CARTESIAN_POINT('Ctrl Pts',(64.7276101630467,3.75814885766551,-37.9618301759589));
#2286=CARTESIAN_POINT('Ctrl Pts',(64.8545688904052,3.53478038760087,-37.8504349565651));
#2287=CARTESIAN_POINT('Ctrl Pts',(64.8986496208744,3.46395878620483,-37.8073132913969));
#2288=CARTESIAN_POINT('Ctrl Pts',(64.9665390761046,3.38134815594561,-37.7276132552953));
#2289=CARTESIAN_POINT('Ctrl Pts',(64.991742730816,3.35581127232801,-37.6954810087021));
#2290=CARTESIAN_POINT('Ctrl Pts',(65.0363657544068,3.32640298499339,-37.6313863508772));
#2291=CARTESIAN_POINT('Ctrl Pts',(65.0553414383391,3.31928830505543,-37.6016838119327));
#2292=CARTESIAN_POINT('Ctrl Pts',(65.0735127818562,3.31928830505543,-37.5702101217193));
#2293=CARTESIAN_POINT('',(65.2409810271257,2.,-36.9452101217193));
#2294=CARTESIAN_POINT('',(65.2409810271257,2.,-36.9452101217193));
#2295=CARTESIAN_POINT('Origin',(63.9909810271257,2.,-36.9452101217193));
#2296=CARTESIAN_POINT('Origin',(63.9909810271257,2.,-36.9452101217193));
#2297=CARTESIAN_POINT('Origin',(0.,2.,0.));
#2298=CARTESIAN_POINT('Origin',(0.,2.,73.8904202434385));
#2299=CARTESIAN_POINT('',(1.28228433499778,2.,75.3595175459407));
#2300=CARTESIAN_POINT('',(-1.28228433499778,2.,75.3595175459407));
#2301=CARTESIAN_POINT('Ctrl Pts',(1.28228433499778,2.,75.3595175459407));
#2302=CARTESIAN_POINT('Ctrl Pts',(1.37310515438996,2.59725840475156,75.2802456598649));
#2303=CARTESIAN_POINT('Ctrl Pts',(1.48654886213846,3.18970221558629,75.1657849449069));
#2304=CARTESIAN_POINT('Ctrl Pts',(1.78474578067314,4.84361845642459,74.7436113424599));
#2305=CARTESIAN_POINT('Ctrl Pts',(1.9362198029165,5.81612093420367,74.375968023174));
#2306=CARTESIAN_POINT('Ctrl Pts',(1.95505093100572,7.11380644836987,73.7526959842708));
#2307=CARTESIAN_POINT('Ctrl Pts',(1.93214220503365,7.51927885922169,73.5360161110842));
#2308=CARTESIAN_POINT('Ctrl Pts',(1.80825621727839,8.19407604723352,73.1389996985693));
#2309=CARTESIAN_POINT('Ctrl Pts',(1.72666370698045,8.47845144104843,72.9591519912957));
#2310=CARTESIAN_POINT('Ctrl Pts',(1.48023806529442,9.00887293703463,72.6022745705851));
#2311=CARTESIAN_POINT('Ctrl Pts',(1.32658124657626,9.22646894362833,72.4447493088397));
#2312=CARTESIAN_POINT('Ctrl Pts',(1.01123347312705,9.53544392352436,72.2141402619627));
#2313=CARTESIAN_POINT('Ctrl Pts',(0.846262806413919,9.65427436286726,72.1220044741773));
#2314=CARTESIAN_POINT('Ctrl Pts',(0.507944281275147,9.80759207274669,72.0012145801642));
#2315=CARTESIAN_POINT('Ctrl Pts',(0.348190439182075,9.85344375100225,71.9643151535189));
#2316=CARTESIAN_POINT('Ctrl Pts',(0.0166739720201827,9.89158801829112,71.9336265298772));
#2317=CARTESIAN_POINT('Ctrl Pts',(-0.147072659784608,9.88466185739407,71.9392542785779));
#2318=CARTESIAN_POINT('Ctrl Pts',(-0.492306228310501,9.81606820955918,71.9942663422657));
#2319=CARTESIAN_POINT('Ctrl Pts',(-0.66329375300609,9.74766915062291,72.048933168051));
#2320=CARTESIAN_POINT('Ctrl Pts',(-1.0134521399743,9.53993936187932,72.2104296166608));
#2321=CARTESIAN_POINT('Ctrl Pts',(-1.1956094001236,9.37764643356471,72.3344520212244));
#2322=CARTESIAN_POINT('Ctrl Pts',(-1.52456305186721,8.93692511070192,72.651570082164));
#2323=CARTESIAN_POINT('Ctrl Pts',(-1.64776144641633,8.67586474945256,72.8298573400622));
#2324=CARTESIAN_POINT('Ctrl Pts',(-1.83323293451313,8.10774290514811,73.1922651516959));
#2325=CARTESIAN_POINT('Ctrl Pts',(-1.89067621798672,7.79036649317191,73.3806893406126));
#2326=CARTESIAN_POINT('Ctrl Pts',(-1.97039745543289,6.95174477146362,73.8399141841147));
#2327=CARTESIAN_POINT('Ctrl Pts',(-1.95244737177289,6.4078923642593,74.1001913154462));
#2328=CARTESIAN_POINT('Ctrl Pts',(-1.78059284335335,4.58144021701284,74.85052750717));
#2329=CARTESIAN_POINT('Ctrl Pts',(-1.47591022940291,3.2733280054613,75.1905134569517));
#2330=CARTESIAN_POINT('Ctrl Pts',(-1.28228433499778,2.,75.3595175459407));
#2331=CARTESIAN_POINT('Origin',(0.,2.,73.8904202434385));
#2332=CARTESIAN_POINT('Origin',(0.,2.,73.8904202434385));
#2333=CARTESIAN_POINT('',(0.,3.31928830505542,75.1404202434385));
#2334=CARTESIAN_POINT('',(1.25,6.85655929718592,73.8904202434346));
#2335=CARTESIAN_POINT('Ctrl Pts',(0.,3.31928830505542,75.1404202434385));
#2336=CARTESIAN_POINT('Ctrl Pts',(-0.0244634960088247,3.31928830505542,
75.1404202434385));
#2337=CARTESIAN_POINT('Ctrl Pts',(-0.0485152408315837,3.32250989642208,
75.1397029569264));
#2338=CARTESIAN_POINT('Ctrl Pts',(-0.0969673068726219,3.33504058010206,
75.1369011758569));
#2339=CARTESIAN_POINT('Ctrl Pts',(-0.120862795432002,3.34452393710717,75.1347767589097));
#2340=CARTESIAN_POINT('Ctrl Pts',(-0.195336088417293,3.38275396650506,75.126154988274));
#2341=CARTESIAN_POINT('Ctrl Pts',(-0.242297851975599,3.42103986317655,75.1174326554177));
#2342=CARTESIAN_POINT('Ctrl Pts',(-0.362222642967651,3.54082740489866,75.0895321150058));
#2343=CARTESIAN_POINT('Ctrl Pts',(-0.43217033530594,3.64279559556012,75.0649564659653));
#2344=CARTESIAN_POINT('Ctrl Pts',(-0.680403987015891,4.06080723238655,74.9594505971314));
#2345=CARTESIAN_POINT('Ctrl Pts',(-0.867478109260273,4.55481082972094,74.8224227193735));
#2346=CARTESIAN_POINT('Ctrl Pts',(-1.11367820282448,5.51248311906739,74.4846633041818));
#2347=CARTESIAN_POINT('Ctrl Pts',(-1.189045825145,5.92991009835677,74.3181733307413));
#2348=CARTESIAN_POINT('Ctrl Pts',(-1.24777286273042,6.5806276332409,74.025810026747));
#2349=CARTESIAN_POINT('Ctrl Pts',(-1.25611177987825,6.82858941102244,73.9067575174272));
#2350=CARTESIAN_POINT('Ctrl Pts',(-1.23686797529225,7.26184616085609,73.684924053512));
#2351=CARTESIAN_POINT('Ctrl Pts',(-1.2165100613391,7.45229526192122,73.582543470651));
#2352=CARTESIAN_POINT('Ctrl Pts',(-1.14315301473176,7.82532756592059,73.3724682129077));
#2353=CARTESIAN_POINT('Ctrl Pts',(-1.08869627808348,8.01253926636634,73.2619059781151));
#2354=CARTESIAN_POINT('Ctrl Pts',(-0.918453558736008,8.39171472086476,73.0283490177159));
#2355=CARTESIAN_POINT('Ctrl Pts',(-0.80435867084845,8.55599346913442,72.9211515403113));
#2356=CARTESIAN_POINT('Ctrl Pts',(-0.587729847820691,8.76407972183912,72.7824693194345));
#2357=CARTESIAN_POINT('Ctrl Pts',(-0.486748694455222,8.8370605387672,72.7326868152226));
#2358=CARTESIAN_POINT('Ctrl Pts',(-0.283779318517151,8.92856129077386,72.669662670471));
#2359=CARTESIAN_POINT('Ctrl Pts',(-0.190116164576299,8.95533934542146,72.6509868818275));
#2360=CARTESIAN_POINT('Ctrl Pts',(0.00539669053525225,8.97585296392811,
72.6366860935258));
#2361=CARTESIAN_POINT('Ctrl Pts',(0.102107755655653,8.96981244852248,72.6409220468214));
#2362=CARTESIAN_POINT('Ctrl Pts',(0.309214326647578,8.92234624713211,72.6739207355548));
#2363=CARTESIAN_POINT('Ctrl Pts',(0.412774510268001,8.87581208743085,72.7061817857391));
#2364=CARTESIAN_POINT('Ctrl Pts',(0.636635409681292,8.73037804394549,72.8051910934901));
#2365=CARTESIAN_POINT('Ctrl Pts',(0.758185420241017,8.61038935573968,72.8859100160775));
#2366=CARTESIAN_POINT('Ctrl Pts',(0.98028221697928,8.27996802599896,73.0982808911121));
#2367=CARTESIAN_POINT('Ctrl Pts',(1.06319124378579,8.08266987771322,73.2201050728802));
#2368=CARTESIAN_POINT('Ctrl Pts',(1.17184959150533,7.70666890411394,73.4405274780783));
#2369=CARTESIAN_POINT('Ctrl Pts',(1.20524498585687,7.52286053659645,73.5437602933868));
#2370=CARTESIAN_POINT('Ctrl Pts',(1.24230902231345,7.17993693894068,73.7274541666368));
#2371=CARTESIAN_POINT('Ctrl Pts',(1.2499999999995,7.01894970554726,73.8103109440109));
#2372=CARTESIAN_POINT('Ctrl Pts',(1.25,6.85655929718592,73.8904202434307));
#2373=CARTESIAN_POINT('Ctrl Pts',(1.25,6.85655929718593,73.8904202434307));
#2374=CARTESIAN_POINT('Ctrl Pts',(1.25000000000016,6.80590335693061,73.9154094772546));
#2375=CARTESIAN_POINT('Ctrl Pts',(1.24925067239837,6.75511197785372,73.9401335922316));
#2376=CARTESIAN_POINT('Ctrl Pts',(1.23889024717988,6.39204302953839,74.1145079885708));
#2377=CARTESIAN_POINT('Ctrl Pts',(1.20343371551204,6.07023252889117,74.2563546154453));
#2378=CARTESIAN_POINT('Ctrl Pts',(1.05047364259549,5.18773917204933,74.6112934707855));
#2379=CARTESIAN_POINT('Ctrl Pts',(0.89688747548812,4.65929881735572,74.7840366150096));
#2380=CARTESIAN_POINT('Ctrl Pts',(0.633977158469023,3.99943698495367,74.974796002914));
#2381=CARTESIAN_POINT('Ctrl Pts',(0.52297478543905,3.7751793067127,75.0324553671345));
#2382=CARTESIAN_POINT('Ctrl Pts',(0.356323535064551,3.53986532010809,75.089717823646));
#2383=CARTESIAN_POINT('Ctrl Pts',(0.295791097400964,3.46663991228565,75.106917711039));
#2384=CARTESIAN_POINT('Ctrl Pts',(0.190859042463612,3.38206313321223,75.1263176472033));
#2385=CARTESIAN_POINT('Ctrl Pts',(0.150164159683453,3.35613316170102,75.1321684699821));
#2386=CARTESIAN_POINT('Ctrl Pts',(0.0718686348237313,3.32650466887242,75.1388153258387));
#2387=CARTESIAN_POINT('Ctrl Pts',(0.0366254536479683,3.31928830505542,75.1404202434385));
#2388=CARTESIAN_POINT('Ctrl Pts',(0.,3.31928830505542,75.1404202434385));
#2389=CARTESIAN_POINT('',(1.25,2.,73.8904202434385));
#2390=CARTESIAN_POINT('',(1.25,2.,73.8904202434385));
#2391=CARTESIAN_POINT('Origin',(0.,2.,73.8904202434385));
#2392=CARTESIAN_POINT('Origin',(0.,2.,73.8904202434385));
#2393=CARTESIAN_POINT('Origin',(0.,2.,0.));
#2394=CARTESIAN_POINT('Origin',(-63.9909810271257,2.,-36.9452101217192));
#2395=CARTESIAN_POINT('',(-64.6221144442249,2.,-38.7902495819532));
#2396=CARTESIAN_POINT('',(-65.9043987792227,2.,-36.5692679639874));
#2397=CARTESIAN_POINT('Origin',(0.,2.,0.));
#2398=CARTESIAN_POINT('Origin',(-63.9909810271257,2.,-36.9452101217192));
#2399=CARTESIAN_POINT('',(-62.7409810271257,2.,-36.9452101217192));
#2400=CARTESIAN_POINT('Origin',(-63.9909810271257,2.,-36.9452101217192));
#2401=CARTESIAN_POINT('Origin',(-63.9909810271257,2.,-36.9452101217192));
#2402=CARTESIAN_POINT('',(-65.0735127818562,3.31928830505547,-37.5702101217192));
#2403=CARTESIAN_POINT('',(-62.7409810271257,8.7257819323289,-36.9452101217193));
#2404=CARTESIAN_POINT('Ctrl Pts',(-65.0735127818562,3.31928830505547,-37.5702101217192));
#2405=CARTESIAN_POINT('Ctrl Pts',(-65.0566779011274,3.31928830505547,-37.5993689904809));
#2406=CARTESIAN_POINT('Ctrl Pts',(-65.0391623617761,3.32539177634378,-37.6269913773557));
#2407=CARTESIAN_POINT('Ctrl Pts',(-65.0017726402968,3.34848917584522,-37.6813979976351));
#2408=CARTESIAN_POINT('Ctrl Pts',(-64.9824102124972,3.3659213139115,-37.7070885173798));
#2409=CARTESIAN_POINT('Ctrl Pts',(-64.9224268461578,3.43089654600254,-37.7814039288129));
#2410=CARTESIAN_POINT('Ctrl Pts',(-64.8812309579279,3.49266085518103,-37.8241077924397));
#2411=CARTESIAN_POINT('Ctrl Pts',(-64.7123604802371,3.77385665206681,-37.9819918125226));
#2412=CARTESIAN_POINT('Ctrl Pts',(-64.5502914217904,4.13357735849868,-38.0787603519608));
#2413=CARTESIAN_POINT('Ctrl Pts',(-64.1688703552092,5.00186721730777,-38.2006248596946));
#2414=CARTESIAN_POINT('Ctrl Pts',(-63.9290529852512,5.55777825207084,-38.2199228909116));
#2415=CARTESIAN_POINT('Ctrl Pts',(-63.5315781511477,6.47143632059521,-38.1177596349116));
#2416=CARTESIAN_POINT('Ctrl Pts',(-63.382459859339,6.81401412516264,-38.0504866051799));
#2417=CARTESIAN_POINT('Ctrl Pts',(-63.1465626374048,7.37749039325088,-37.8749710523519));
#2418=CARTESIAN_POINT('Ctrl Pts',(-63.0516507693702,7.6111872315665,-37.7820160056964));
#2419=CARTESIAN_POINT('Ctrl Pts',(-62.8968258045012,8.0302860218165,-37.5627642299137));
#2420=CARTESIAN_POINT('Ctrl Pts',(-62.8315206565028,8.22538754413401,-37.4371351350972));
#2421=CARTESIAN_POINT('Ctrl Pts',(-62.756965851162,8.53140328439171,-37.176250188691));
#2422=CARTESIAN_POINT('Ctrl Pts',(-62.7409810271257,8.63988642419982,-37.0605136551527));
#2423=CARTESIAN_POINT('Ctrl Pts',(-62.7409810271257,8.7257819323289,-36.9452101217193));
#2424=CARTESIAN_POINT('Ctrl Pts',(-62.7409810271257,8.7257819323289,-36.9452101217193));
#2425=CARTESIAN_POINT('Ctrl Pts',(-62.7409810271257,8.73924237481155,-36.9271412306488));
#2426=CARTESIAN_POINT('Ctrl Pts',(-62.7413728186308,8.75214700706191,-36.9090821362734));
#2427=CARTESIAN_POINT('Ctrl Pts',(-62.7463550294936,8.83080875594408,-36.7942101561754));
#2428=CARTESIAN_POINT('Ctrl Pts',(-62.7621189890328,8.88599008973826,-36.6909363927219));
#2429=CARTESIAN_POINT('Ctrl Pts',(-62.820343518653,8.95284849341969,-36.4975017389209));
#2430=CARTESIAN_POINT('Ctrl Pts',(-62.8568584514527,8.96949058311822,-36.4109691742618));
#2431=CARTESIAN_POINT('Ctrl Pts',(-62.9533246211836,8.97145139991991,-36.2411489111477));
#2432=CARTESIAN_POINT('Ctrl Pts',(-63.0115163011416,8.95538256490706,-36.1628562825236));
#2433=CARTESIAN_POINT('Ctrl Pts',(-63.1601468081956,8.88484921004492,-36.0031306396711));
#2434=CARTESIAN_POINT('Ctrl Pts',(-63.2511627782261,8.82191549579797,-35.9321235553643));
#2435=CARTESIAN_POINT('Ctrl Pts',(-63.4806238833675,8.63042654367087,-35.792580732929));
#2436=CARTESIAN_POINT('Ctrl Pts',(-63.6364681614634,8.46975709739621,-35.7352537667172));
#2437=CARTESIAN_POINT('Ctrl Pts',(-63.9455982043839,8.07887270522175,-35.6872994300913));
#2438=CARTESIAN_POINT('Ctrl Pts',(-64.0814113829257,7.87738868303003,-35.6924934835808));
#2439=CARTESIAN_POINT('Ctrl Pts',(-64.3437602482426,7.43677785550152,-35.7374341764791));
#2440=CARTESIAN_POINT('Ctrl Pts',(-64.4701297797528,7.18809514207797,-35.7840196431504));
#2441=CARTESIAN_POINT('Ctrl Pts',(-64.7449838762625,6.5659196187017,-35.9307839552582));
#2442=CARTESIAN_POINT('Ctrl Pts',(-64.8789705094628,6.17776945444392,-36.0496116756778));
#2443=CARTESIAN_POINT('Ctrl Pts',(-65.1433154075603,5.1907572834011,-36.3928278992403));
#2444=CARTESIAN_POINT('Ctrl Pts',(-65.2185169506173,4.62612736823356,-36.6282574829487));
#2445=CARTESIAN_POINT('Ctrl Pts',(-65.2464610682058,3.96681848199531,-36.9564518374667));
#2446=CARTESIAN_POINT('Ctrl Pts',(-65.2397179148126,3.75818225544088,-37.0748170114147));
#2447=CARTESIAN_POINT('Ctrl Pts',(-65.2067248344671,3.53479084962051,-37.2404780193637));
#2448=CARTESIAN_POINT('Ctrl Pts',(-65.1914205894708,3.46396434514766,-37.3002165353622));
#2449=CARTESIAN_POINT('Ctrl Pts',(-65.1563418683497,3.38134966562633,-37.398864490929));
#2450=CARTESIAN_POINT('Ctrl Pts',(-65.1411162243628,3.35581194892476,-37.4367582247252));
#2451=CARTESIAN_POINT('Ctrl Pts',(-65.107919719753,3.3264031901618,-37.5074511555786));
#2452=CARTESIAN_POINT('Ctrl Pts',(-65.0916844089223,3.31928830505547,-37.5387359403846));
#2453=CARTESIAN_POINT('Ctrl Pts',(-65.0735127818562,3.31928830505547,-37.5702101217192));
#2454=CARTESIAN_POINT('',(-62.7409810271257,2.,-36.9452101217192));
#2455=CARTESIAN_POINT('Origin',(-63.9909810271257,2.,-36.9452101217192));
#2456=CARTESIAN_POINT('Ctrl Pts',(-65.9043987792227,2.,-36.5692679639874));
#2457=CARTESIAN_POINT('Ctrl Pts',(-65.8972821461858,2.18288620918903,-36.533046721682));
#2458=CARTESIAN_POINT('Ctrl Pts',(-65.8883971567145,2.3651738360296,-36.493293195703));
#2459=CARTESIAN_POINT('Ctrl Pts',(-65.7894928022308,3.98192139649149,-36.1158367525122));
#2460=CARTESIAN_POINT('Ctrl Pts',(-65.5510045120105,5.3881238974455,-35.6208610371781));
#2461=CARTESIAN_POINT('Ctrl Pts',(-64.7926344098846,7.25598096463693,-35.146636019981));
#2462=CARTESIAN_POINT('Ctrl Pts',(-64.5303300928894,7.74537020395087,-35.0508304223707));
#2463=CARTESIAN_POINT('Ctrl Pts',(-64.0549652313111,8.46922024274985,-34.9858019693123));
#2464=CARTESIAN_POINT('Ctrl Pts',(-63.827455652923,8.76640251414949,-34.9860018833417));
#2465=CARTESIAN_POINT('Ctrl Pts',(-63.3770373590169,9.25176579063415,-35.0824859955839));
#2466=CARTESIAN_POINT('Ctrl Pts',(-63.1803937837002,9.42774889427772,-35.159444645586));
#2467=CARTESIAN_POINT('Ctrl Pts',(-62.8609939606164,9.66599570892867,-35.3477337341796));
#2468=CARTESIAN_POINT('Ctrl Pts',(-62.7224480633672,9.75141152889677,-35.4528766179845));
#2469=CARTESIAN_POINT('Ctrl Pts',(-62.48529386044,9.85648631623462,-35.6962922873469));
#2470=CARTESIAN_POINT('Ctrl Pts',(-62.3874114875004,9.88248471091431,-35.8237226899367));
#2471=CARTESIAN_POINT('Ctrl Pts',(-62.2202516032063,9.88378500364105,-36.1111563969675));
#2472=CARTESIAN_POINT('Ctrl Pts',(-62.1563649066938,9.857198527729,-36.2648983089939));
#2473=CARTESIAN_POINT('Ctrl Pts',(-62.0581970686295,9.743259339231,-36.616352591));
#2474=CARTESIAN_POINT('Ctrl Pts',(-62.0378975554876,9.64491787594962,-36.8065671034843));
#2475=CARTESIAN_POINT('Ctrl Pts',(-62.0459364288484,9.3657836471413,-37.2177164137592));
#2476=CARTESIAN_POINT('Ctrl Pts',(-62.093071745439,9.15303720734416,-37.4518671049741));
#2477=CARTESIAN_POINT('Ctrl Pts',(-62.2760524042261,8.59157599835353,-37.9074564630079));
#2478=CARTESIAN_POINT('Ctrl Pts',(-62.4051898562487,8.26912739879895,-38.0983451955547));
#2479=CARTESIAN_POINT('Ctrl Pts',(-62.7468695811689,7.4487073123176,-38.4775560766493));
#2480=CARTESIAN_POINT('Ctrl Pts',(-63.0015010592214,6.87146155062382,-38.6520483996687));
#2481=CARTESIAN_POINT('Ctrl Pts',(-63.8451698225246,4.82598198277765,-38.9820281060612));
#2482=CARTESIAN_POINT('Ctrl Pts',(-64.3553478796088,3.39686087264755,-38.8815025318889));
#2483=CARTESIAN_POINT('Ctrl Pts',(-64.6221144442249,2.,-38.7902495819532));
#2484=CARTESIAN_POINT('Origin',(0.,0.,0.));
#2485=CARTESIAN_POINT('Origin',(0.,0.,0.));
#2486=CARTESIAN_POINT('',(-9.24608333356252E-15,3.07513915036545E-25,-75.5));
#2487=CARTESIAN_POINT('Origin',(0.,3.07513915036545E-25,0.));
#2488=CARTESIAN_POINT('',(-8.48680231921983E-15,12.3999999930877,-69.3000000092163));
#2489=CARTESIAN_POINT('Origin',(-7.34788079488412E-15,0.,-60.));
#2490=CARTESIAN_POINT('Origin',(0.,12.3999999930877,0.));
#2491=CARTESIAN_POINT('Origin',(0.,0.,0.));
#2492=CARTESIAN_POINT('Ctrl Pts',(0.,15.9999999910809,-67.5000000118955));
#2493=CARTESIAN_POINT('Ctrl Pts',(-67.5000000118955,15.9999999910809,-67.5000000118955));
#2494=CARTESIAN_POINT('Ctrl Pts',(-67.5000000118955,15.9999999910809,0.));
#2495=CARTESIAN_POINT('Ctrl Pts',(-67.5000000118955,15.9999999910809,67.5000000118955));
#2496=CARTESIAN_POINT('Ctrl Pts',(0.,15.9999999910809,67.5000000118955));
#2497=CARTESIAN_POINT('Ctrl Pts',(67.5000000118955,15.9999999910809,67.5000000118955));
#2498=CARTESIAN_POINT('Ctrl Pts',(67.5000000118955,15.9999999910809,0.));
#2499=CARTESIAN_POINT('Ctrl Pts',(67.5000000118955,15.9999999910809,-67.5000000118955));
#2500=CARTESIAN_POINT('Ctrl Pts',(0.,15.9999999910809,-67.5000000118955));
#2501=CARTESIAN_POINT('Ctrl Pts',(0.,118.981344317387,-67.5000000118892));
#2502=CARTESIAN_POINT('Ctrl Pts',(-67.5000000118892,118.981344317387,-67.5000000118892));
#2503=CARTESIAN_POINT('Ctrl Pts',(-67.5000000118892,118.981344317387,0.));
#2504=CARTESIAN_POINT('Ctrl Pts',(-67.5000000118892,118.981344317387,67.5000000118892));
#2505=CARTESIAN_POINT('Ctrl Pts',(0.,118.981344317387,67.5000000118892));
#2506=CARTESIAN_POINT('Ctrl Pts',(67.5000000118892,118.981344317387,67.5000000118892));
#2507=CARTESIAN_POINT('Ctrl Pts',(67.5000000118892,118.981344317387,0.));
#2508=CARTESIAN_POINT('Ctrl Pts',(67.5000000118892,118.981344317387,-67.5000000118892));
#2509=CARTESIAN_POINT('Ctrl Pts',(0.,118.981344317387,-67.5000000118892));
#2510=CARTESIAN_POINT('Ctrl Pts',(0.,220.,-47.490290285574));
#2511=CARTESIAN_POINT('Ctrl Pts',(-47.490290285574,220.,-47.490290285574));
#2512=CARTESIAN_POINT('Ctrl Pts',(-47.490290285574,220.,0.));
#2513=CARTESIAN_POINT('Ctrl Pts',(-47.490290285574,220.,47.490290285574));
#2514=CARTESIAN_POINT('Ctrl Pts',(0.,220.,47.490290285574));
#2515=CARTESIAN_POINT('Ctrl Pts',(47.490290285574,220.,47.490290285574));
#2516=CARTESIAN_POINT('Ctrl Pts',(47.490290285574,220.,0.));
#2517=CARTESIAN_POINT('Ctrl Pts',(47.490290285574,220.,-47.490290285574));
#2518=CARTESIAN_POINT('Ctrl Pts',(0.,220.,-47.490290285574));
#2519=CARTESIAN_POINT('',(-8.26636589570099E-15,15.9999999910809,-67.5000000118921));
#2520=CARTESIAN_POINT('Origin',(0.,15.9999999910809,0.));
#2521=CARTESIAN_POINT('Ctrl Pts',(0.,15.9999999910809,-67.5000000118955));
#2522=CARTESIAN_POINT('Ctrl Pts',(0.,22.1965080431334,-67.5000000118951));
#2523=CARTESIAN_POINT('Ctrl Pts',(0.,28.3925844170512,-67.4268589992511));
#2524=CARTESIAN_POINT('',(5.81588319888069E-15,220.,-47.490290285574));
#2525=CARTESIAN_POINT('Ctrl Pts',(0.,63.3783989806431,-66.4304426046797));
#2526=CARTESIAN_POINT('Ctrl Pts',(0.,142.402724143394,-62.8607083034287));
#2527=CARTESIAN_POINT('Ctrl Pts',(0.,220.,-47.490290285574));
#2528=CARTESIAN_POINT('Origin',(0.,220.,0.));
#2529=CARTESIAN_POINT('Origin',(0.,0.,0.));
#2530=CARTESIAN_POINT('Origin',(0.,15.999999991081,0.));
#2531=CARTESIAN_POINT('Origin',(-8.8174569553173E-15,15.999999991081,-72.0000000118921));
#2532=CARTESIAN_POINT('Origin',(0.,220.,2.69422295812418E-14));
#2533=CARTESIAN_POINT('Origin',(0.,3.07513915036545E-25,76.));
#2534=CARTESIAN_POINT('',(-9.30731567351988E-15,0.,-76.));
#2535=CARTESIAN_POINT('Origin',(0.,0.,0.));
#2536=CARTESIAN_POINT('Origin',(0.,0.,0.));
#2537=CARTESIAN_POINT('',(-8.52354172323066E-15,12.7999999928648,-69.6000000095136));
#2538=CARTESIAN_POINT('Origin',(0.,12.7999999928648,0.));
#2539=CARTESIAN_POINT('Origin',(-7.34788079488412E-15,0.,-60.));
#2540=CARTESIAN_POINT('Origin',(0.,15.999999991081,0.));
#2541=CARTESIAN_POINT('Origin',(-8.8174569553173E-15,15.999999991081,-72.0000000118921));
#2542=CARTESIAN_POINT('Origin',(0.,2.,73.8904202434385));
#2543=CARTESIAN_POINT('Origin',(0.,2.,73.8904202434385));
#2544=CARTESIAN_POINT('Origin',(-63.9909810271257,2.,-36.9452101217192));
#2545=CARTESIAN_POINT('Origin',(-63.9909810271257,2.,-36.9452101217192));
#2546=CARTESIAN_POINT('Origin',(63.9909810271257,2.,-36.9452101217193));
#2547=CARTESIAN_POINT('Origin',(63.9909810271257,2.,-36.9452101217193));
#2548=CARTESIAN_POINT('',(0.,2.,0.));
#2549=CARTESIAN_POINT('Origin',(0.,57.,0.));
#2550=CARTESIAN_POINT('Origin',(0.,57.,0.));
#2551=CARTESIAN_POINT('Origin',(0.,57.,0.));
#2552=CARTESIAN_POINT('',(0.,57.,0.));
#2553=UNCERTAINTY_MEASURE_WITH_UNIT(LENGTH_MEASURE(0.01),#2557,
'DISTANCE_ACCURACY_VALUE',
'Maximum model space distance between geometric entities at asserted c
onnectivities');
#2554=UNCERTAINTY_MEASURE_WITH_UNIT(LENGTH_MEASURE(0.01),#2557,
'DISTANCE_ACCURACY_VALUE',
'Maximum model space distance between geometric entities at asserted c
onnectivities');
#2555=(
GEOMETRIC_REPRESENTATION_CONTEXT(3)
GLOBAL_UNCERTAINTY_ASSIGNED_CONTEXT((#2553))
GLOBAL_UNIT_ASSIGNED_CONTEXT((#2557,#2559,#2560))
REPRESENTATION_CONTEXT('','3D')
);
#2556=(
GEOMETRIC_REPRESENTATION_CONTEXT(3)
GLOBAL_UNCERTAINTY_ASSIGNED_CONTEXT((#2554))
GLOBAL_UNIT_ASSIGNED_CONTEXT((#2557,#2559,#2560))
REPRESENTATION_CONTEXT('','3D')
);
#2557=(
LENGTH_UNIT()
NAMED_UNIT(*)
SI_UNIT(.MILLI.,.METRE.)
);
#2558=(
LENGTH_UNIT()
NAMED_UNIT(*)
SI_UNIT(.CENTI.,.METRE.)
);
#2559=(
NAMED_UNIT(*)
PLANE_ANGLE_UNIT()
SI_UNIT($,.RADIAN.)
);
#2560=(
NAMED_UNIT(*)
SI_UNIT($,.STERADIAN.)
SOLID_ANGLE_UNIT()
);
#2561=SHAPE_DEFINITION_REPRESENTATION(#2562,#2563);
#2562=PRODUCT_DEFINITION_SHAPE('',$,#2565);
#2563=SHAPE_REPRESENTATION('',(#1150),#2555);
#2564=PRODUCT_DEFINITION_CONTEXT('part definition',#2569,'design');
#2565=PRODUCT_DEFINITION('m2m_shell_2','m2m_shell',#2566,#2564);
#2566=PRODUCT_DEFINITION_FORMATION('',$,#2571);
#2567=PRODUCT_RELATED_PRODUCT_CATEGORY('m2m_shell','m2m_shell',(#2571));
#2568=APPLICATION_PROTOCOL_DEFINITION('international standard',
'automotive_design',2009,#2569);
#2569=APPLICATION_CONTEXT(
'Core Data for Automotive Mechanical Design Process');
#2570=PRODUCT_CONTEXT('part definition',#2569,'mechanical');
#2571=PRODUCT('m2m_shell_2','m2m_shell',$,(#2570));
#2572=PRESENTATION_STYLE_ASSIGNMENT((#2577));
#2573=PRESENTATION_STYLE_ASSIGNMENT((#2578));
#2574=PRESENTATION_STYLE_ASSIGNMENT((#2579));
#2575=PRESENTATION_STYLE_ASSIGNMENT((#2580));
#2576=PRESENTATION_STYLE_ASSIGNMENT((#2581));
#2577=SURFACE_STYLE_USAGE(.BOTH.,#2586);
#2578=SURFACE_STYLE_USAGE(.BOTH.,#2587);
#2579=SURFACE_STYLE_USAGE(.BOTH.,#2588);
#2580=SURFACE_STYLE_USAGE(.BOTH.,#2589);
#2581=SURFACE_STYLE_USAGE(.BOTH.,#2590);
#2582=SURFACE_STYLE_RENDERING_WITH_PROPERTIES($,#2606,(#2584));
#2583=SURFACE_STYLE_RENDERING_WITH_PROPERTIES($,#2607,(#2585));
#2584=SURFACE_STYLE_TRANSPARENT(0.);
#2585=SURFACE_STYLE_TRANSPARENT(0.);
#2586=SURFACE_SIDE_STYLE('',(#2591,#2582));
#2587=SURFACE_SIDE_STYLE('',(#2592,#2583));
#2588=SURFACE_SIDE_STYLE('',(#2593));
#2589=SURFACE_SIDE_STYLE('',(#2594));
#2590=SURFACE_SIDE_STYLE('',(#2595));
#2591=SURFACE_STYLE_FILL_AREA(#2596);
#2592=SURFACE_STYLE_FILL_AREA(#2597);
#2593=SURFACE_STYLE_FILL_AREA(#2598);
#2594=SURFACE_STYLE_FILL_AREA(#2599);
#2595=SURFACE_STYLE_FILL_AREA(#2600);
#2596=FILL_AREA_STYLE('',(#2601));
#2597=FILL_AREA_STYLE('',(#2602));
#2598=FILL_AREA_STYLE('',(#2603));
#2599=FILL_AREA_STYLE('',(#2604));
#2600=FILL_AREA_STYLE('',(#2605));
#2601=FILL_AREA_STYLE_COLOUR('',#2606);
#2602=FILL_AREA_STYLE_COLOUR('',#2607);
#2603=FILL_AREA_STYLE_COLOUR('',#2608);
#2604=FILL_AREA_STYLE_COLOUR('',#2609);
#2605=FILL_AREA_STYLE_COLOUR('',#2610);
#2606=COLOUR_RGB('',0.956862745098039,0.956862745098039,0.956862745098039);
#2607=COLOUR_RGB('',0.,0.,0.);
#2608=COLOUR_RGB('',0.223529411764706,0.36078431372549,0.27843137254902);
#2609=COLOUR_RGB('',0.913725490196078,0.913725490196078,0.);
#2610=COLOUR_RGB('',1.,1.,1.);
ENDSEC;
END-ISO-10303-21;
