ISO-10303-21;
HEADER;
/* Generated by software containing ST-Developer
 * from STEP Tools, Inc. (www.steptools.com) 
 */

FILE_DESCRIPTION(
/* description */ (''),
/* implementation_level */ '2;1');

FILE_NAME(
/* name */ 'my_C14.stp',
/* time_stamp */ '2026-04-07T10:59:06+02:00',
/* author */ ('Paul Juschitz'),
/* organization */ (''),
/* preprocessor_version */ 'ST-DEVELOPER v20.1',
/* originating_system */ 'Autodesk Inventor 2026',
/* authorisation */ '');

FILE_SCHEMA (('AUTOMOTIVE_DESIGN { 1 0 10303 214 3 1 1 }'));
ENDSEC;

DATA;
#10=MECHANICAL_DESIGN_GEOMETRIC_PRESENTATION_REPRESENTATION('',(#1628,#1629,
#1630,#1631,#1632,#1633,#1634,#1635,#1636,#1637,#1638,#1639,#1640,#1641,
#1642,#1643,#1644,#1645,#1646,#1647,#1648,#1649,#1650,#1651,#1652,#1653,
#1654,#1655,#1656,#1657,#1658,#1659,#1660,#1661,#1662,#1663,#1664,#1665,
#1666,#1667,#1668,#1669,#1670,#1671,#1672,#1673,#1674,#1675,#1676,#1677,
#1678,#1679,#1680,#1681,#1682,#1683,#1684,#1685,#1686,#1687,#1688,#1689,
#1690,#1691,#1692,#1693,#1694,#1695,#1696,#1697,#1698,#1699,#1700,#1701,
#1702,#1703,#1704,#1705,#1706,#1707,#1708,#1709,#1710,#1711,#1712,#1713,
#1714,#1715,#1716,#1717,#1718,#1719),#3058);
#11=SHAPE_REPRESENTATION_RELATIONSHIP('SRR','None',#3065,#12);
#12=ADVANCED_BREP_SHAPE_REPRESENTATION('',(#13),#3057);
#13=MANIFOLD_SOLID_BREP('Solid1',#1815);
#14=CONICAL_SURFACE('',#1932,2.5,0.785398163397448);
#15=CONICAL_SURFACE('',#1937,2.5,0.785398163397448);
#16=TOROIDAL_SURFACE('',#1851,2.50000000003327,0.5);
#17=TOROIDAL_SURFACE('',#1857,2.50000000003327,0.5);
#18=TOROIDAL_SURFACE('',#1863,2.50000000003327,0.5);
#19=TOROIDAL_SURFACE('',#1869,2.50000000003327,0.5);
#20=TOROIDAL_SURFACE('',#1875,2.50000000003327,0.5);
#21=TOROIDAL_SURFACE('',#1881,2.50000000003327,0.5);
#22=FACE_BOUND('',#180,.T.);
#23=FACE_BOUND('',#185,.T.);
#24=FACE_BOUND('',#206,.T.);
#25=FACE_BOUND('',#231,.T.);
#26=FACE_BOUND('',#239,.T.);
#27=FACE_BOUND('',#246,.T.);
#28=FACE_BOUND('',#247,.T.);
#29=FACE_BOUND('',#248,.T.);
#30=FACE_BOUND('',#279,.T.);
#31=FACE_BOUND('',#281,.T.);
#32=FACE_BOUND('',#282,.T.);
#33=FACE_BOUND('',#283,.T.);
#34=PLANE('',#1841);
#35=PLANE('',#1842);
#36=PLANE('',#1843);
#37=PLANE('',#1844);
#38=PLANE('',#1845);
#39=PLANE('',#1846);
#40=PLANE('',#1847);
#41=PLANE('',#1886);
#42=PLANE('',#1889);
#43=PLANE('',#1892);
#44=PLANE('',#1893);
#45=PLANE('',#1900);
#46=PLANE('',#1903);
#47=PLANE('',#1906);
#48=PLANE('',#1907);
#49=PLANE('',#1911);
#50=PLANE('',#1915);
#51=PLANE('',#1919);
#52=PLANE('',#1923);
#53=PLANE('',#1927);
#54=PLANE('',#1931);
#55=PLANE('',#1942);
#56=PLANE('',#1946);
#57=PLANE('',#1950);
#58=PLANE('',#1951);
#59=PLANE('',#1954);
#60=PLANE('',#1955);
#61=PLANE('',#1958);
#62=PLANE('',#1963);
#63=PLANE('',#1966);
#64=PLANE('',#1968);
#65=PLANE('',#1970);
#66=PLANE('',#1974);
#67=PLANE('',#1978);
#68=PLANE('',#1982);
#69=PLANE('',#1986);
#70=PLANE('',#1987);
#71=PLANE('',#1991);
#72=PLANE('',#1995);
#73=PLANE('',#1999);
#74=PLANE('',#2003);
#75=PLANE('',#2004);
#76=PLANE('',#2008);
#77=PLANE('',#2012);
#78=PLANE('',#2016);
#79=PLANE('',#2020);
#80=PLANE('',#2021);
#81=PLANE('',#2022);
#82=FACE_OUTER_BOUND('',#177,.T.);
#83=FACE_OUTER_BOUND('',#178,.T.);
#84=FACE_OUTER_BOUND('',#179,.T.);
#85=FACE_OUTER_BOUND('',#181,.T.);
#86=FACE_OUTER_BOUND('',#182,.T.);
#87=FACE_OUTER_BOUND('',#183,.T.);
#88=FACE_OUTER_BOUND('',#184,.T.);
#89=FACE_OUTER_BOUND('',#186,.T.);
#90=FACE_OUTER_BOUND('',#187,.T.);
#91=FACE_OUTER_BOUND('',#188,.T.);
#92=FACE_OUTER_BOUND('',#189,.T.);
#93=FACE_OUTER_BOUND('',#190,.T.);
#94=FACE_OUTER_BOUND('',#191,.T.);
#95=FACE_OUTER_BOUND('',#192,.T.);
#96=FACE_OUTER_BOUND('',#193,.T.);
#97=FACE_OUTER_BOUND('',#194,.T.);
#98=FACE_OUTER_BOUND('',#195,.T.);
#99=FACE_OUTER_BOUND('',#196,.T.);
#100=FACE_OUTER_BOUND('',#197,.T.);
#101=FACE_OUTER_BOUND('',#198,.T.);
#102=FACE_OUTER_BOUND('',#199,.T.);
#103=FACE_OUTER_BOUND('',#200,.T.);
#104=FACE_OUTER_BOUND('',#201,.T.);
#105=FACE_OUTER_BOUND('',#202,.T.);
#106=FACE_OUTER_BOUND('',#203,.T.);
#107=FACE_OUTER_BOUND('',#204,.T.);
#108=FACE_OUTER_BOUND('',#205,.T.);
#109=FACE_OUTER_BOUND('',#207,.T.);
#110=FACE_OUTER_BOUND('',#208,.T.);
#111=FACE_OUTER_BOUND('',#209,.T.);
#112=FACE_OUTER_BOUND('',#210,.T.);
#113=FACE_OUTER_BOUND('',#211,.T.);
#114=FACE_OUTER_BOUND('',#212,.T.);
#115=FACE_OUTER_BOUND('',#213,.T.);
#116=FACE_OUTER_BOUND('',#214,.T.);
#117=FACE_OUTER_BOUND('',#215,.T.);
#118=FACE_OUTER_BOUND('',#216,.T.);
#119=FACE_OUTER_BOUND('',#217,.T.);
#120=FACE_OUTER_BOUND('',#218,.T.);
#121=FACE_OUTER_BOUND('',#219,.T.);
#122=FACE_OUTER_BOUND('',#220,.T.);
#123=FACE_OUTER_BOUND('',#221,.T.);
#124=FACE_OUTER_BOUND('',#222,.T.);
#125=FACE_OUTER_BOUND('',#223,.T.);
#126=FACE_OUTER_BOUND('',#224,.T.);
#127=FACE_OUTER_BOUND('',#225,.T.);
#128=FACE_OUTER_BOUND('',#226,.T.);
#129=FACE_OUTER_BOUND('',#227,.T.);
#130=FACE_OUTER_BOUND('',#228,.T.);
#131=FACE_OUTER_BOUND('',#229,.T.);
#132=FACE_OUTER_BOUND('',#230,.T.);
#133=FACE_OUTER_BOUND('',#232,.T.);
#134=FACE_OUTER_BOUND('',#233,.T.);
#135=FACE_OUTER_BOUND('',#234,.T.);
#136=FACE_OUTER_BOUND('',#235,.T.);
#137=FACE_OUTER_BOUND('',#236,.T.);
#138=FACE_OUTER_BOUND('',#237,.T.);
#139=FACE_OUTER_BOUND('',#238,.T.);
#140=FACE_OUTER_BOUND('',#240,.T.);
#141=FACE_OUTER_BOUND('',#241,.T.);
#142=FACE_OUTER_BOUND('',#242,.T.);
#143=FACE_OUTER_BOUND('',#243,.T.);
#144=FACE_OUTER_BOUND('',#244,.T.);
#145=FACE_OUTER_BOUND('',#245,.T.);
#146=FACE_OUTER_BOUND('',#249,.T.);
#147=FACE_OUTER_BOUND('',#250,.T.);
#148=FACE_OUTER_BOUND('',#251,.T.);
#149=FACE_OUTER_BOUND('',#252,.T.);
#150=FACE_OUTER_BOUND('',#253,.T.);
#151=FACE_OUTER_BOUND('',#254,.T.);
#152=FACE_OUTER_BOUND('',#255,.T.);
#153=FACE_OUTER_BOUND('',#256,.T.);
#154=FACE_OUTER_BOUND('',#257,.T.);
#155=FACE_OUTER_BOUND('',#258,.T.);
#156=FACE_OUTER_BOUND('',#259,.T.);
#157=FACE_OUTER_BOUND('',#260,.T.);
#158=FACE_OUTER_BOUND('',#261,.T.);
#159=FACE_OUTER_BOUND('',#262,.T.);
#160=FACE_OUTER_BOUND('',#263,.T.);
#161=FACE_OUTER_BOUND('',#264,.T.);
#162=FACE_OUTER_BOUND('',#265,.T.);
#163=FACE_OUTER_BOUND('',#266,.T.);
#164=FACE_OUTER_BOUND('',#267,.T.);
#165=FACE_OUTER_BOUND('',#268,.T.);
#166=FACE_OUTER_BOUND('',#269,.T.);
#167=FACE_OUTER_BOUND('',#270,.T.);
#168=FACE_OUTER_BOUND('',#271,.T.);
#169=FACE_OUTER_BOUND('',#272,.T.);
#170=FACE_OUTER_BOUND('',#273,.T.);
#171=FACE_OUTER_BOUND('',#274,.T.);
#172=FACE_OUTER_BOUND('',#275,.T.);
#173=FACE_OUTER_BOUND('',#276,.T.);
#174=FACE_OUTER_BOUND('',#277,.T.);
#175=FACE_OUTER_BOUND('',#278,.T.);
#176=FACE_OUTER_BOUND('',#280,.T.);
#177=EDGE_LOOP('',(#1095,#1096,#1097,#1098));
#178=EDGE_LOOP('',(#1099,#1100,#1101,#1102));
#179=EDGE_LOOP('',(#1103,#1104,#1105,#1106,#1107,#1108));
#180=EDGE_LOOP('',(#1109));
#181=EDGE_LOOP('',(#1110,#1111,#1112,#1113));
#182=EDGE_LOOP('',(#1114,#1115,#1116,#1117));
#183=EDGE_LOOP('',(#1118,#1119,#1120,#1121));
#184=EDGE_LOOP('',(#1122,#1123,#1124,#1125,#1126,#1127));
#185=EDGE_LOOP('',(#1128));
#186=EDGE_LOOP('',(#1129,#1130,#1131,#1132));
#187=EDGE_LOOP('',(#1133,#1134,#1135,#1136));
#188=EDGE_LOOP('',(#1137,#1138,#1139,#1140));
#189=EDGE_LOOP('',(#1141,#1142,#1143,#1144));
#190=EDGE_LOOP('',(#1145,#1146,#1147,#1148));
#191=EDGE_LOOP('',(#1149,#1150,#1151,#1152));
#192=EDGE_LOOP('',(#1153,#1154,#1155,#1156));
#193=EDGE_LOOP('',(#1157,#1158,#1159,#1160));
#194=EDGE_LOOP('',(#1161,#1162,#1163,#1164));
#195=EDGE_LOOP('',(#1165,#1166,#1167,#1168));
#196=EDGE_LOOP('',(#1169,#1170,#1171,#1172));
#197=EDGE_LOOP('',(#1173,#1174,#1175,#1176));
#198=EDGE_LOOP('',(#1177,#1178,#1179,#1180));
#199=EDGE_LOOP('',(#1181,#1182,#1183,#1184));
#200=EDGE_LOOP('',(#1185,#1186,#1187,#1188));
#201=EDGE_LOOP('',(#1189,#1190,#1191,#1192));
#202=EDGE_LOOP('',(#1193,#1194,#1195,#1196));
#203=EDGE_LOOP('',(#1197,#1198,#1199,#1200));
#204=EDGE_LOOP('',(#1201,#1202,#1203,#1204));
#205=EDGE_LOOP('',(#1205,#1206,#1207,#1208,#1209,#1210,#1211,#1212));
#206=EDGE_LOOP('',(#1213,#1214,#1215,#1216,#1217,#1218,#1219,#1220,#1221,
#1222,#1223,#1224));
#207=EDGE_LOOP('',(#1225,#1226,#1227,#1228));
#208=EDGE_LOOP('',(#1229,#1230,#1231,#1232));
#209=EDGE_LOOP('',(#1233,#1234,#1235,#1236));
#210=EDGE_LOOP('',(#1237,#1238,#1239,#1240));
#211=EDGE_LOOP('',(#1241,#1242,#1243,#1244));
#212=EDGE_LOOP('',(#1245,#1246,#1247,#1248));
#213=EDGE_LOOP('',(#1249,#1250,#1251,#1252,#1253,#1254,#1255,#1256,#1257,
#1258,#1259,#1260));
#214=EDGE_LOOP('',(#1261,#1262,#1263,#1264));
#215=EDGE_LOOP('',(#1265,#1266,#1267,#1268));
#216=EDGE_LOOP('',(#1269,#1270,#1271,#1272));
#217=EDGE_LOOP('',(#1273,#1274,#1275,#1276));
#218=EDGE_LOOP('',(#1277,#1278,#1279,#1280));
#219=EDGE_LOOP('',(#1281,#1282,#1283,#1284));
#220=EDGE_LOOP('',(#1285,#1286,#1287,#1288));
#221=EDGE_LOOP('',(#1289,#1290,#1291,#1292));
#222=EDGE_LOOP('',(#1293,#1294,#1295,#1296));
#223=EDGE_LOOP('',(#1297,#1298,#1299,#1300));
#224=EDGE_LOOP('',(#1301,#1302,#1303,#1304));
#225=EDGE_LOOP('',(#1305,#1306,#1307,#1308));
#226=EDGE_LOOP('',(#1309,#1310,#1311,#1312));
#227=EDGE_LOOP('',(#1313,#1314,#1315,#1316));
#228=EDGE_LOOP('',(#1317,#1318,#1319,#1320));
#229=EDGE_LOOP('',(#1321,#1322,#1323,#1324));
#230=EDGE_LOOP('',(#1325,#1326,#1327,#1328,#1329,#1330));
#231=EDGE_LOOP('',(#1331));
#232=EDGE_LOOP('',(#1332,#1333,#1334,#1335));
#233=EDGE_LOOP('',(#1336,#1337,#1338,#1339));
#234=EDGE_LOOP('',(#1340,#1341,#1342,#1343));
#235=EDGE_LOOP('',(#1344,#1345,#1346,#1347));
#236=EDGE_LOOP('',(#1348,#1349,#1350,#1351));
#237=EDGE_LOOP('',(#1352,#1353,#1354,#1355));
#238=EDGE_LOOP('',(#1356,#1357,#1358,#1359,#1360,#1361));
#239=EDGE_LOOP('',(#1362));
#240=EDGE_LOOP('',(#1363,#1364,#1365,#1366));
#241=EDGE_LOOP('',(#1367,#1368,#1369,#1370,#1371,#1372));
#242=EDGE_LOOP('',(#1373,#1374,#1375,#1376,#1377,#1378));
#243=EDGE_LOOP('',(#1379,#1380,#1381,#1382));
#244=EDGE_LOOP('',(#1383,#1384,#1385,#1386,#1387,#1388));
#245=EDGE_LOOP('',(#1389,#1390,#1391,#1392,#1393,#1394,#1395,#1396,#1397,
#1398,#1399,#1400));
#246=EDGE_LOOP('',(#1401));
#247=EDGE_LOOP('',(#1402));
#248=EDGE_LOOP('',(#1403,#1404,#1405,#1406,#1407,#1408,#1409,#1410,#1411,
#1412,#1413,#1414));
#249=EDGE_LOOP('',(#1415,#1416,#1417,#1418));
#250=EDGE_LOOP('',(#1419,#1420,#1421,#1422,#1423,#1424));
#251=EDGE_LOOP('',(#1425,#1426,#1427,#1428));
#252=EDGE_LOOP('',(#1429,#1430,#1431,#1432));
#253=EDGE_LOOP('',(#1433,#1434,#1435,#1436));
#254=EDGE_LOOP('',(#1437,#1438,#1439,#1440));
#255=EDGE_LOOP('',(#1441,#1442,#1443,#1444));
#256=EDGE_LOOP('',(#1445,#1446,#1447,#1448));
#257=EDGE_LOOP('',(#1449,#1450,#1451,#1452));
#258=EDGE_LOOP('',(#1453,#1454,#1455,#1456));
#259=EDGE_LOOP('',(#1457,#1458,#1459,#1460));
#260=EDGE_LOOP('',(#1461,#1462,#1463,#1464,#1465,#1466,#1467,#1468));
#261=EDGE_LOOP('',(#1469,#1470,#1471,#1472));
#262=EDGE_LOOP('',(#1473,#1474,#1475,#1476));
#263=EDGE_LOOP('',(#1477,#1478,#1479,#1480));
#264=EDGE_LOOP('',(#1481,#1482,#1483,#1484));
#265=EDGE_LOOP('',(#1485,#1486,#1487,#1488));
#266=EDGE_LOOP('',(#1489,#1490,#1491,#1492));
#267=EDGE_LOOP('',(#1493,#1494,#1495,#1496));
#268=EDGE_LOOP('',(#1497,#1498,#1499,#1500));
#269=EDGE_LOOP('',(#1501,#1502,#1503,#1504,#1505,#1506,#1507,#1508));
#270=EDGE_LOOP('',(#1509,#1510,#1511,#1512));
#271=EDGE_LOOP('',(#1513,#1514,#1515,#1516));
#272=EDGE_LOOP('',(#1517,#1518,#1519,#1520));
#273=EDGE_LOOP('',(#1521,#1522,#1523,#1524));
#274=EDGE_LOOP('',(#1525,#1526,#1527,#1528));
#275=EDGE_LOOP('',(#1529,#1530,#1531,#1532));
#276=EDGE_LOOP('',(#1533,#1534,#1535,#1536));
#277=EDGE_LOOP('',(#1537,#1538,#1539,#1540));
#278=EDGE_LOOP('',(#1541,#1542,#1543,#1544,#1545,#1546,#1547,#1548));
#279=EDGE_LOOP('',(#1549,#1550,#1551,#1552));
#280=EDGE_LOOP('',(#1553,#1554,#1555,#1556,#1557,#1558,#1559,#1560,#1561,
#1562,#1563,#1564));
#281=EDGE_LOOP('',(#1565,#1566,#1567,#1568,#1569,#1570,#1571,#1572));
#282=EDGE_LOOP('',(#1573,#1574,#1575,#1576,#1577,#1578,#1579,#1580));
#283=EDGE_LOOP('',(#1581,#1582,#1583,#1584,#1585,#1586,#1587,#1588));
#284=LINE('',#2557,#441);
#285=LINE('',#2562,#442);
#286=LINE('',#2564,#443);
#287=LINE('',#2566,#444);
#288=LINE('',#2567,#445);
#289=LINE('',#2570,#446);
#290=LINE('',#2572,#447);
#291=LINE('',#2574,#448);
#292=LINE('',#2576,#449);
#293=LINE('',#2577,#450);
#294=LINE('',#2580,#451);
#295=LINE('',#2581,#452);
#296=LINE('',#2584,#453);
#297=LINE('',#2585,#454);
#298=LINE('',#2588,#455);
#299=LINE('',#2589,#456);
#300=LINE('',#2592,#457);
#301=LINE('',#2593,#458);
#302=LINE('',#2595,#459);
#303=LINE('',#2601,#460);
#304=LINE('',#2604,#461);
#305=LINE('',#2615,#462);
#306=LINE('',#2616,#463);
#307=LINE('',#2627,#464);
#308=LINE('',#2628,#465);
#309=LINE('',#2639,#466);
#310=LINE('',#2640,#467);
#311=LINE('',#2651,#468);
#312=LINE('',#2652,#469);
#313=LINE('',#2663,#470);
#314=LINE('',#2664,#471);
#315=LINE('',#2670,#472);
#316=LINE('',#2673,#473);
#317=LINE('',#2676,#474);
#318=LINE('',#2677,#475);
#319=LINE('',#2680,#476);
#320=LINE('',#2684,#477);
#321=LINE('',#2685,#478);
#322=LINE('',#2688,#479);
#323=LINE('',#2692,#480);
#324=LINE('',#2693,#481);
#325=LINE('',#2699,#482);
#326=LINE('',#2703,#483);
#327=LINE('',#2707,#484);
#328=LINE('',#2710,#485);
#329=LINE('',#2713,#486);
#330=LINE('',#2716,#487);
#331=LINE('',#2718,#488);
#332=LINE('',#2721,#489);
#333=LINE('',#2725,#490);
#334=LINE('',#2726,#491);
#335=LINE('',#2729,#492);
#336=LINE('',#2732,#493);
#337=LINE('',#2739,#494);
#338=LINE('',#2742,#495);
#339=LINE('',#2745,#496);
#340=LINE('',#2747,#497);
#341=LINE('',#2748,#498);
#342=LINE('',#2754,#499);
#343=LINE('',#2757,#500);
#344=LINE('',#2759,#501);
#345=LINE('',#2760,#502);
#346=LINE('',#2766,#503);
#347=LINE('',#2769,#504);
#348=LINE('',#2771,#505);
#349=LINE('',#2772,#506);
#350=LINE('',#2778,#507);
#351=LINE('',#2781,#508);
#352=LINE('',#2783,#509);
#353=LINE('',#2784,#510);
#354=LINE('',#2790,#511);
#355=LINE('',#2793,#512);
#356=LINE('',#2795,#513);
#357=LINE('',#2796,#514);
#358=LINE('',#2802,#515);
#359=LINE('',#2804,#516);
#360=LINE('',#2805,#517);
#361=LINE('',#2810,#518);
#362=LINE('',#2814,#519);
#363=LINE('',#2820,#520);
#364=LINE('',#2824,#521);
#365=LINE('',#2831,#522);
#366=LINE('',#2835,#523);
#367=LINE('',#2838,#524);
#368=LINE('',#2842,#525);
#369=LINE('',#2844,#526);
#370=LINE('',#2846,#527);
#371=LINE('',#2847,#528);
#372=LINE('',#2853,#529);
#373=LINE('',#2856,#530);
#374=LINE('',#2858,#531);
#375=LINE('',#2859,#532);
#376=LINE('',#2863,#533);
#377=LINE('',#2864,#534);
#378=LINE('',#2865,#535);
#379=LINE('',#2869,#536);
#380=LINE('',#2872,#537);
#381=LINE('',#2873,#538);
#382=LINE('',#2879,#539);
#383=LINE('',#2881,#540);
#384=LINE('',#2882,#541);
#385=LINE('',#2885,#542);
#386=LINE('',#2890,#543);
#387=LINE('',#2893,#544);
#388=LINE('',#2894,#545);
#389=LINE('',#2896,#546);
#390=LINE('',#2900,#547);
#391=LINE('',#2903,#548);
#392=LINE('',#2905,#549);
#393=LINE('',#2912,#550);
#394=LINE('',#2915,#551);
#395=LINE('',#2918,#552);
#396=LINE('',#2920,#553);
#397=LINE('',#2921,#554);
#398=LINE('',#2927,#555);
#399=LINE('',#2930,#556);
#400=LINE('',#2932,#557);
#401=LINE('',#2933,#558);
#402=LINE('',#2939,#559);
#403=LINE('',#2942,#560);
#404=LINE('',#2944,#561);
#405=LINE('',#2945,#562);
#406=LINE('',#2951,#563);
#407=LINE('',#2953,#564);
#408=LINE('',#2954,#565);
#409=LINE('',#2961,#566);
#410=LINE('',#2964,#567);
#411=LINE('',#2967,#568);
#412=LINE('',#2969,#569);
#413=LINE('',#2970,#570);
#414=LINE('',#2976,#571);
#415=LINE('',#2979,#572);
#416=LINE('',#2981,#573);
#417=LINE('',#2982,#574);
#418=LINE('',#2988,#575);
#419=LINE('',#2991,#576);
#420=LINE('',#2993,#577);
#421=LINE('',#2994,#578);
#422=LINE('',#3000,#579);
#423=LINE('',#3002,#580);
#424=LINE('',#3003,#581);
#425=LINE('',#3010,#582);
#426=LINE('',#3013,#583);
#427=LINE('',#3016,#584);
#428=LINE('',#3018,#585);
#429=LINE('',#3019,#586);
#430=LINE('',#3025,#587);
#431=LINE('',#3028,#588);
#432=LINE('',#3030,#589);
#433=LINE('',#3031,#590);
#434=LINE('',#3037,#591);
#435=LINE('',#3040,#592);
#436=LINE('',#3042,#593);
#437=LINE('',#3043,#594);
#438=LINE('',#3049,#595);
#439=LINE('',#3051,#596);
#440=LINE('',#3052,#597);
#441=VECTOR('',#2029,2.05);
#442=VECTOR('',#2034,10.);
#443=VECTOR('',#2035,10.);
#444=VECTOR('',#2036,10.);
#445=VECTOR('',#2037,10.);
#446=VECTOR('',#2040,10.);
#447=VECTOR('',#2041,10.);
#448=VECTOR('',#2042,10.);
#449=VECTOR('',#2043,10.);
#450=VECTOR('',#2044,10.);
#451=VECTOR('',#2047,10.);
#452=VECTOR('',#2048,10.);
#453=VECTOR('',#2051,10.);
#454=VECTOR('',#2052,10.);
#455=VECTOR('',#2055,10.);
#456=VECTOR('',#2056,10.);
#457=VECTOR('',#2059,10.);
#458=VECTOR('',#2060,10.);
#459=VECTOR('',#2063,10.);
#460=VECTOR('',#2068,10.);
#461=VECTOR('',#2071,10.);
#462=VECTOR('',#2084,10.);
#463=VECTOR('',#2085,10.);
#464=VECTOR('',#2098,10.);
#465=VECTOR('',#2099,10.);
#466=VECTOR('',#2112,10.);
#467=VECTOR('',#2113,10.);
#468=VECTOR('',#2126,10.);
#469=VECTOR('',#2127,10.);
#470=VECTOR('',#2140,10.);
#471=VECTOR('',#2141,10.);
#472=VECTOR('',#2150,10.);
#473=VECTOR('',#2153,10.);
#474=VECTOR('',#2156,10.);
#475=VECTOR('',#2157,10.);
#476=VECTOR('',#2160,10.);
#477=VECTOR('',#2165,10.);
#478=VECTOR('',#2166,10.);
#479=VECTOR('',#2169,10.);
#480=VECTOR('',#2174,10.);
#481=VECTOR('',#2175,10.);
#482=VECTOR('',#2180,10.);
#483=VECTOR('',#2183,10.);
#484=VECTOR('',#2186,10.);
#485=VECTOR('',#2189,10.);
#486=VECTOR('',#2192,10.);
#487=VECTOR('',#2195,10.);
#488=VECTOR('',#2198,10.);
#489=VECTOR('',#2201,10.);
#490=VECTOR('',#2206,10.);
#491=VECTOR('',#2207,10.);
#492=VECTOR('',#2210,10.);
#493=VECTOR('',#2215,10.);
#494=VECTOR('',#2222,10.);
#495=VECTOR('',#2225,10.);
#496=VECTOR('',#2228,10.);
#497=VECTOR('',#2229,10.);
#498=VECTOR('',#2230,10.);
#499=VECTOR('',#2235,10.);
#500=VECTOR('',#2238,10.);
#501=VECTOR('',#2241,10.);
#502=VECTOR('',#2242,10.);
#503=VECTOR('',#2247,10.);
#504=VECTOR('',#2250,10.);
#505=VECTOR('',#2253,10.);
#506=VECTOR('',#2254,10.);
#507=VECTOR('',#2259,10.);
#508=VECTOR('',#2262,10.);
#509=VECTOR('',#2265,10.);
#510=VECTOR('',#2266,10.);
#511=VECTOR('',#2273,10.);
#512=VECTOR('',#2276,10.);
#513=VECTOR('',#2277,10.);
#514=VECTOR('',#2278,10.);
#515=VECTOR('',#2285,10.);
#516=VECTOR('',#2288,10.);
#517=VECTOR('',#2289,10.);
#518=VECTOR('',#2294,2.5);
#519=VECTOR('',#2299,2.);
#520=VECTOR('',#2306,2.5);
#521=VECTOR('',#2311,2.);
#522=VECTOR('',#2318,10.);
#523=VECTOR('',#2321,10.);
#524=VECTOR('',#2324,10.);
#525=VECTOR('',#2327,10.);
#526=VECTOR('',#2328,10.);
#527=VECTOR('',#2329,10.);
#528=VECTOR('',#2330,10.);
#529=VECTOR('',#2337,10.);
#530=VECTOR('',#2340,10.);
#531=VECTOR('',#2341,10.);
#532=VECTOR('',#2342,10.);
#533=VECTOR('',#2345,10.);
#534=VECTOR('',#2346,10.);
#535=VECTOR('',#2347,10.);
#536=VECTOR('',#2352,10.);
#537=VECTOR('',#2355,10.);
#538=VECTOR('',#2356,10.);
#539=VECTOR('',#2363,10.);
#540=VECTOR('',#2366,10.);
#541=VECTOR('',#2367,10.);
#542=VECTOR('',#2370,10.);
#543=VECTOR('',#2377,10.);
#544=VECTOR('',#2380,10.);
#545=VECTOR('',#2381,10.);
#546=VECTOR('',#2384,10.);
#547=VECTOR('',#2389,10.);
#548=VECTOR('',#2394,10.);
#549=VECTOR('',#2397,10.);
#550=VECTOR('',#2404,10.);
#551=VECTOR('',#2407,10.);
#552=VECTOR('',#2410,10.);
#553=VECTOR('',#2411,10.);
#554=VECTOR('',#2412,10.);
#555=VECTOR('',#2419,10.);
#556=VECTOR('',#2422,10.);
#557=VECTOR('',#2423,10.);
#558=VECTOR('',#2424,10.);
#559=VECTOR('',#2431,10.);
#560=VECTOR('',#2434,10.);
#561=VECTOR('',#2435,10.);
#562=VECTOR('',#2436,10.);
#563=VECTOR('',#2443,10.);
#564=VECTOR('',#2446,10.);
#565=VECTOR('',#2447,10.);
#566=VECTOR('',#2454,10.);
#567=VECTOR('',#2457,10.);
#568=VECTOR('',#2460,10.);
#569=VECTOR('',#2461,10.);
#570=VECTOR('',#2462,10.);
#571=VECTOR('',#2469,10.);
#572=VECTOR('',#2472,10.);
#573=VECTOR('',#2473,10.);
#574=VECTOR('',#2474,10.);
#575=VECTOR('',#2481,10.);
#576=VECTOR('',#2484,10.);
#577=VECTOR('',#2485,10.);
#578=VECTOR('',#2486,10.);
#579=VECTOR('',#2493,10.);
#580=VECTOR('',#2496,10.);
#581=VECTOR('',#2497,10.);
#582=VECTOR('',#2504,10.);
#583=VECTOR('',#2507,10.);
#584=VECTOR('',#2510,10.);
#585=VECTOR('',#2511,10.);
#586=VECTOR('',#2512,10.);
#587=VECTOR('',#2519,10.);
#588=VECTOR('',#2522,10.);
#589=VECTOR('',#2523,10.);
#590=VECTOR('',#2524,10.);
#591=VECTOR('',#2531,10.);
#592=VECTOR('',#2534,10.);
#593=VECTOR('',#2535,10.);
#594=VECTOR('',#2536,10.);
#595=VECTOR('',#2543,10.);
#596=VECTOR('',#2546,10.);
#597=VECTOR('',#2547,10.);
#598=CIRCLE('',#1839,2.05);
#599=CIRCLE('',#1840,2.05);
#600=CIRCLE('',#1849,0.5);
#601=CIRCLE('',#1850,0.5);
#602=CIRCLE('',#1852,0.5);
#603=CIRCLE('',#1853,2.50000000003327);
#604=CIRCLE('',#1854,2.00000000003327);
#605=CIRCLE('',#1856,0.500000000000002);
#606=CIRCLE('',#1858,0.500000000033274);
#607=CIRCLE('',#1859,2.50000000003327);
#608=CIRCLE('',#1860,2.00000000003327);
#609=CIRCLE('',#1862,0.5);
#610=CIRCLE('',#1864,0.500000000033273);
#611=CIRCLE('',#1865,2.50000000003327);
#612=CIRCLE('',#1866,2.00000000003327);
#613=CIRCLE('',#1868,0.5);
#614=CIRCLE('',#1870,0.500000000033274);
#615=CIRCLE('',#1871,2.50000000003327);
#616=CIRCLE('',#1872,2.00000000003327);
#617=CIRCLE('',#1874,0.5);
#618=CIRCLE('',#1876,0.499999999999997);
#619=CIRCLE('',#1877,2.50000000003327);
#620=CIRCLE('',#1878,2.00000000003327);
#621=CIRCLE('',#1880,0.499999999999999);
#622=CIRCLE('',#1882,2.50000000003327);
#623=CIRCLE('',#1883,2.00000000003327);
#624=CIRCLE('',#1885,2.00000000003327);
#625=CIRCLE('',#1888,2.00000000003327);
#626=CIRCLE('',#1891,2.00000000003327);
#627=CIRCLE('',#1894,3.);
#628=CIRCLE('',#1895,3.);
#629=CIRCLE('',#1896,3.);
#630=CIRCLE('',#1897,3.);
#631=CIRCLE('',#1899,2.00000000003327);
#632=CIRCLE('',#1902,2.00000000003327);
#633=CIRCLE('',#1905,2.00000000003327);
#634=CIRCLE('',#1909,3.);
#635=CIRCLE('',#1910,3.);
#636=CIRCLE('',#1913,3.);
#637=CIRCLE('',#1914,3.);
#638=CIRCLE('',#1917,3.);
#639=CIRCLE('',#1918,3.);
#640=CIRCLE('',#1921,3.);
#641=CIRCLE('',#1922,3.);
#642=CIRCLE('',#1925,3.);
#643=CIRCLE('',#1926,3.);
#644=CIRCLE('',#1929,3.);
#645=CIRCLE('',#1930,3.);
#646=CIRCLE('',#1933,3.);
#647=CIRCLE('',#1934,2.);
#648=CIRCLE('',#1936,2.);
#649=CIRCLE('',#1938,3.);
#650=CIRCLE('',#1939,2.);
#651=CIRCLE('',#1941,2.);
#652=CIRCLE('',#1943,3.);
#653=CIRCLE('',#1944,3.);
#654=CIRCLE('',#1945,6.);
#655=CIRCLE('',#1948,6.);
#656=CIRCLE('',#1949,6.);
#657=CIRCLE('',#1953,6.);
#658=CIRCLE('',#1956,3.);
#659=CIRCLE('',#1957,3.);
#660=CIRCLE('',#1960,3.);
#661=CIRCLE('',#1962,3.);
#662=CIRCLE('',#1965,3.);
#663=CIRCLE('',#1967,3.);
#664=CIRCLE('',#1972,1.);
#665=CIRCLE('',#1973,1.);
#666=CIRCLE('',#1976,1.);
#667=CIRCLE('',#1977,1.);
#668=CIRCLE('',#1980,1.);
#669=CIRCLE('',#1981,1.);
#670=CIRCLE('',#1984,1.);
#671=CIRCLE('',#1985,1.);
#672=CIRCLE('',#1989,1.);
#673=CIRCLE('',#1990,1.);
#674=CIRCLE('',#1993,1.);
#675=CIRCLE('',#1994,1.);
#676=CIRCLE('',#1997,1.);
#677=CIRCLE('',#1998,1.);
#678=CIRCLE('',#2001,1.);
#679=CIRCLE('',#2002,1.);
#680=CIRCLE('',#2006,1.);
#681=CIRCLE('',#2007,1.);
#682=CIRCLE('',#2010,1.);
#683=CIRCLE('',#2011,1.);
#684=CIRCLE('',#2014,1.);
#685=CIRCLE('',#2015,1.);
#686=CIRCLE('',#2018,1.);
#687=CIRCLE('',#2019,1.);
#688=VERTEX_POINT('',#2554);
#689=VERTEX_POINT('',#2556);
#690=VERTEX_POINT('',#2560);
#691=VERTEX_POINT('',#2561);
#692=VERTEX_POINT('',#2563);
#693=VERTEX_POINT('',#2565);
#694=VERTEX_POINT('',#2569);
#695=VERTEX_POINT('',#2571);
#696=VERTEX_POINT('',#2573);
#697=VERTEX_POINT('',#2575);
#698=VERTEX_POINT('',#2579);
#699=VERTEX_POINT('',#2583);
#700=VERTEX_POINT('',#2587);
#701=VERTEX_POINT('',#2591);
#702=VERTEX_POINT('',#2597);
#703=VERTEX_POINT('',#2598);
#704=VERTEX_POINT('',#2600);
#705=VERTEX_POINT('',#2602);
#706=VERTEX_POINT('',#2606);
#707=VERTEX_POINT('',#2607);
#708=VERTEX_POINT('',#2612);
#709=VERTEX_POINT('',#2613);
#710=VERTEX_POINT('',#2618);
#711=VERTEX_POINT('',#2619);
#712=VERTEX_POINT('',#2624);
#713=VERTEX_POINT('',#2625);
#714=VERTEX_POINT('',#2630);
#715=VERTEX_POINT('',#2631);
#716=VERTEX_POINT('',#2636);
#717=VERTEX_POINT('',#2637);
#718=VERTEX_POINT('',#2642);
#719=VERTEX_POINT('',#2643);
#720=VERTEX_POINT('',#2648);
#721=VERTEX_POINT('',#2649);
#722=VERTEX_POINT('',#2654);
#723=VERTEX_POINT('',#2655);
#724=VERTEX_POINT('',#2660);
#725=VERTEX_POINT('',#2661);
#726=VERTEX_POINT('',#2669);
#727=VERTEX_POINT('',#2671);
#728=VERTEX_POINT('',#2675);
#729=VERTEX_POINT('',#2679);
#730=VERTEX_POINT('',#2683);
#731=VERTEX_POINT('',#2687);
#732=VERTEX_POINT('',#2691);
#733=VERTEX_POINT('',#2695);
#734=VERTEX_POINT('',#2696);
#735=VERTEX_POINT('',#2698);
#736=VERTEX_POINT('',#2700);
#737=VERTEX_POINT('',#2702);
#738=VERTEX_POINT('',#2704);
#739=VERTEX_POINT('',#2706);
#740=VERTEX_POINT('',#2708);
#741=VERTEX_POINT('',#2712);
#742=VERTEX_POINT('',#2714);
#743=VERTEX_POINT('',#2720);
#744=VERTEX_POINT('',#2724);
#745=VERTEX_POINT('',#2728);
#746=VERTEX_POINT('',#2735);
#747=VERTEX_POINT('',#2736);
#748=VERTEX_POINT('',#2738);
#749=VERTEX_POINT('',#2740);
#750=VERTEX_POINT('',#2744);
#751=VERTEX_POINT('',#2746);
#752=VERTEX_POINT('',#2750);
#753=VERTEX_POINT('',#2751);
#754=VERTEX_POINT('',#2753);
#755=VERTEX_POINT('',#2755);
#756=VERTEX_POINT('',#2762);
#757=VERTEX_POINT('',#2763);
#758=VERTEX_POINT('',#2765);
#759=VERTEX_POINT('',#2767);
#760=VERTEX_POINT('',#2774);
#761=VERTEX_POINT('',#2775);
#762=VERTEX_POINT('',#2777);
#763=VERTEX_POINT('',#2779);
#764=VERTEX_POINT('',#2786);
#765=VERTEX_POINT('',#2788);
#766=VERTEX_POINT('',#2792);
#767=VERTEX_POINT('',#2794);
#768=VERTEX_POINT('',#2798);
#769=VERTEX_POINT('',#2800);
#770=VERTEX_POINT('',#2807);
#771=VERTEX_POINT('',#2809);
#772=VERTEX_POINT('',#2813);
#773=VERTEX_POINT('',#2817);
#774=VERTEX_POINT('',#2819);
#775=VERTEX_POINT('',#2823);
#776=VERTEX_POINT('',#2827);
#777=VERTEX_POINT('',#2828);
#778=VERTEX_POINT('',#2830);
#779=VERTEX_POINT('',#2832);
#780=VERTEX_POINT('',#2834);
#781=VERTEX_POINT('',#2836);
#782=VERTEX_POINT('',#2840);
#783=VERTEX_POINT('',#2841);
#784=VERTEX_POINT('',#2843);
#785=VERTEX_POINT('',#2845);
#786=VERTEX_POINT('',#2849);
#787=VERTEX_POINT('',#2851);
#788=VERTEX_POINT('',#2855);
#789=VERTEX_POINT('',#2857);
#790=VERTEX_POINT('',#2861);
#791=VERTEX_POINT('',#2862);
#792=VERTEX_POINT('',#2867);
#793=VERTEX_POINT('',#2871);
#794=VERTEX_POINT('',#2875);
#795=VERTEX_POINT('',#2877);
#796=VERTEX_POINT('',#2884);
#797=VERTEX_POINT('',#2888);
#798=VERTEX_POINT('',#2892);
#799=VERTEX_POINT('',#2899);
#800=VERTEX_POINT('',#2908);
#801=VERTEX_POINT('',#2909);
#802=VERTEX_POINT('',#2911);
#803=VERTEX_POINT('',#2913);
#804=VERTEX_POINT('',#2917);
#805=VERTEX_POINT('',#2919);
#806=VERTEX_POINT('',#2923);
#807=VERTEX_POINT('',#2925);
#808=VERTEX_POINT('',#2929);
#809=VERTEX_POINT('',#2931);
#810=VERTEX_POINT('',#2935);
#811=VERTEX_POINT('',#2937);
#812=VERTEX_POINT('',#2941);
#813=VERTEX_POINT('',#2943);
#814=VERTEX_POINT('',#2947);
#815=VERTEX_POINT('',#2949);
#816=VERTEX_POINT('',#2957);
#817=VERTEX_POINT('',#2958);
#818=VERTEX_POINT('',#2960);
#819=VERTEX_POINT('',#2962);
#820=VERTEX_POINT('',#2966);
#821=VERTEX_POINT('',#2968);
#822=VERTEX_POINT('',#2972);
#823=VERTEX_POINT('',#2974);
#824=VERTEX_POINT('',#2978);
#825=VERTEX_POINT('',#2980);
#826=VERTEX_POINT('',#2984);
#827=VERTEX_POINT('',#2986);
#828=VERTEX_POINT('',#2990);
#829=VERTEX_POINT('',#2992);
#830=VERTEX_POINT('',#2996);
#831=VERTEX_POINT('',#2998);
#832=VERTEX_POINT('',#3006);
#833=VERTEX_POINT('',#3007);
#834=VERTEX_POINT('',#3009);
#835=VERTEX_POINT('',#3011);
#836=VERTEX_POINT('',#3015);
#837=VERTEX_POINT('',#3017);
#838=VERTEX_POINT('',#3021);
#839=VERTEX_POINT('',#3023);
#840=VERTEX_POINT('',#3027);
#841=VERTEX_POINT('',#3029);
#842=VERTEX_POINT('',#3033);
#843=VERTEX_POINT('',#3035);
#844=VERTEX_POINT('',#3039);
#845=VERTEX_POINT('',#3041);
#846=VERTEX_POINT('',#3045);
#847=VERTEX_POINT('',#3047);
#848=EDGE_CURVE('',#688,#688,#598,.T.);
#849=EDGE_CURVE('',#688,#689,#284,.T.);
#850=EDGE_CURVE('',#689,#689,#599,.T.);
#851=EDGE_CURVE('',#690,#691,#285,.T.);
#852=EDGE_CURVE('',#691,#692,#286,.T.);
#853=EDGE_CURVE('',#692,#693,#287,.T.);
#854=EDGE_CURVE('',#693,#690,#288,.T.);
#855=EDGE_CURVE('',#694,#692,#289,.T.);
#856=EDGE_CURVE('',#695,#694,#290,.T.);
#857=EDGE_CURVE('',#696,#695,#291,.T.);
#858=EDGE_CURVE('',#697,#696,#292,.T.);
#859=EDGE_CURVE('',#697,#693,#293,.T.);
#860=EDGE_CURVE('',#691,#698,#294,.T.);
#861=EDGE_CURVE('',#694,#698,#295,.T.);
#862=EDGE_CURVE('',#698,#699,#296,.T.);
#863=EDGE_CURVE('',#699,#695,#297,.T.);
#864=EDGE_CURVE('',#700,#699,#298,.T.);
#865=EDGE_CURVE('',#696,#700,#299,.T.);
#866=EDGE_CURVE('',#701,#690,#300,.T.);
#867=EDGE_CURVE('',#700,#701,#301,.T.);
#868=EDGE_CURVE('',#701,#697,#302,.T.);
#869=EDGE_CURVE('',#702,#703,#600,.T.);
#870=EDGE_CURVE('',#703,#704,#303,.T.);
#871=EDGE_CURVE('',#704,#705,#601,.T.);
#872=EDGE_CURVE('',#705,#702,#304,.T.);
#873=EDGE_CURVE('',#706,#707,#602,.T.);
#874=EDGE_CURVE('',#707,#705,#603,.T.);
#875=EDGE_CURVE('',#704,#706,#604,.T.);
#876=EDGE_CURVE('',#708,#709,#605,.T.);
#877=EDGE_CURVE('',#709,#707,#305,.T.);
#878=EDGE_CURVE('',#706,#708,#306,.T.);
#879=EDGE_CURVE('',#710,#711,#606,.T.);
#880=EDGE_CURVE('',#711,#709,#607,.T.);
#881=EDGE_CURVE('',#708,#710,#608,.T.);
#882=EDGE_CURVE('',#712,#713,#609,.T.);
#883=EDGE_CURVE('',#713,#711,#307,.T.);
#884=EDGE_CURVE('',#710,#712,#308,.T.);
#885=EDGE_CURVE('',#714,#715,#610,.T.);
#886=EDGE_CURVE('',#715,#713,#611,.T.);
#887=EDGE_CURVE('',#712,#714,#612,.T.);
#888=EDGE_CURVE('',#716,#717,#613,.T.);
#889=EDGE_CURVE('',#717,#715,#309,.T.);
#890=EDGE_CURVE('',#714,#716,#310,.T.);
#891=EDGE_CURVE('',#718,#719,#614,.T.);
#892=EDGE_CURVE('',#719,#717,#615,.T.);
#893=EDGE_CURVE('',#716,#718,#616,.T.);
#894=EDGE_CURVE('',#720,#721,#617,.T.);
#895=EDGE_CURVE('',#721,#719,#311,.T.);
#896=EDGE_CURVE('',#718,#720,#312,.T.);
#897=EDGE_CURVE('',#722,#723,#618,.T.);
#898=EDGE_CURVE('',#723,#721,#619,.T.);
#899=EDGE_CURVE('',#720,#722,#620,.T.);
#900=EDGE_CURVE('',#724,#725,#621,.T.);
#901=EDGE_CURVE('',#725,#723,#313,.T.);
#902=EDGE_CURVE('',#722,#724,#314,.T.);
#903=EDGE_CURVE('',#702,#725,#622,.T.);
#904=EDGE_CURVE('',#724,#703,#623,.T.);
#905=EDGE_CURVE('',#712,#726,#315,.T.);
#906=EDGE_CURVE('',#726,#727,#624,.T.);
#907=EDGE_CURVE('',#714,#727,#316,.T.);
#908=EDGE_CURVE('',#710,#728,#317,.T.);
#909=EDGE_CURVE('',#728,#726,#318,.T.);
#910=EDGE_CURVE('',#708,#729,#319,.T.);
#911=EDGE_CURVE('',#729,#728,#625,.T.);
#912=EDGE_CURVE('',#706,#730,#320,.T.);
#913=EDGE_CURVE('',#730,#729,#321,.T.);
#914=EDGE_CURVE('',#704,#731,#322,.T.);
#915=EDGE_CURVE('',#731,#730,#626,.T.);
#916=EDGE_CURVE('',#703,#732,#323,.T.);
#917=EDGE_CURVE('',#732,#731,#324,.T.);
#918=EDGE_CURVE('',#733,#734,#627,.T.);
#919=EDGE_CURVE('',#733,#735,#325,.T.);
#920=EDGE_CURVE('',#736,#735,#628,.T.);
#921=EDGE_CURVE('',#736,#737,#326,.T.);
#922=EDGE_CURVE('',#738,#737,#629,.T.);
#923=EDGE_CURVE('',#738,#739,#327,.T.);
#924=EDGE_CURVE('',#740,#739,#630,.T.);
#925=EDGE_CURVE('',#740,#734,#328,.T.);
#926=EDGE_CURVE('',#716,#741,#329,.T.);
#927=EDGE_CURVE('',#741,#742,#631,.T.);
#928=EDGE_CURVE('',#718,#742,#330,.T.);
#929=EDGE_CURVE('',#727,#741,#331,.T.);
#930=EDGE_CURVE('',#724,#743,#332,.T.);
#931=EDGE_CURVE('',#743,#732,#632,.T.);
#932=EDGE_CURVE('',#722,#744,#333,.T.);
#933=EDGE_CURVE('',#744,#743,#334,.T.);
#934=EDGE_CURVE('',#720,#745,#335,.T.);
#935=EDGE_CURVE('',#745,#744,#633,.T.);
#936=EDGE_CURVE('',#742,#745,#336,.T.);
#937=EDGE_CURVE('',#746,#747,#634,.T.);
#938=EDGE_CURVE('',#747,#748,#337,.T.);
#939=EDGE_CURVE('',#748,#749,#635,.F.);
#940=EDGE_CURVE('',#749,#746,#338,.T.);
#941=EDGE_CURVE('',#749,#750,#339,.T.);
#942=EDGE_CURVE('',#751,#750,#340,.T.);
#943=EDGE_CURVE('',#746,#751,#341,.T.);
#944=EDGE_CURVE('',#752,#753,#636,.T.);
#945=EDGE_CURVE('',#753,#754,#342,.T.);
#946=EDGE_CURVE('',#754,#755,#637,.F.);
#947=EDGE_CURVE('',#755,#752,#343,.T.);
#948=EDGE_CURVE('',#747,#752,#344,.T.);
#949=EDGE_CURVE('',#755,#748,#345,.T.);
#950=EDGE_CURVE('',#756,#757,#638,.T.);
#951=EDGE_CURVE('',#757,#758,#346,.T.);
#952=EDGE_CURVE('',#758,#759,#639,.F.);
#953=EDGE_CURVE('',#759,#756,#347,.T.);
#954=EDGE_CURVE('',#756,#753,#348,.T.);
#955=EDGE_CURVE('',#759,#754,#349,.T.);
#956=EDGE_CURVE('',#760,#761,#640,.T.);
#957=EDGE_CURVE('',#761,#762,#350,.T.);
#958=EDGE_CURVE('',#762,#763,#641,.F.);
#959=EDGE_CURVE('',#763,#760,#351,.T.);
#960=EDGE_CURVE('',#760,#757,#352,.T.);
#961=EDGE_CURVE('',#763,#758,#353,.T.);
#962=EDGE_CURVE('',#764,#751,#642,.T.);
#963=EDGE_CURVE('',#750,#765,#643,.F.);
#964=EDGE_CURVE('',#765,#764,#354,.T.);
#965=EDGE_CURVE('',#765,#766,#355,.T.);
#966=EDGE_CURVE('',#767,#766,#356,.T.);
#967=EDGE_CURVE('',#767,#764,#357,.T.);
#968=EDGE_CURVE('',#768,#767,#644,.T.);
#969=EDGE_CURVE('',#766,#769,#645,.F.);
#970=EDGE_CURVE('',#769,#768,#358,.T.);
#971=EDGE_CURVE('',#768,#761,#359,.T.);
#972=EDGE_CURVE('',#769,#762,#360,.T.);
#973=EDGE_CURVE('',#770,#770,#646,.T.);
#974=EDGE_CURVE('',#770,#771,#361,.T.);
#975=EDGE_CURVE('',#771,#771,#647,.T.);
#976=EDGE_CURVE('',#771,#772,#362,.T.);
#977=EDGE_CURVE('',#772,#772,#648,.T.);
#978=EDGE_CURVE('',#773,#773,#649,.T.);
#979=EDGE_CURVE('',#773,#774,#363,.T.);
#980=EDGE_CURVE('',#774,#774,#650,.T.);
#981=EDGE_CURVE('',#774,#775,#364,.T.);
#982=EDGE_CURVE('',#775,#775,#651,.T.);
#983=EDGE_CURVE('',#776,#777,#652,.T.);
#984=EDGE_CURVE('',#778,#776,#365,.T.);
#985=EDGE_CURVE('',#779,#778,#653,.T.);
#986=EDGE_CURVE('',#779,#780,#366,.T.);
#987=EDGE_CURVE('',#780,#781,#654,.T.);
#988=EDGE_CURVE('',#781,#777,#367,.T.);
#989=EDGE_CURVE('',#782,#783,#368,.T.);
#990=EDGE_CURVE('',#782,#784,#369,.T.);
#991=EDGE_CURVE('',#785,#784,#370,.T.);
#992=EDGE_CURVE('',#783,#785,#371,.T.);
#993=EDGE_CURVE('',#783,#786,#655,.T.);
#994=EDGE_CURVE('',#787,#785,#656,.T.);
#995=EDGE_CURVE('',#786,#787,#372,.T.);
#996=EDGE_CURVE('',#786,#788,#373,.T.);
#997=EDGE_CURVE('',#789,#787,#374,.T.);
#998=EDGE_CURVE('',#788,#789,#375,.T.);
#999=EDGE_CURVE('',#790,#791,#376,.T.);
#1000=EDGE_CURVE('',#790,#777,#377,.T.);
#1001=EDGE_CURVE('',#791,#781,#378,.T.);
#1002=EDGE_CURVE('',#791,#792,#657,.T.);
#1003=EDGE_CURVE('',#792,#780,#379,.T.);
#1004=EDGE_CURVE('',#792,#793,#380,.T.);
#1005=EDGE_CURVE('',#793,#779,#381,.T.);
#1006=EDGE_CURVE('',#789,#794,#658,.T.);
#1007=EDGE_CURVE('',#795,#784,#659,.T.);
#1008=EDGE_CURVE('',#794,#795,#382,.T.);
#1009=EDGE_CURVE('',#735,#795,#383,.T.);
#1010=EDGE_CURVE('',#794,#733,#384,.T.);
#1011=EDGE_CURVE('',#734,#796,#385,.T.);
#1012=EDGE_CURVE('',#796,#788,#660,.T.);
#1013=EDGE_CURVE('',#782,#797,#661,.T.);
#1014=EDGE_CURVE('',#797,#736,#386,.T.);
#1015=EDGE_CURVE('',#737,#798,#387,.T.);
#1016=EDGE_CURVE('',#797,#798,#388,.T.);
#1017=EDGE_CURVE('',#778,#738,#389,.T.);
#1018=EDGE_CURVE('',#798,#793,#662,.T.);
#1019=EDGE_CURVE('',#799,#796,#390,.T.);
#1020=EDGE_CURVE('',#790,#799,#663,.T.);
#1021=EDGE_CURVE('',#739,#776,#391,.T.);
#1022=EDGE_CURVE('',#799,#740,#392,.T.);
#1023=EDGE_CURVE('',#800,#801,#664,.T.);
#1024=EDGE_CURVE('',#800,#802,#393,.T.);
#1025=EDGE_CURVE('',#803,#802,#665,.T.);
#1026=EDGE_CURVE('',#801,#803,#394,.T.);
#1027=EDGE_CURVE('',#801,#804,#395,.T.);
#1028=EDGE_CURVE('',#805,#803,#396,.T.);
#1029=EDGE_CURVE('',#804,#805,#397,.T.);
#1030=EDGE_CURVE('',#804,#806,#666,.T.);
#1031=EDGE_CURVE('',#807,#805,#667,.T.);
#1032=EDGE_CURVE('',#806,#807,#398,.T.);
#1033=EDGE_CURVE('',#806,#808,#399,.T.);
#1034=EDGE_CURVE('',#809,#807,#400,.T.);
#1035=EDGE_CURVE('',#808,#809,#401,.T.);
#1036=EDGE_CURVE('',#808,#810,#668,.T.);
#1037=EDGE_CURVE('',#811,#809,#669,.T.);
#1038=EDGE_CURVE('',#810,#811,#402,.T.);
#1039=EDGE_CURVE('',#810,#812,#403,.T.);
#1040=EDGE_CURVE('',#813,#811,#404,.T.);
#1041=EDGE_CURVE('',#812,#813,#405,.T.);
#1042=EDGE_CURVE('',#812,#814,#670,.T.);
#1043=EDGE_CURVE('',#815,#813,#671,.T.);
#1044=EDGE_CURVE('',#814,#815,#406,.T.);
#1045=EDGE_CURVE('',#814,#800,#407,.T.);
#1046=EDGE_CURVE('',#802,#815,#408,.T.);
#1047=EDGE_CURVE('',#816,#817,#672,.T.);
#1048=EDGE_CURVE('',#816,#818,#409,.T.);
#1049=EDGE_CURVE('',#819,#818,#673,.T.);
#1050=EDGE_CURVE('',#817,#819,#410,.T.);
#1051=EDGE_CURVE('',#817,#820,#411,.T.);
#1052=EDGE_CURVE('',#821,#819,#412,.T.);
#1053=EDGE_CURVE('',#820,#821,#413,.T.);
#1054=EDGE_CURVE('',#820,#822,#674,.T.);
#1055=EDGE_CURVE('',#823,#821,#675,.T.);
#1056=EDGE_CURVE('',#822,#823,#414,.T.);
#1057=EDGE_CURVE('',#822,#824,#415,.T.);
#1058=EDGE_CURVE('',#825,#823,#416,.T.);
#1059=EDGE_CURVE('',#824,#825,#417,.T.);
#1060=EDGE_CURVE('',#824,#826,#676,.T.);
#1061=EDGE_CURVE('',#827,#825,#677,.T.);
#1062=EDGE_CURVE('',#826,#827,#418,.T.);
#1063=EDGE_CURVE('',#826,#828,#419,.T.);
#1064=EDGE_CURVE('',#829,#827,#420,.T.);
#1065=EDGE_CURVE('',#828,#829,#421,.T.);
#1066=EDGE_CURVE('',#828,#830,#678,.T.);
#1067=EDGE_CURVE('',#831,#829,#679,.T.);
#1068=EDGE_CURVE('',#830,#831,#422,.T.);
#1069=EDGE_CURVE('',#830,#816,#423,.T.);
#1070=EDGE_CURVE('',#818,#831,#424,.T.);
#1071=EDGE_CURVE('',#832,#833,#680,.T.);
#1072=EDGE_CURVE('',#832,#834,#425,.T.);
#1073=EDGE_CURVE('',#835,#834,#681,.T.);
#1074=EDGE_CURVE('',#833,#835,#426,.T.);
#1075=EDGE_CURVE('',#833,#836,#427,.T.);
#1076=EDGE_CURVE('',#837,#835,#428,.T.);
#1077=EDGE_CURVE('',#836,#837,#429,.T.);
#1078=EDGE_CURVE('',#836,#838,#682,.T.);
#1079=EDGE_CURVE('',#839,#837,#683,.T.);
#1080=EDGE_CURVE('',#838,#839,#430,.T.);
#1081=EDGE_CURVE('',#838,#840,#431,.T.);
#1082=EDGE_CURVE('',#841,#839,#432,.T.);
#1083=EDGE_CURVE('',#840,#841,#433,.T.);
#1084=EDGE_CURVE('',#840,#842,#684,.T.);
#1085=EDGE_CURVE('',#843,#841,#685,.T.);
#1086=EDGE_CURVE('',#842,#843,#434,.T.);
#1087=EDGE_CURVE('',#842,#844,#435,.T.);
#1088=EDGE_CURVE('',#845,#843,#436,.T.);
#1089=EDGE_CURVE('',#844,#845,#437,.T.);
#1090=EDGE_CURVE('',#844,#846,#686,.T.);
#1091=EDGE_CURVE('',#847,#845,#687,.T.);
#1092=EDGE_CURVE('',#846,#847,#438,.T.);
#1093=EDGE_CURVE('',#846,#832,#439,.T.);
#1094=EDGE_CURVE('',#834,#847,#440,.T.);
#1095=ORIENTED_EDGE('',*,*,#848,.F.);
#1096=ORIENTED_EDGE('',*,*,#849,.T.);
#1097=ORIENTED_EDGE('',*,*,#850,.F.);
#1098=ORIENTED_EDGE('',*,*,#849,.F.);
#1099=ORIENTED_EDGE('',*,*,#851,.T.);
#1100=ORIENTED_EDGE('',*,*,#852,.T.);
#1101=ORIENTED_EDGE('',*,*,#853,.T.);
#1102=ORIENTED_EDGE('',*,*,#854,.T.);
#1103=ORIENTED_EDGE('',*,*,#853,.F.);
#1104=ORIENTED_EDGE('',*,*,#855,.F.);
#1105=ORIENTED_EDGE('',*,*,#856,.F.);
#1106=ORIENTED_EDGE('',*,*,#857,.F.);
#1107=ORIENTED_EDGE('',*,*,#858,.F.);
#1108=ORIENTED_EDGE('',*,*,#859,.T.);
#1109=ORIENTED_EDGE('',*,*,#850,.T.);
#1110=ORIENTED_EDGE('',*,*,#852,.F.);
#1111=ORIENTED_EDGE('',*,*,#860,.T.);
#1112=ORIENTED_EDGE('',*,*,#861,.F.);
#1113=ORIENTED_EDGE('',*,*,#855,.T.);
#1114=ORIENTED_EDGE('',*,*,#856,.T.);
#1115=ORIENTED_EDGE('',*,*,#861,.T.);
#1116=ORIENTED_EDGE('',*,*,#862,.T.);
#1117=ORIENTED_EDGE('',*,*,#863,.T.);
#1118=ORIENTED_EDGE('',*,*,#863,.F.);
#1119=ORIENTED_EDGE('',*,*,#864,.F.);
#1120=ORIENTED_EDGE('',*,*,#865,.F.);
#1121=ORIENTED_EDGE('',*,*,#857,.T.);
#1122=ORIENTED_EDGE('',*,*,#851,.F.);
#1123=ORIENTED_EDGE('',*,*,#866,.F.);
#1124=ORIENTED_EDGE('',*,*,#867,.F.);
#1125=ORIENTED_EDGE('',*,*,#864,.T.);
#1126=ORIENTED_EDGE('',*,*,#862,.F.);
#1127=ORIENTED_EDGE('',*,*,#860,.F.);
#1128=ORIENTED_EDGE('',*,*,#848,.T.);
#1129=ORIENTED_EDGE('',*,*,#854,.F.);
#1130=ORIENTED_EDGE('',*,*,#859,.F.);
#1131=ORIENTED_EDGE('',*,*,#868,.F.);
#1132=ORIENTED_EDGE('',*,*,#866,.T.);
#1133=ORIENTED_EDGE('',*,*,#869,.T.);
#1134=ORIENTED_EDGE('',*,*,#870,.T.);
#1135=ORIENTED_EDGE('',*,*,#871,.T.);
#1136=ORIENTED_EDGE('',*,*,#872,.T.);
#1137=ORIENTED_EDGE('',*,*,#873,.T.);
#1138=ORIENTED_EDGE('',*,*,#874,.T.);
#1139=ORIENTED_EDGE('',*,*,#871,.F.);
#1140=ORIENTED_EDGE('',*,*,#875,.T.);
#1141=ORIENTED_EDGE('',*,*,#876,.T.);
#1142=ORIENTED_EDGE('',*,*,#877,.T.);
#1143=ORIENTED_EDGE('',*,*,#873,.F.);
#1144=ORIENTED_EDGE('',*,*,#878,.T.);
#1145=ORIENTED_EDGE('',*,*,#879,.T.);
#1146=ORIENTED_EDGE('',*,*,#880,.T.);
#1147=ORIENTED_EDGE('',*,*,#876,.F.);
#1148=ORIENTED_EDGE('',*,*,#881,.T.);
#1149=ORIENTED_EDGE('',*,*,#882,.T.);
#1150=ORIENTED_EDGE('',*,*,#883,.T.);
#1151=ORIENTED_EDGE('',*,*,#879,.F.);
#1152=ORIENTED_EDGE('',*,*,#884,.T.);
#1153=ORIENTED_EDGE('',*,*,#885,.T.);
#1154=ORIENTED_EDGE('',*,*,#886,.T.);
#1155=ORIENTED_EDGE('',*,*,#882,.F.);
#1156=ORIENTED_EDGE('',*,*,#887,.T.);
#1157=ORIENTED_EDGE('',*,*,#888,.T.);
#1158=ORIENTED_EDGE('',*,*,#889,.T.);
#1159=ORIENTED_EDGE('',*,*,#885,.F.);
#1160=ORIENTED_EDGE('',*,*,#890,.T.);
#1161=ORIENTED_EDGE('',*,*,#891,.T.);
#1162=ORIENTED_EDGE('',*,*,#892,.T.);
#1163=ORIENTED_EDGE('',*,*,#888,.F.);
#1164=ORIENTED_EDGE('',*,*,#893,.T.);
#1165=ORIENTED_EDGE('',*,*,#894,.T.);
#1166=ORIENTED_EDGE('',*,*,#895,.T.);
#1167=ORIENTED_EDGE('',*,*,#891,.F.);
#1168=ORIENTED_EDGE('',*,*,#896,.T.);
#1169=ORIENTED_EDGE('',*,*,#897,.T.);
#1170=ORIENTED_EDGE('',*,*,#898,.T.);
#1171=ORIENTED_EDGE('',*,*,#894,.F.);
#1172=ORIENTED_EDGE('',*,*,#899,.T.);
#1173=ORIENTED_EDGE('',*,*,#900,.T.);
#1174=ORIENTED_EDGE('',*,*,#901,.T.);
#1175=ORIENTED_EDGE('',*,*,#897,.F.);
#1176=ORIENTED_EDGE('',*,*,#902,.T.);
#1177=ORIENTED_EDGE('',*,*,#869,.F.);
#1178=ORIENTED_EDGE('',*,*,#903,.T.);
#1179=ORIENTED_EDGE('',*,*,#900,.F.);
#1180=ORIENTED_EDGE('',*,*,#904,.T.);
#1181=ORIENTED_EDGE('',*,*,#887,.F.);
#1182=ORIENTED_EDGE('',*,*,#905,.T.);
#1183=ORIENTED_EDGE('',*,*,#906,.T.);
#1184=ORIENTED_EDGE('',*,*,#907,.F.);
#1185=ORIENTED_EDGE('',*,*,#884,.F.);
#1186=ORIENTED_EDGE('',*,*,#908,.T.);
#1187=ORIENTED_EDGE('',*,*,#909,.T.);
#1188=ORIENTED_EDGE('',*,*,#905,.F.);
#1189=ORIENTED_EDGE('',*,*,#881,.F.);
#1190=ORIENTED_EDGE('',*,*,#910,.T.);
#1191=ORIENTED_EDGE('',*,*,#911,.T.);
#1192=ORIENTED_EDGE('',*,*,#908,.F.);
#1193=ORIENTED_EDGE('',*,*,#878,.F.);
#1194=ORIENTED_EDGE('',*,*,#912,.T.);
#1195=ORIENTED_EDGE('',*,*,#913,.T.);
#1196=ORIENTED_EDGE('',*,*,#910,.F.);
#1197=ORIENTED_EDGE('',*,*,#875,.F.);
#1198=ORIENTED_EDGE('',*,*,#914,.T.);
#1199=ORIENTED_EDGE('',*,*,#915,.T.);
#1200=ORIENTED_EDGE('',*,*,#912,.F.);
#1201=ORIENTED_EDGE('',*,*,#870,.F.);
#1202=ORIENTED_EDGE('',*,*,#916,.T.);
#1203=ORIENTED_EDGE('',*,*,#917,.T.);
#1204=ORIENTED_EDGE('',*,*,#914,.F.);
#1205=ORIENTED_EDGE('',*,*,#918,.F.);
#1206=ORIENTED_EDGE('',*,*,#919,.T.);
#1207=ORIENTED_EDGE('',*,*,#920,.F.);
#1208=ORIENTED_EDGE('',*,*,#921,.T.);
#1209=ORIENTED_EDGE('',*,*,#922,.F.);
#1210=ORIENTED_EDGE('',*,*,#923,.T.);
#1211=ORIENTED_EDGE('',*,*,#924,.F.);
#1212=ORIENTED_EDGE('',*,*,#925,.T.);
#1213=ORIENTED_EDGE('',*,*,#872,.F.);
#1214=ORIENTED_EDGE('',*,*,#874,.F.);
#1215=ORIENTED_EDGE('',*,*,#877,.F.);
#1216=ORIENTED_EDGE('',*,*,#880,.F.);
#1217=ORIENTED_EDGE('',*,*,#883,.F.);
#1218=ORIENTED_EDGE('',*,*,#886,.F.);
#1219=ORIENTED_EDGE('',*,*,#889,.F.);
#1220=ORIENTED_EDGE('',*,*,#892,.F.);
#1221=ORIENTED_EDGE('',*,*,#895,.F.);
#1222=ORIENTED_EDGE('',*,*,#898,.F.);
#1223=ORIENTED_EDGE('',*,*,#901,.F.);
#1224=ORIENTED_EDGE('',*,*,#903,.F.);
#1225=ORIENTED_EDGE('',*,*,#893,.F.);
#1226=ORIENTED_EDGE('',*,*,#926,.T.);
#1227=ORIENTED_EDGE('',*,*,#927,.T.);
#1228=ORIENTED_EDGE('',*,*,#928,.F.);
#1229=ORIENTED_EDGE('',*,*,#890,.F.);
#1230=ORIENTED_EDGE('',*,*,#907,.T.);
#1231=ORIENTED_EDGE('',*,*,#929,.T.);
#1232=ORIENTED_EDGE('',*,*,#926,.F.);
#1233=ORIENTED_EDGE('',*,*,#904,.F.);
#1234=ORIENTED_EDGE('',*,*,#930,.T.);
#1235=ORIENTED_EDGE('',*,*,#931,.T.);
#1236=ORIENTED_EDGE('',*,*,#916,.F.);
#1237=ORIENTED_EDGE('',*,*,#902,.F.);
#1238=ORIENTED_EDGE('',*,*,#932,.T.);
#1239=ORIENTED_EDGE('',*,*,#933,.T.);
#1240=ORIENTED_EDGE('',*,*,#930,.F.);
#1241=ORIENTED_EDGE('',*,*,#899,.F.);
#1242=ORIENTED_EDGE('',*,*,#934,.T.);
#1243=ORIENTED_EDGE('',*,*,#935,.T.);
#1244=ORIENTED_EDGE('',*,*,#932,.F.);
#1245=ORIENTED_EDGE('',*,*,#896,.F.);
#1246=ORIENTED_EDGE('',*,*,#928,.T.);
#1247=ORIENTED_EDGE('',*,*,#936,.T.);
#1248=ORIENTED_EDGE('',*,*,#934,.F.);
#1249=ORIENTED_EDGE('',*,*,#936,.F.);
#1250=ORIENTED_EDGE('',*,*,#927,.F.);
#1251=ORIENTED_EDGE('',*,*,#929,.F.);
#1252=ORIENTED_EDGE('',*,*,#906,.F.);
#1253=ORIENTED_EDGE('',*,*,#909,.F.);
#1254=ORIENTED_EDGE('',*,*,#911,.F.);
#1255=ORIENTED_EDGE('',*,*,#913,.F.);
#1256=ORIENTED_EDGE('',*,*,#915,.F.);
#1257=ORIENTED_EDGE('',*,*,#917,.F.);
#1258=ORIENTED_EDGE('',*,*,#931,.F.);
#1259=ORIENTED_EDGE('',*,*,#933,.F.);
#1260=ORIENTED_EDGE('',*,*,#935,.F.);
#1261=ORIENTED_EDGE('',*,*,#937,.T.);
#1262=ORIENTED_EDGE('',*,*,#938,.T.);
#1263=ORIENTED_EDGE('',*,*,#939,.T.);
#1264=ORIENTED_EDGE('',*,*,#940,.T.);
#1265=ORIENTED_EDGE('',*,*,#940,.F.);
#1266=ORIENTED_EDGE('',*,*,#941,.T.);
#1267=ORIENTED_EDGE('',*,*,#942,.F.);
#1268=ORIENTED_EDGE('',*,*,#943,.F.);
#1269=ORIENTED_EDGE('',*,*,#944,.T.);
#1270=ORIENTED_EDGE('',*,*,#945,.T.);
#1271=ORIENTED_EDGE('',*,*,#946,.T.);
#1272=ORIENTED_EDGE('',*,*,#947,.T.);
#1273=ORIENTED_EDGE('',*,*,#938,.F.);
#1274=ORIENTED_EDGE('',*,*,#948,.T.);
#1275=ORIENTED_EDGE('',*,*,#947,.F.);
#1276=ORIENTED_EDGE('',*,*,#949,.T.);
#1277=ORIENTED_EDGE('',*,*,#950,.T.);
#1278=ORIENTED_EDGE('',*,*,#951,.T.);
#1279=ORIENTED_EDGE('',*,*,#952,.T.);
#1280=ORIENTED_EDGE('',*,*,#953,.T.);
#1281=ORIENTED_EDGE('',*,*,#945,.F.);
#1282=ORIENTED_EDGE('',*,*,#954,.F.);
#1283=ORIENTED_EDGE('',*,*,#953,.F.);
#1284=ORIENTED_EDGE('',*,*,#955,.T.);
#1285=ORIENTED_EDGE('',*,*,#956,.T.);
#1286=ORIENTED_EDGE('',*,*,#957,.T.);
#1287=ORIENTED_EDGE('',*,*,#958,.T.);
#1288=ORIENTED_EDGE('',*,*,#959,.T.);
#1289=ORIENTED_EDGE('',*,*,#951,.F.);
#1290=ORIENTED_EDGE('',*,*,#960,.F.);
#1291=ORIENTED_EDGE('',*,*,#959,.F.);
#1292=ORIENTED_EDGE('',*,*,#961,.T.);
#1293=ORIENTED_EDGE('',*,*,#962,.T.);
#1294=ORIENTED_EDGE('',*,*,#942,.T.);
#1295=ORIENTED_EDGE('',*,*,#963,.T.);
#1296=ORIENTED_EDGE('',*,*,#964,.T.);
#1297=ORIENTED_EDGE('',*,*,#964,.F.);
#1298=ORIENTED_EDGE('',*,*,#965,.T.);
#1299=ORIENTED_EDGE('',*,*,#966,.F.);
#1300=ORIENTED_EDGE('',*,*,#967,.T.);
#1301=ORIENTED_EDGE('',*,*,#968,.T.);
#1302=ORIENTED_EDGE('',*,*,#966,.T.);
#1303=ORIENTED_EDGE('',*,*,#969,.T.);
#1304=ORIENTED_EDGE('',*,*,#970,.T.);
#1305=ORIENTED_EDGE('',*,*,#957,.F.);
#1306=ORIENTED_EDGE('',*,*,#971,.F.);
#1307=ORIENTED_EDGE('',*,*,#970,.F.);
#1308=ORIENTED_EDGE('',*,*,#972,.T.);
#1309=ORIENTED_EDGE('',*,*,#973,.F.);
#1310=ORIENTED_EDGE('',*,*,#974,.T.);
#1311=ORIENTED_EDGE('',*,*,#975,.F.);
#1312=ORIENTED_EDGE('',*,*,#974,.F.);
#1313=ORIENTED_EDGE('',*,*,#975,.T.);
#1314=ORIENTED_EDGE('',*,*,#976,.T.);
#1315=ORIENTED_EDGE('',*,*,#977,.F.);
#1316=ORIENTED_EDGE('',*,*,#976,.F.);
#1317=ORIENTED_EDGE('',*,*,#978,.F.);
#1318=ORIENTED_EDGE('',*,*,#979,.T.);
#1319=ORIENTED_EDGE('',*,*,#980,.F.);
#1320=ORIENTED_EDGE('',*,*,#979,.F.);
#1321=ORIENTED_EDGE('',*,*,#980,.T.);
#1322=ORIENTED_EDGE('',*,*,#981,.T.);
#1323=ORIENTED_EDGE('',*,*,#982,.F.);
#1324=ORIENTED_EDGE('',*,*,#981,.F.);
#1325=ORIENTED_EDGE('',*,*,#983,.F.);
#1326=ORIENTED_EDGE('',*,*,#984,.F.);
#1327=ORIENTED_EDGE('',*,*,#985,.F.);
#1328=ORIENTED_EDGE('',*,*,#986,.T.);
#1329=ORIENTED_EDGE('',*,*,#987,.T.);
#1330=ORIENTED_EDGE('',*,*,#988,.T.);
#1331=ORIENTED_EDGE('',*,*,#973,.T.);
#1332=ORIENTED_EDGE('',*,*,#989,.F.);
#1333=ORIENTED_EDGE('',*,*,#990,.T.);
#1334=ORIENTED_EDGE('',*,*,#991,.F.);
#1335=ORIENTED_EDGE('',*,*,#992,.F.);
#1336=ORIENTED_EDGE('',*,*,#993,.F.);
#1337=ORIENTED_EDGE('',*,*,#992,.T.);
#1338=ORIENTED_EDGE('',*,*,#994,.F.);
#1339=ORIENTED_EDGE('',*,*,#995,.F.);
#1340=ORIENTED_EDGE('',*,*,#996,.F.);
#1341=ORIENTED_EDGE('',*,*,#995,.T.);
#1342=ORIENTED_EDGE('',*,*,#997,.F.);
#1343=ORIENTED_EDGE('',*,*,#998,.F.);
#1344=ORIENTED_EDGE('',*,*,#999,.F.);
#1345=ORIENTED_EDGE('',*,*,#1000,.T.);
#1346=ORIENTED_EDGE('',*,*,#988,.F.);
#1347=ORIENTED_EDGE('',*,*,#1001,.F.);
#1348=ORIENTED_EDGE('',*,*,#1002,.F.);
#1349=ORIENTED_EDGE('',*,*,#1001,.T.);
#1350=ORIENTED_EDGE('',*,*,#987,.F.);
#1351=ORIENTED_EDGE('',*,*,#1003,.F.);
#1352=ORIENTED_EDGE('',*,*,#1004,.F.);
#1353=ORIENTED_EDGE('',*,*,#1003,.T.);
#1354=ORIENTED_EDGE('',*,*,#986,.F.);
#1355=ORIENTED_EDGE('',*,*,#1005,.F.);
#1356=ORIENTED_EDGE('',*,*,#1006,.F.);
#1357=ORIENTED_EDGE('',*,*,#997,.T.);
#1358=ORIENTED_EDGE('',*,*,#994,.T.);
#1359=ORIENTED_EDGE('',*,*,#991,.T.);
#1360=ORIENTED_EDGE('',*,*,#1007,.F.);
#1361=ORIENTED_EDGE('',*,*,#1008,.F.);
#1362=ORIENTED_EDGE('',*,*,#978,.T.);
#1363=ORIENTED_EDGE('',*,*,#1008,.T.);
#1364=ORIENTED_EDGE('',*,*,#1009,.F.);
#1365=ORIENTED_EDGE('',*,*,#919,.F.);
#1366=ORIENTED_EDGE('',*,*,#1010,.F.);
#1367=ORIENTED_EDGE('',*,*,#1006,.T.);
#1368=ORIENTED_EDGE('',*,*,#1010,.T.);
#1369=ORIENTED_EDGE('',*,*,#918,.T.);
#1370=ORIENTED_EDGE('',*,*,#1011,.T.);
#1371=ORIENTED_EDGE('',*,*,#1012,.T.);
#1372=ORIENTED_EDGE('',*,*,#998,.T.);
#1373=ORIENTED_EDGE('',*,*,#1007,.T.);
#1374=ORIENTED_EDGE('',*,*,#990,.F.);
#1375=ORIENTED_EDGE('',*,*,#1013,.T.);
#1376=ORIENTED_EDGE('',*,*,#1014,.T.);
#1377=ORIENTED_EDGE('',*,*,#920,.T.);
#1378=ORIENTED_EDGE('',*,*,#1009,.T.);
#1379=ORIENTED_EDGE('',*,*,#1015,.F.);
#1380=ORIENTED_EDGE('',*,*,#921,.F.);
#1381=ORIENTED_EDGE('',*,*,#1014,.F.);
#1382=ORIENTED_EDGE('',*,*,#1016,.T.);
#1383=ORIENTED_EDGE('',*,*,#985,.T.);
#1384=ORIENTED_EDGE('',*,*,#1017,.T.);
#1385=ORIENTED_EDGE('',*,*,#922,.T.);
#1386=ORIENTED_EDGE('',*,*,#1015,.T.);
#1387=ORIENTED_EDGE('',*,*,#1018,.T.);
#1388=ORIENTED_EDGE('',*,*,#1005,.T.);
#1389=ORIENTED_EDGE('',*,*,#1012,.F.);
#1390=ORIENTED_EDGE('',*,*,#1019,.F.);
#1391=ORIENTED_EDGE('',*,*,#1020,.F.);
#1392=ORIENTED_EDGE('',*,*,#999,.T.);
#1393=ORIENTED_EDGE('',*,*,#1002,.T.);
#1394=ORIENTED_EDGE('',*,*,#1004,.T.);
#1395=ORIENTED_EDGE('',*,*,#1018,.F.);
#1396=ORIENTED_EDGE('',*,*,#1016,.F.);
#1397=ORIENTED_EDGE('',*,*,#1013,.F.);
#1398=ORIENTED_EDGE('',*,*,#989,.T.);
#1399=ORIENTED_EDGE('',*,*,#993,.T.);
#1400=ORIENTED_EDGE('',*,*,#996,.T.);
#1401=ORIENTED_EDGE('',*,*,#977,.T.);
#1402=ORIENTED_EDGE('',*,*,#982,.T.);
#1403=ORIENTED_EDGE('',*,*,#946,.F.);
#1404=ORIENTED_EDGE('',*,*,#955,.F.);
#1405=ORIENTED_EDGE('',*,*,#952,.F.);
#1406=ORIENTED_EDGE('',*,*,#961,.F.);
#1407=ORIENTED_EDGE('',*,*,#958,.F.);
#1408=ORIENTED_EDGE('',*,*,#972,.F.);
#1409=ORIENTED_EDGE('',*,*,#969,.F.);
#1410=ORIENTED_EDGE('',*,*,#965,.F.);
#1411=ORIENTED_EDGE('',*,*,#963,.F.);
#1412=ORIENTED_EDGE('',*,*,#941,.F.);
#1413=ORIENTED_EDGE('',*,*,#939,.F.);
#1414=ORIENTED_EDGE('',*,*,#949,.F.);
#1415=ORIENTED_EDGE('',*,*,#984,.T.);
#1416=ORIENTED_EDGE('',*,*,#1021,.F.);
#1417=ORIENTED_EDGE('',*,*,#923,.F.);
#1418=ORIENTED_EDGE('',*,*,#1017,.F.);
#1419=ORIENTED_EDGE('',*,*,#1022,.T.);
#1420=ORIENTED_EDGE('',*,*,#924,.T.);
#1421=ORIENTED_EDGE('',*,*,#1021,.T.);
#1422=ORIENTED_EDGE('',*,*,#983,.T.);
#1423=ORIENTED_EDGE('',*,*,#1000,.F.);
#1424=ORIENTED_EDGE('',*,*,#1020,.T.);
#1425=ORIENTED_EDGE('',*,*,#1011,.F.);
#1426=ORIENTED_EDGE('',*,*,#925,.F.);
#1427=ORIENTED_EDGE('',*,*,#1022,.F.);
#1428=ORIENTED_EDGE('',*,*,#1019,.T.);
#1429=ORIENTED_EDGE('',*,*,#1023,.F.);
#1430=ORIENTED_EDGE('',*,*,#1024,.T.);
#1431=ORIENTED_EDGE('',*,*,#1025,.F.);
#1432=ORIENTED_EDGE('',*,*,#1026,.F.);
#1433=ORIENTED_EDGE('',*,*,#1027,.F.);
#1434=ORIENTED_EDGE('',*,*,#1026,.T.);
#1435=ORIENTED_EDGE('',*,*,#1028,.F.);
#1436=ORIENTED_EDGE('',*,*,#1029,.F.);
#1437=ORIENTED_EDGE('',*,*,#1030,.F.);
#1438=ORIENTED_EDGE('',*,*,#1029,.T.);
#1439=ORIENTED_EDGE('',*,*,#1031,.F.);
#1440=ORIENTED_EDGE('',*,*,#1032,.F.);
#1441=ORIENTED_EDGE('',*,*,#1033,.F.);
#1442=ORIENTED_EDGE('',*,*,#1032,.T.);
#1443=ORIENTED_EDGE('',*,*,#1034,.F.);
#1444=ORIENTED_EDGE('',*,*,#1035,.F.);
#1445=ORIENTED_EDGE('',*,*,#1036,.F.);
#1446=ORIENTED_EDGE('',*,*,#1035,.T.);
#1447=ORIENTED_EDGE('',*,*,#1037,.F.);
#1448=ORIENTED_EDGE('',*,*,#1038,.F.);
#1449=ORIENTED_EDGE('',*,*,#1039,.F.);
#1450=ORIENTED_EDGE('',*,*,#1038,.T.);
#1451=ORIENTED_EDGE('',*,*,#1040,.F.);
#1452=ORIENTED_EDGE('',*,*,#1041,.F.);
#1453=ORIENTED_EDGE('',*,*,#1042,.F.);
#1454=ORIENTED_EDGE('',*,*,#1041,.T.);
#1455=ORIENTED_EDGE('',*,*,#1043,.F.);
#1456=ORIENTED_EDGE('',*,*,#1044,.F.);
#1457=ORIENTED_EDGE('',*,*,#1045,.F.);
#1458=ORIENTED_EDGE('',*,*,#1044,.T.);
#1459=ORIENTED_EDGE('',*,*,#1046,.F.);
#1460=ORIENTED_EDGE('',*,*,#1024,.F.);
#1461=ORIENTED_EDGE('',*,*,#1046,.T.);
#1462=ORIENTED_EDGE('',*,*,#1043,.T.);
#1463=ORIENTED_EDGE('',*,*,#1040,.T.);
#1464=ORIENTED_EDGE('',*,*,#1037,.T.);
#1465=ORIENTED_EDGE('',*,*,#1034,.T.);
#1466=ORIENTED_EDGE('',*,*,#1031,.T.);
#1467=ORIENTED_EDGE('',*,*,#1028,.T.);
#1468=ORIENTED_EDGE('',*,*,#1025,.T.);
#1469=ORIENTED_EDGE('',*,*,#1047,.F.);
#1470=ORIENTED_EDGE('',*,*,#1048,.T.);
#1471=ORIENTED_EDGE('',*,*,#1049,.F.);
#1472=ORIENTED_EDGE('',*,*,#1050,.F.);
#1473=ORIENTED_EDGE('',*,*,#1051,.F.);
#1474=ORIENTED_EDGE('',*,*,#1050,.T.);
#1475=ORIENTED_EDGE('',*,*,#1052,.F.);
#1476=ORIENTED_EDGE('',*,*,#1053,.F.);
#1477=ORIENTED_EDGE('',*,*,#1054,.F.);
#1478=ORIENTED_EDGE('',*,*,#1053,.T.);
#1479=ORIENTED_EDGE('',*,*,#1055,.F.);
#1480=ORIENTED_EDGE('',*,*,#1056,.F.);
#1481=ORIENTED_EDGE('',*,*,#1057,.F.);
#1482=ORIENTED_EDGE('',*,*,#1056,.T.);
#1483=ORIENTED_EDGE('',*,*,#1058,.F.);
#1484=ORIENTED_EDGE('',*,*,#1059,.F.);
#1485=ORIENTED_EDGE('',*,*,#1060,.F.);
#1486=ORIENTED_EDGE('',*,*,#1059,.T.);
#1487=ORIENTED_EDGE('',*,*,#1061,.F.);
#1488=ORIENTED_EDGE('',*,*,#1062,.F.);
#1489=ORIENTED_EDGE('',*,*,#1063,.F.);
#1490=ORIENTED_EDGE('',*,*,#1062,.T.);
#1491=ORIENTED_EDGE('',*,*,#1064,.F.);
#1492=ORIENTED_EDGE('',*,*,#1065,.F.);
#1493=ORIENTED_EDGE('',*,*,#1066,.F.);
#1494=ORIENTED_EDGE('',*,*,#1065,.T.);
#1495=ORIENTED_EDGE('',*,*,#1067,.F.);
#1496=ORIENTED_EDGE('',*,*,#1068,.F.);
#1497=ORIENTED_EDGE('',*,*,#1069,.F.);
#1498=ORIENTED_EDGE('',*,*,#1068,.T.);
#1499=ORIENTED_EDGE('',*,*,#1070,.F.);
#1500=ORIENTED_EDGE('',*,*,#1048,.F.);
#1501=ORIENTED_EDGE('',*,*,#1070,.T.);
#1502=ORIENTED_EDGE('',*,*,#1067,.T.);
#1503=ORIENTED_EDGE('',*,*,#1064,.T.);
#1504=ORIENTED_EDGE('',*,*,#1061,.T.);
#1505=ORIENTED_EDGE('',*,*,#1058,.T.);
#1506=ORIENTED_EDGE('',*,*,#1055,.T.);
#1507=ORIENTED_EDGE('',*,*,#1052,.T.);
#1508=ORIENTED_EDGE('',*,*,#1049,.T.);
#1509=ORIENTED_EDGE('',*,*,#1071,.F.);
#1510=ORIENTED_EDGE('',*,*,#1072,.T.);
#1511=ORIENTED_EDGE('',*,*,#1073,.F.);
#1512=ORIENTED_EDGE('',*,*,#1074,.F.);
#1513=ORIENTED_EDGE('',*,*,#1075,.F.);
#1514=ORIENTED_EDGE('',*,*,#1074,.T.);
#1515=ORIENTED_EDGE('',*,*,#1076,.F.);
#1516=ORIENTED_EDGE('',*,*,#1077,.F.);
#1517=ORIENTED_EDGE('',*,*,#1078,.F.);
#1518=ORIENTED_EDGE('',*,*,#1077,.T.);
#1519=ORIENTED_EDGE('',*,*,#1079,.F.);
#1520=ORIENTED_EDGE('',*,*,#1080,.F.);
#1521=ORIENTED_EDGE('',*,*,#1081,.F.);
#1522=ORIENTED_EDGE('',*,*,#1080,.T.);
#1523=ORIENTED_EDGE('',*,*,#1082,.F.);
#1524=ORIENTED_EDGE('',*,*,#1083,.F.);
#1525=ORIENTED_EDGE('',*,*,#1084,.F.);
#1526=ORIENTED_EDGE('',*,*,#1083,.T.);
#1527=ORIENTED_EDGE('',*,*,#1085,.F.);
#1528=ORIENTED_EDGE('',*,*,#1086,.F.);
#1529=ORIENTED_EDGE('',*,*,#1087,.F.);
#1530=ORIENTED_EDGE('',*,*,#1086,.T.);
#1531=ORIENTED_EDGE('',*,*,#1088,.F.);
#1532=ORIENTED_EDGE('',*,*,#1089,.F.);
#1533=ORIENTED_EDGE('',*,*,#1090,.F.);
#1534=ORIENTED_EDGE('',*,*,#1089,.T.);
#1535=ORIENTED_EDGE('',*,*,#1091,.F.);
#1536=ORIENTED_EDGE('',*,*,#1092,.F.);
#1537=ORIENTED_EDGE('',*,*,#1093,.F.);
#1538=ORIENTED_EDGE('',*,*,#1092,.T.);
#1539=ORIENTED_EDGE('',*,*,#1094,.F.);
#1540=ORIENTED_EDGE('',*,*,#1072,.F.);
#1541=ORIENTED_EDGE('',*,*,#1094,.T.);
#1542=ORIENTED_EDGE('',*,*,#1091,.T.);
#1543=ORIENTED_EDGE('',*,*,#1088,.T.);
#1544=ORIENTED_EDGE('',*,*,#1085,.T.);
#1545=ORIENTED_EDGE('',*,*,#1082,.T.);
#1546=ORIENTED_EDGE('',*,*,#1079,.T.);
#1547=ORIENTED_EDGE('',*,*,#1076,.T.);
#1548=ORIENTED_EDGE('',*,*,#1073,.T.);
#1549=ORIENTED_EDGE('',*,*,#858,.T.);
#1550=ORIENTED_EDGE('',*,*,#865,.T.);
#1551=ORIENTED_EDGE('',*,*,#867,.T.);
#1552=ORIENTED_EDGE('',*,*,#868,.T.);
#1553=ORIENTED_EDGE('',*,*,#937,.F.);
#1554=ORIENTED_EDGE('',*,*,#943,.T.);
#1555=ORIENTED_EDGE('',*,*,#962,.F.);
#1556=ORIENTED_EDGE('',*,*,#967,.F.);
#1557=ORIENTED_EDGE('',*,*,#968,.F.);
#1558=ORIENTED_EDGE('',*,*,#971,.T.);
#1559=ORIENTED_EDGE('',*,*,#956,.F.);
#1560=ORIENTED_EDGE('',*,*,#960,.T.);
#1561=ORIENTED_EDGE('',*,*,#950,.F.);
#1562=ORIENTED_EDGE('',*,*,#954,.T.);
#1563=ORIENTED_EDGE('',*,*,#944,.F.);
#1564=ORIENTED_EDGE('',*,*,#948,.F.);
#1565=ORIENTED_EDGE('',*,*,#1023,.T.);
#1566=ORIENTED_EDGE('',*,*,#1027,.T.);
#1567=ORIENTED_EDGE('',*,*,#1030,.T.);
#1568=ORIENTED_EDGE('',*,*,#1033,.T.);
#1569=ORIENTED_EDGE('',*,*,#1036,.T.);
#1570=ORIENTED_EDGE('',*,*,#1039,.T.);
#1571=ORIENTED_EDGE('',*,*,#1042,.T.);
#1572=ORIENTED_EDGE('',*,*,#1045,.T.);
#1573=ORIENTED_EDGE('',*,*,#1047,.T.);
#1574=ORIENTED_EDGE('',*,*,#1051,.T.);
#1575=ORIENTED_EDGE('',*,*,#1054,.T.);
#1576=ORIENTED_EDGE('',*,*,#1057,.T.);
#1577=ORIENTED_EDGE('',*,*,#1060,.T.);
#1578=ORIENTED_EDGE('',*,*,#1063,.T.);
#1579=ORIENTED_EDGE('',*,*,#1066,.T.);
#1580=ORIENTED_EDGE('',*,*,#1069,.T.);
#1581=ORIENTED_EDGE('',*,*,#1071,.T.);
#1582=ORIENTED_EDGE('',*,*,#1075,.T.);
#1583=ORIENTED_EDGE('',*,*,#1078,.T.);
#1584=ORIENTED_EDGE('',*,*,#1081,.T.);
#1585=ORIENTED_EDGE('',*,*,#1084,.T.);
#1586=ORIENTED_EDGE('',*,*,#1087,.T.);
#1587=ORIENTED_EDGE('',*,*,#1090,.T.);
#1588=ORIENTED_EDGE('',*,*,#1093,.T.);
#1589=CYLINDRICAL_SURFACE('',#1838,2.05);
#1590=CYLINDRICAL_SURFACE('',#1848,0.5);
#1591=CYLINDRICAL_SURFACE('',#1855,0.5);
#1592=CYLINDRICAL_SURFACE('',#1861,0.5);
#1593=CYLINDRICAL_SURFACE('',#1867,0.5);
#1594=CYLINDRICAL_SURFACE('',#1873,0.5);
#1595=CYLINDRICAL_SURFACE('',#1879,0.5);
#1596=CYLINDRICAL_SURFACE('',#1884,2.00000000003327);
#1597=CYLINDRICAL_SURFACE('',#1887,2.00000000003327);
#1598=CYLINDRICAL_SURFACE('',#1890,2.00000000003327);
#1599=CYLINDRICAL_SURFACE('',#1898,2.00000000003327);
#1600=CYLINDRICAL_SURFACE('',#1901,2.00000000003327);
#1601=CYLINDRICAL_SURFACE('',#1904,2.00000000003327);
#1602=CYLINDRICAL_SURFACE('',#1908,3.);
#1603=CYLINDRICAL_SURFACE('',#1912,3.);
#1604=CYLINDRICAL_SURFACE('',#1916,3.);
#1605=CYLINDRICAL_SURFACE('',#1920,3.);
#1606=CYLINDRICAL_SURFACE('',#1924,3.);
#1607=CYLINDRICAL_SURFACE('',#1928,3.);
#1608=CYLINDRICAL_SURFACE('',#1935,2.);
#1609=CYLINDRICAL_SURFACE('',#1940,2.);
#1610=CYLINDRICAL_SURFACE('',#1947,6.);
#1611=CYLINDRICAL_SURFACE('',#1952,6.);
#1612=CYLINDRICAL_SURFACE('',#1959,3.);
#1613=CYLINDRICAL_SURFACE('',#1961,3.);
#1614=CYLINDRICAL_SURFACE('',#1964,3.);
#1615=CYLINDRICAL_SURFACE('',#1969,3.);
#1616=CYLINDRICAL_SURFACE('',#1971,1.);
#1617=CYLINDRICAL_SURFACE('',#1975,1.);
#1618=CYLINDRICAL_SURFACE('',#1979,1.);
#1619=CYLINDRICAL_SURFACE('',#1983,1.);
#1620=CYLINDRICAL_SURFACE('',#1988,1.);
#1621=CYLINDRICAL_SURFACE('',#1992,1.);
#1622=CYLINDRICAL_SURFACE('',#1996,1.);
#1623=CYLINDRICAL_SURFACE('',#2000,1.);
#1624=CYLINDRICAL_SURFACE('',#2005,1.);
#1625=CYLINDRICAL_SURFACE('',#2009,1.);
#1626=CYLINDRICAL_SURFACE('',#2013,1.);
#1627=CYLINDRICAL_SURFACE('',#2017,1.);
#1628=STYLED_ITEM('',(#3075),#1720);
#1629=STYLED_ITEM('',(#3075),#1721);
#1630=STYLED_ITEM('',(#3075),#1722);
#1631=STYLED_ITEM('',(#3075),#1723);
#1632=STYLED_ITEM('',(#3075),#1724);
#1633=STYLED_ITEM('',(#3075),#1725);
#1634=STYLED_ITEM('',(#3075),#1726);
#1635=STYLED_ITEM('',(#3075),#1727);
#1636=STYLED_ITEM('',(#3076),#1728);
#1637=STYLED_ITEM('',(#3076),#1729);
#1638=STYLED_ITEM('',(#3076),#1730);
#1639=STYLED_ITEM('',(#3076),#1731);
#1640=STYLED_ITEM('',(#3076),#1732);
#1641=STYLED_ITEM('',(#3076),#1733);
#1642=STYLED_ITEM('',(#3076),#1734);
#1643=STYLED_ITEM('',(#3076),#1735);
#1644=STYLED_ITEM('',(#3076),#1736);
#1645=STYLED_ITEM('',(#3076),#1737);
#1646=STYLED_ITEM('',(#3076),#1738);
#1647=STYLED_ITEM('',(#3076),#1739);
#1648=STYLED_ITEM('',(#3076),#1740);
#1649=STYLED_ITEM('',(#3076),#1741);
#1650=STYLED_ITEM('',(#3076),#1742);
#1651=STYLED_ITEM('',(#3076),#1743);
#1652=STYLED_ITEM('',(#3076),#1744);
#1653=STYLED_ITEM('',(#3076),#1745);
#1654=STYLED_ITEM('',(#3076),#1746);
#1655=STYLED_ITEM('',(#3076),#1747);
#1656=STYLED_ITEM('',(#3076),#1748);
#1657=STYLED_ITEM('',(#3076),#1749);
#1658=STYLED_ITEM('',(#3076),#1750);
#1659=STYLED_ITEM('',(#3076),#1751);
#1660=STYLED_ITEM('',(#3076),#1752);
#1661=STYLED_ITEM('',(#3076),#1753);
#1662=STYLED_ITEM('',(#3076),#1754);
#1663=STYLED_ITEM('',(#3076),#1755);
#1664=STYLED_ITEM('',(#3076),#1756);
#1665=STYLED_ITEM('',(#3076),#1757);
#1666=STYLED_ITEM('',(#3076),#1758);
#1667=STYLED_ITEM('',(#3076),#1759);
#1668=STYLED_ITEM('',(#3076),#1760);
#1669=STYLED_ITEM('',(#3076),#1761);
#1670=STYLED_ITEM('',(#3076),#1762);
#1671=STYLED_ITEM('',(#3076),#1763);
#1672=STYLED_ITEM('',(#3076),#1764);
#1673=STYLED_ITEM('',(#3076),#1765);
#1674=STYLED_ITEM('',(#3076),#1770);
#1675=STYLED_ITEM('',(#3076),#1771);
#1676=STYLED_ITEM('',(#3076),#1772);
#1677=STYLED_ITEM('',(#3076),#1773);
#1678=STYLED_ITEM('',(#3076),#1774);
#1679=STYLED_ITEM('',(#3076),#1775);
#1680=STYLED_ITEM('',(#3076),#1776);
#1681=STYLED_ITEM('',(#3076),#1777);
#1682=STYLED_ITEM('',(#3076),#1778);
#1683=STYLED_ITEM('',(#3076),#1779);
#1684=STYLED_ITEM('',(#3076),#1780);
#1685=STYLED_ITEM('',(#3076),#1781);
#1686=STYLED_ITEM('',(#3076),#1782);
#1687=STYLED_ITEM('',(#3076),#1783);
#1688=STYLED_ITEM('',(#3076),#1784);
#1689=STYLED_ITEM('',(#3076),#1785);
#1690=STYLED_ITEM('',(#3076),#1786);
#1691=STYLED_ITEM('',(#3076),#1787);
#1692=STYLED_ITEM('',(#3076),#1788);
#1693=STYLED_ITEM('',(#3076),#1789);
#1694=STYLED_ITEM('',(#3076),#1790);
#1695=STYLED_ITEM('',(#3076),#1791);
#1696=STYLED_ITEM('',(#3076),#1792);
#1697=STYLED_ITEM('',(#3076),#1793);
#1698=STYLED_ITEM('',(#3076),#1794);
#1699=STYLED_ITEM('',(#3076),#1795);
#1700=STYLED_ITEM('',(#3076),#1796);
#1701=STYLED_ITEM('',(#3076),#1797);
#1702=STYLED_ITEM('',(#3076),#1798);
#1703=STYLED_ITEM('',(#3076),#1799);
#1704=STYLED_ITEM('',(#3076),#1800);
#1705=STYLED_ITEM('',(#3076),#1801);
#1706=STYLED_ITEM('',(#3076),#1802);
#1707=STYLED_ITEM('',(#3076),#1803);
#1708=STYLED_ITEM('',(#3076),#1804);
#1709=STYLED_ITEM('',(#3076),#1805);
#1710=STYLED_ITEM('',(#3076),#1806);
#1711=STYLED_ITEM('',(#3076),#1807);
#1712=STYLED_ITEM('',(#3076),#1808);
#1713=STYLED_ITEM('',(#3076),#1809);
#1714=STYLED_ITEM('',(#3076),#1810);
#1715=STYLED_ITEM('',(#3076),#1811);
#1716=STYLED_ITEM('',(#3076),#1812);
#1717=STYLED_ITEM('',(#3076),#1813);
#1718=STYLED_ITEM('',(#3076),#1814);
#1719=STYLED_ITEM('',(#3074),#13);
#1720=ADVANCED_FACE('',(#82),#1589,.F.);
#1721=ADVANCED_FACE('',(#83),#34,.T.);
#1722=ADVANCED_FACE('',(#84,#22),#35,.T.);
#1723=ADVANCED_FACE('',(#85),#36,.T.);
#1724=ADVANCED_FACE('',(#86),#37,.T.);
#1725=ADVANCED_FACE('',(#87),#38,.T.);
#1726=ADVANCED_FACE('',(#88,#23),#39,.T.);
#1727=ADVANCED_FACE('',(#89),#40,.T.);
#1728=ADVANCED_FACE('',(#90),#1590,.T.);
#1729=ADVANCED_FACE('',(#91),#16,.T.);
#1730=ADVANCED_FACE('',(#92),#1591,.T.);
#1731=ADVANCED_FACE('',(#93),#17,.T.);
#1732=ADVANCED_FACE('',(#94),#1592,.T.);
#1733=ADVANCED_FACE('',(#95),#18,.T.);
#1734=ADVANCED_FACE('',(#96),#1593,.T.);
#1735=ADVANCED_FACE('',(#97),#19,.T.);
#1736=ADVANCED_FACE('',(#98),#1594,.T.);
#1737=ADVANCED_FACE('',(#99),#20,.T.);
#1738=ADVANCED_FACE('',(#100),#1595,.T.);
#1739=ADVANCED_FACE('',(#101),#21,.T.);
#1740=ADVANCED_FACE('',(#102),#1596,.F.);
#1741=ADVANCED_FACE('',(#103),#41,.F.);
#1742=ADVANCED_FACE('',(#104),#1597,.F.);
#1743=ADVANCED_FACE('',(#105),#42,.F.);
#1744=ADVANCED_FACE('',(#106),#1598,.F.);
#1745=ADVANCED_FACE('',(#107),#43,.F.);
#1746=ADVANCED_FACE('',(#108,#24),#44,.T.);
#1747=ADVANCED_FACE('',(#109),#1599,.F.);
#1748=ADVANCED_FACE('',(#110),#45,.F.);
#1749=ADVANCED_FACE('',(#111),#1600,.F.);
#1750=ADVANCED_FACE('',(#112),#46,.F.);
#1751=ADVANCED_FACE('',(#113),#1601,.F.);
#1752=ADVANCED_FACE('',(#114),#47,.F.);
#1753=ADVANCED_FACE('',(#115),#48,.T.);
#1754=ADVANCED_FACE('',(#116),#1602,.T.);
#1755=ADVANCED_FACE('',(#117),#49,.T.);
#1756=ADVANCED_FACE('',(#118),#1603,.T.);
#1757=ADVANCED_FACE('',(#119),#50,.T.);
#1758=ADVANCED_FACE('',(#120),#1604,.T.);
#1759=ADVANCED_FACE('',(#121),#51,.T.);
#1760=ADVANCED_FACE('',(#122),#1605,.T.);
#1761=ADVANCED_FACE('',(#123),#52,.T.);
#1762=ADVANCED_FACE('',(#124),#1606,.T.);
#1763=ADVANCED_FACE('',(#125),#53,.T.);
#1764=ADVANCED_FACE('',(#126),#1607,.T.);
#1765=ADVANCED_FACE('',(#127),#54,.T.);
#1766=ADVANCED_FACE('',(#128),#14,.F.);
#1767=ADVANCED_FACE('',(#129),#1608,.F.);
#1768=ADVANCED_FACE('',(#130),#15,.F.);
#1769=ADVANCED_FACE('',(#131),#1609,.F.);
#1770=ADVANCED_FACE('',(#132,#25),#55,.F.);
#1771=ADVANCED_FACE('',(#133),#56,.T.);
#1772=ADVANCED_FACE('',(#134),#1610,.T.);
#1773=ADVANCED_FACE('',(#135),#57,.T.);
#1774=ADVANCED_FACE('',(#136),#58,.T.);
#1775=ADVANCED_FACE('',(#137),#1611,.T.);
#1776=ADVANCED_FACE('',(#138),#59,.T.);
#1777=ADVANCED_FACE('',(#139,#26),#60,.F.);
#1778=ADVANCED_FACE('',(#140),#61,.T.);
#1779=ADVANCED_FACE('',(#141),#1612,.T.);
#1780=ADVANCED_FACE('',(#142),#1613,.T.);
#1781=ADVANCED_FACE('',(#143),#62,.T.);
#1782=ADVANCED_FACE('',(#144),#1614,.T.);
#1783=ADVANCED_FACE('',(#145,#27,#28,#29),#63,.F.);
#1784=ADVANCED_FACE('',(#146),#64,.T.);
#1785=ADVANCED_FACE('',(#147),#1615,.T.);
#1786=ADVANCED_FACE('',(#148),#65,.T.);
#1787=ADVANCED_FACE('',(#149),#1616,.T.);
#1788=ADVANCED_FACE('',(#150),#66,.T.);
#1789=ADVANCED_FACE('',(#151),#1617,.T.);
#1790=ADVANCED_FACE('',(#152),#67,.T.);
#1791=ADVANCED_FACE('',(#153),#1618,.T.);
#1792=ADVANCED_FACE('',(#154),#68,.T.);
#1793=ADVANCED_FACE('',(#155),#1619,.T.);
#1794=ADVANCED_FACE('',(#156),#69,.T.);
#1795=ADVANCED_FACE('',(#157),#70,.T.);
#1796=ADVANCED_FACE('',(#158),#1620,.T.);
#1797=ADVANCED_FACE('',(#159),#71,.T.);
#1798=ADVANCED_FACE('',(#160),#1621,.T.);
#1799=ADVANCED_FACE('',(#161),#72,.T.);
#1800=ADVANCED_FACE('',(#162),#1622,.T.);
#1801=ADVANCED_FACE('',(#163),#73,.T.);
#1802=ADVANCED_FACE('',(#164),#1623,.T.);
#1803=ADVANCED_FACE('',(#165),#74,.T.);
#1804=ADVANCED_FACE('',(#166),#75,.T.);
#1805=ADVANCED_FACE('',(#167),#1624,.T.);
#1806=ADVANCED_FACE('',(#168),#76,.T.);
#1807=ADVANCED_FACE('',(#169),#1625,.T.);
#1808=ADVANCED_FACE('',(#170),#77,.T.);
#1809=ADVANCED_FACE('',(#171),#1626,.T.);
#1810=ADVANCED_FACE('',(#172),#78,.T.);
#1811=ADVANCED_FACE('',(#173),#1627,.T.);
#1812=ADVANCED_FACE('',(#174),#79,.T.);
#1813=ADVANCED_FACE('',(#175,#30),#80,.T.);
#1814=ADVANCED_FACE('',(#176,#31,#32,#33),#81,.T.);
#1815=CLOSED_SHELL('',(#1720,#1721,#1722,#1723,#1724,#1725,#1726,#1727,
#1728,#1729,#1730,#1731,#1732,#1733,#1734,#1735,#1736,#1737,#1738,#1739,
#1740,#1741,#1742,#1743,#1744,#1745,#1746,#1747,#1748,#1749,#1750,#1751,
#1752,#1753,#1754,#1755,#1756,#1757,#1758,#1759,#1760,#1761,#1762,#1763,
#1764,#1765,#1766,#1767,#1768,#1769,#1770,#1771,#1772,#1773,#1774,#1775,
#1776,#1777,#1778,#1779,#1780,#1781,#1782,#1783,#1784,#1785,#1786,#1787,
#1788,#1789,#1790,#1791,#1792,#1793,#1794,#1795,#1796,#1797,#1798,#1799,
#1800,#1801,#1802,#1803,#1804,#1805,#1806,#1807,#1808,#1809,#1810,#1811,
#1812,#1813,#1814));
#1816=DERIVED_UNIT_ELEMENT(#1819,1.);
#1817=DERIVED_UNIT_ELEMENT(#3060,-3.);
#1818=DIMENSIONAL_EXPONENTS(0.,1.,0.,0.,0.,0.,0.);
#1819=(
CONVERSION_BASED_UNIT('gram',#1821)
MASS_UNIT()
NAMED_UNIT(#1818)
);
#1820=(
MASS_UNIT()
NAMED_UNIT(*)
SI_UNIT(.KILO.,.GRAM.)
);
#1821=MASS_MEASURE_WITH_UNIT(MASS_MEASURE(0.001),#1820);
#1822=DERIVED_UNIT((#1816,#1817));
#1823=MEASURE_REPRESENTATION_ITEM('density measure',
POSITIVE_RATIO_MEASURE(1.),#1822);
#1824=PROPERTY_DEFINITION_REPRESENTATION(#1829,#1826);
#1825=PROPERTY_DEFINITION_REPRESENTATION(#1830,#1827);
#1826=REPRESENTATION('material name',(#1828),#3057);
#1827=REPRESENTATION('density',(#1823),#3057);
#1828=DESCRIPTIVE_REPRESENTATION_ITEM('Generic','Generic');
#1829=PROPERTY_DEFINITION('material property','material name',#3067);
#1830=PROPERTY_DEFINITION('material property','density of part',#3067);
#1831=DATE_TIME_ROLE('creation_date');
#1832=APPLIED_DATE_AND_TIME_ASSIGNMENT(#1833,#1831,(#3067));
#1833=DATE_AND_TIME(#1834,#1835);
#1834=CALENDAR_DATE(2025,21,5);
#1835=LOCAL_TIME(0,0,0.,#1836);
#1836=COORDINATED_UNIVERSAL_TIME_OFFSET(0,0,.BEHIND.);
#1837=AXIS2_PLACEMENT_3D('',#2552,#2023,#2024);
#1838=AXIS2_PLACEMENT_3D('',#2553,#2025,#2026);
#1839=AXIS2_PLACEMENT_3D('',#2555,#2027,#2028);
#1840=AXIS2_PLACEMENT_3D('',#2558,#2030,#2031);
#1841=AXIS2_PLACEMENT_3D('',#2559,#2032,#2033);
#1842=AXIS2_PLACEMENT_3D('',#2568,#2038,#2039);
#1843=AXIS2_PLACEMENT_3D('',#2578,#2045,#2046);
#1844=AXIS2_PLACEMENT_3D('',#2582,#2049,#2050);
#1845=AXIS2_PLACEMENT_3D('',#2586,#2053,#2054);
#1846=AXIS2_PLACEMENT_3D('',#2590,#2057,#2058);
#1847=AXIS2_PLACEMENT_3D('',#2594,#2061,#2062);
#1848=AXIS2_PLACEMENT_3D('',#2596,#2064,#2065);
#1849=AXIS2_PLACEMENT_3D('',#2599,#2066,#2067);
#1850=AXIS2_PLACEMENT_3D('',#2603,#2069,#2070);
#1851=AXIS2_PLACEMENT_3D('',#2605,#2072,#2073);
#1852=AXIS2_PLACEMENT_3D('',#2608,#2074,#2075);
#1853=AXIS2_PLACEMENT_3D('',#2609,#2076,#2077);
#1854=AXIS2_PLACEMENT_3D('',#2610,#2078,#2079);
#1855=AXIS2_PLACEMENT_3D('',#2611,#2080,#2081);
#1856=AXIS2_PLACEMENT_3D('',#2614,#2082,#2083);
#1857=AXIS2_PLACEMENT_3D('',#2617,#2086,#2087);
#1858=AXIS2_PLACEMENT_3D('',#2620,#2088,#2089);
#1859=AXIS2_PLACEMENT_3D('',#2621,#2090,#2091);
#1860=AXIS2_PLACEMENT_3D('',#2622,#2092,#2093);
#1861=AXIS2_PLACEMENT_3D('',#2623,#2094,#2095);
#1862=AXIS2_PLACEMENT_3D('',#2626,#2096,#2097);
#1863=AXIS2_PLACEMENT_3D('',#2629,#2100,#2101);
#1864=AXIS2_PLACEMENT_3D('',#2632,#2102,#2103);
#1865=AXIS2_PLACEMENT_3D('',#2633,#2104,#2105);
#1866=AXIS2_PLACEMENT_3D('',#2634,#2106,#2107);
#1867=AXIS2_PLACEMENT_3D('',#2635,#2108,#2109);
#1868=AXIS2_PLACEMENT_3D('',#2638,#2110,#2111);
#1869=AXIS2_PLACEMENT_3D('',#2641,#2114,#2115);
#1870=AXIS2_PLACEMENT_3D('',#2644,#2116,#2117);
#1871=AXIS2_PLACEMENT_3D('',#2645,#2118,#2119);
#1872=AXIS2_PLACEMENT_3D('',#2646,#2120,#2121);
#1873=AXIS2_PLACEMENT_3D('',#2647,#2122,#2123);
#1874=AXIS2_PLACEMENT_3D('',#2650,#2124,#2125);
#1875=AXIS2_PLACEMENT_3D('',#2653,#2128,#2129);
#1876=AXIS2_PLACEMENT_3D('',#2656,#2130,#2131);
#1877=AXIS2_PLACEMENT_3D('',#2657,#2132,#2133);
#1878=AXIS2_PLACEMENT_3D('',#2658,#2134,#2135);
#1879=AXIS2_PLACEMENT_3D('',#2659,#2136,#2137);
#1880=AXIS2_PLACEMENT_3D('',#2662,#2138,#2139);
#1881=AXIS2_PLACEMENT_3D('',#2665,#2142,#2143);
#1882=AXIS2_PLACEMENT_3D('',#2666,#2144,#2145);
#1883=AXIS2_PLACEMENT_3D('',#2667,#2146,#2147);
#1884=AXIS2_PLACEMENT_3D('',#2668,#2148,#2149);
#1885=AXIS2_PLACEMENT_3D('',#2672,#2151,#2152);
#1886=AXIS2_PLACEMENT_3D('',#2674,#2154,#2155);
#1887=AXIS2_PLACEMENT_3D('',#2678,#2158,#2159);
#1888=AXIS2_PLACEMENT_3D('',#2681,#2161,#2162);
#1889=AXIS2_PLACEMENT_3D('',#2682,#2163,#2164);
#1890=AXIS2_PLACEMENT_3D('',#2686,#2167,#2168);
#1891=AXIS2_PLACEMENT_3D('',#2689,#2170,#2171);
#1892=AXIS2_PLACEMENT_3D('',#2690,#2172,#2173);
#1893=AXIS2_PLACEMENT_3D('',#2694,#2176,#2177);
#1894=AXIS2_PLACEMENT_3D('',#2697,#2178,#2179);
#1895=AXIS2_PLACEMENT_3D('',#2701,#2181,#2182);
#1896=AXIS2_PLACEMENT_3D('',#2705,#2184,#2185);
#1897=AXIS2_PLACEMENT_3D('',#2709,#2187,#2188);
#1898=AXIS2_PLACEMENT_3D('',#2711,#2190,#2191);
#1899=AXIS2_PLACEMENT_3D('',#2715,#2193,#2194);
#1900=AXIS2_PLACEMENT_3D('',#2717,#2196,#2197);
#1901=AXIS2_PLACEMENT_3D('',#2719,#2199,#2200);
#1902=AXIS2_PLACEMENT_3D('',#2722,#2202,#2203);
#1903=AXIS2_PLACEMENT_3D('',#2723,#2204,#2205);
#1904=AXIS2_PLACEMENT_3D('',#2727,#2208,#2209);
#1905=AXIS2_PLACEMENT_3D('',#2730,#2211,#2212);
#1906=AXIS2_PLACEMENT_3D('',#2731,#2213,#2214);
#1907=AXIS2_PLACEMENT_3D('',#2733,#2216,#2217);
#1908=AXIS2_PLACEMENT_3D('',#2734,#2218,#2219);
#1909=AXIS2_PLACEMENT_3D('',#2737,#2220,#2221);
#1910=AXIS2_PLACEMENT_3D('',#2741,#2223,#2224);
#1911=AXIS2_PLACEMENT_3D('',#2743,#2226,#2227);
#1912=AXIS2_PLACEMENT_3D('',#2749,#2231,#2232);
#1913=AXIS2_PLACEMENT_3D('',#2752,#2233,#2234);
#1914=AXIS2_PLACEMENT_3D('',#2756,#2236,#2237);
#1915=AXIS2_PLACEMENT_3D('',#2758,#2239,#2240);
#1916=AXIS2_PLACEMENT_3D('',#2761,#2243,#2244);
#1917=AXIS2_PLACEMENT_3D('',#2764,#2245,#2246);
#1918=AXIS2_PLACEMENT_3D('',#2768,#2248,#2249);
#1919=AXIS2_PLACEMENT_3D('',#2770,#2251,#2252);
#1920=AXIS2_PLACEMENT_3D('',#2773,#2255,#2256);
#1921=AXIS2_PLACEMENT_3D('',#2776,#2257,#2258);
#1922=AXIS2_PLACEMENT_3D('',#2780,#2260,#2261);
#1923=AXIS2_PLACEMENT_3D('',#2782,#2263,#2264);
#1924=AXIS2_PLACEMENT_3D('',#2785,#2267,#2268);
#1925=AXIS2_PLACEMENT_3D('',#2787,#2269,#2270);
#1926=AXIS2_PLACEMENT_3D('',#2789,#2271,#2272);
#1927=AXIS2_PLACEMENT_3D('',#2791,#2274,#2275);
#1928=AXIS2_PLACEMENT_3D('',#2797,#2279,#2280);
#1929=AXIS2_PLACEMENT_3D('',#2799,#2281,#2282);
#1930=AXIS2_PLACEMENT_3D('',#2801,#2283,#2284);
#1931=AXIS2_PLACEMENT_3D('',#2803,#2286,#2287);
#1932=AXIS2_PLACEMENT_3D('',#2806,#2290,#2291);
#1933=AXIS2_PLACEMENT_3D('',#2808,#2292,#2293);
#1934=AXIS2_PLACEMENT_3D('',#2811,#2295,#2296);
#1935=AXIS2_PLACEMENT_3D('',#2812,#2297,#2298);
#1936=AXIS2_PLACEMENT_3D('',#2815,#2300,#2301);
#1937=AXIS2_PLACEMENT_3D('',#2816,#2302,#2303);
#1938=AXIS2_PLACEMENT_3D('',#2818,#2304,#2305);
#1939=AXIS2_PLACEMENT_3D('',#2821,#2307,#2308);
#1940=AXIS2_PLACEMENT_3D('',#2822,#2309,#2310);
#1941=AXIS2_PLACEMENT_3D('',#2825,#2312,#2313);
#1942=AXIS2_PLACEMENT_3D('',#2826,#2314,#2315);
#1943=AXIS2_PLACEMENT_3D('',#2829,#2316,#2317);
#1944=AXIS2_PLACEMENT_3D('',#2833,#2319,#2320);
#1945=AXIS2_PLACEMENT_3D('',#2837,#2322,#2323);
#1946=AXIS2_PLACEMENT_3D('',#2839,#2325,#2326);
#1947=AXIS2_PLACEMENT_3D('',#2848,#2331,#2332);
#1948=AXIS2_PLACEMENT_3D('',#2850,#2333,#2334);
#1949=AXIS2_PLACEMENT_3D('',#2852,#2335,#2336);
#1950=AXIS2_PLACEMENT_3D('',#2854,#2338,#2339);
#1951=AXIS2_PLACEMENT_3D('',#2860,#2343,#2344);
#1952=AXIS2_PLACEMENT_3D('',#2866,#2348,#2349);
#1953=AXIS2_PLACEMENT_3D('',#2868,#2350,#2351);
#1954=AXIS2_PLACEMENT_3D('',#2870,#2353,#2354);
#1955=AXIS2_PLACEMENT_3D('',#2874,#2357,#2358);
#1956=AXIS2_PLACEMENT_3D('',#2876,#2359,#2360);
#1957=AXIS2_PLACEMENT_3D('',#2878,#2361,#2362);
#1958=AXIS2_PLACEMENT_3D('',#2880,#2364,#2365);
#1959=AXIS2_PLACEMENT_3D('',#2883,#2368,#2369);
#1960=AXIS2_PLACEMENT_3D('',#2886,#2371,#2372);
#1961=AXIS2_PLACEMENT_3D('',#2887,#2373,#2374);
#1962=AXIS2_PLACEMENT_3D('',#2889,#2375,#2376);
#1963=AXIS2_PLACEMENT_3D('',#2891,#2378,#2379);
#1964=AXIS2_PLACEMENT_3D('',#2895,#2382,#2383);
#1965=AXIS2_PLACEMENT_3D('',#2897,#2385,#2386);
#1966=AXIS2_PLACEMENT_3D('',#2898,#2387,#2388);
#1967=AXIS2_PLACEMENT_3D('',#2901,#2390,#2391);
#1968=AXIS2_PLACEMENT_3D('',#2902,#2392,#2393);
#1969=AXIS2_PLACEMENT_3D('',#2904,#2395,#2396);
#1970=AXIS2_PLACEMENT_3D('',#2906,#2398,#2399);
#1971=AXIS2_PLACEMENT_3D('',#2907,#2400,#2401);
#1972=AXIS2_PLACEMENT_3D('',#2910,#2402,#2403);
#1973=AXIS2_PLACEMENT_3D('',#2914,#2405,#2406);
#1974=AXIS2_PLACEMENT_3D('',#2916,#2408,#2409);
#1975=AXIS2_PLACEMENT_3D('',#2922,#2413,#2414);
#1976=AXIS2_PLACEMENT_3D('',#2924,#2415,#2416);
#1977=AXIS2_PLACEMENT_3D('',#2926,#2417,#2418);
#1978=AXIS2_PLACEMENT_3D('',#2928,#2420,#2421);
#1979=AXIS2_PLACEMENT_3D('',#2934,#2425,#2426);
#1980=AXIS2_PLACEMENT_3D('',#2936,#2427,#2428);
#1981=AXIS2_PLACEMENT_3D('',#2938,#2429,#2430);
#1982=AXIS2_PLACEMENT_3D('',#2940,#2432,#2433);
#1983=AXIS2_PLACEMENT_3D('',#2946,#2437,#2438);
#1984=AXIS2_PLACEMENT_3D('',#2948,#2439,#2440);
#1985=AXIS2_PLACEMENT_3D('',#2950,#2441,#2442);
#1986=AXIS2_PLACEMENT_3D('',#2952,#2444,#2445);
#1987=AXIS2_PLACEMENT_3D('',#2955,#2448,#2449);
#1988=AXIS2_PLACEMENT_3D('',#2956,#2450,#2451);
#1989=AXIS2_PLACEMENT_3D('',#2959,#2452,#2453);
#1990=AXIS2_PLACEMENT_3D('',#2963,#2455,#2456);
#1991=AXIS2_PLACEMENT_3D('',#2965,#2458,#2459);
#1992=AXIS2_PLACEMENT_3D('',#2971,#2463,#2464);
#1993=AXIS2_PLACEMENT_3D('',#2973,#2465,#2466);
#1994=AXIS2_PLACEMENT_3D('',#2975,#2467,#2468);
#1995=AXIS2_PLACEMENT_3D('',#2977,#2470,#2471);
#1996=AXIS2_PLACEMENT_3D('',#2983,#2475,#2476);
#1997=AXIS2_PLACEMENT_3D('',#2985,#2477,#2478);
#1998=AXIS2_PLACEMENT_3D('',#2987,#2479,#2480);
#1999=AXIS2_PLACEMENT_3D('',#2989,#2482,#2483);
#2000=AXIS2_PLACEMENT_3D('',#2995,#2487,#2488);
#2001=AXIS2_PLACEMENT_3D('',#2997,#2489,#2490);
#2002=AXIS2_PLACEMENT_3D('',#2999,#2491,#2492);
#2003=AXIS2_PLACEMENT_3D('',#3001,#2494,#2495);
#2004=AXIS2_PLACEMENT_3D('',#3004,#2498,#2499);
#2005=AXIS2_PLACEMENT_3D('',#3005,#2500,#2501);
#2006=AXIS2_PLACEMENT_3D('',#3008,#2502,#2503);
#2007=AXIS2_PLACEMENT_3D('',#3012,#2505,#2506);
#2008=AXIS2_PLACEMENT_3D('',#3014,#2508,#2509);
#2009=AXIS2_PLACEMENT_3D('',#3020,#2513,#2514);
#2010=AXIS2_PLACEMENT_3D('',#3022,#2515,#2516);
#2011=AXIS2_PLACEMENT_3D('',#3024,#2517,#2518);
#2012=AXIS2_PLACEMENT_3D('',#3026,#2520,#2521);
#2013=AXIS2_PLACEMENT_3D('',#3032,#2525,#2526);
#2014=AXIS2_PLACEMENT_3D('',#3034,#2527,#2528);
#2015=AXIS2_PLACEMENT_3D('',#3036,#2529,#2530);
#2016=AXIS2_PLACEMENT_3D('',#3038,#2532,#2533);
#2017=AXIS2_PLACEMENT_3D('',#3044,#2537,#2538);
#2018=AXIS2_PLACEMENT_3D('',#3046,#2539,#2540);
#2019=AXIS2_PLACEMENT_3D('',#3048,#2541,#2542);
#2020=AXIS2_PLACEMENT_3D('',#3050,#2544,#2545);
#2021=AXIS2_PLACEMENT_3D('',#3053,#2548,#2549);
#2022=AXIS2_PLACEMENT_3D('',#3054,#2550,#2551);
#2023=DIRECTION('axis',(0.,0.,1.));
#2024=DIRECTION('refdir',(1.,0.,0.));
#2025=DIRECTION('center_axis',(-1.,0.,0.));
#2026=DIRECTION('ref_axis',(0.,0.,-1.));
#2027=DIRECTION('center_axis',(-1.,0.,0.));
#2028=DIRECTION('ref_axis',(0.,0.,-1.));
#2029=DIRECTION('',(-1.,0.,0.));
#2030=DIRECTION('center_axis',(1.,0.,0.));
#2031=DIRECTION('ref_axis',(0.,0.,-1.));
#2032=DIRECTION('center_axis',(0.,-0.707106781186548,0.707106781186547));
#2033=DIRECTION('ref_axis',(1.,0.,0.));
#2034=DIRECTION('',(0.,0.707106781186547,0.707106781186548));
#2035=DIRECTION('',(-1.,0.,0.));
#2036=DIRECTION('',(0.,-0.707106781186547,-0.707106781186548));
#2037=DIRECTION('',(1.,0.,0.));
#2038=DIRECTION('center_axis',(-1.,0.,0.));
#2039=DIRECTION('ref_axis',(0.,-1.,0.));
#2040=DIRECTION('',(0.,-1.,0.));
#2041=DIRECTION('',(0.,-0.707106781186547,0.707106781186548));
#2042=DIRECTION('',(0.,0.,1.));
#2043=DIRECTION('',(0.,1.,0.));
#2044=DIRECTION('',(0.,0.,1.));
#2045=DIRECTION('center_axis',(0.,0.,1.));
#2046=DIRECTION('ref_axis',(1.,0.,0.));
#2047=DIRECTION('',(0.,1.,0.));
#2048=DIRECTION('',(1.,0.,0.));
#2049=DIRECTION('center_axis',(0.,0.707106781186548,0.707106781186547));
#2050=DIRECTION('ref_axis',(1.,0.,0.));
#2051=DIRECTION('',(0.,0.707106781186547,-0.707106781186548));
#2052=DIRECTION('',(-1.,0.,0.));
#2053=DIRECTION('center_axis',(0.,1.,0.));
#2054=DIRECTION('ref_axis',(-1.,0.,0.));
#2055=DIRECTION('',(0.,0.,1.));
#2056=DIRECTION('',(1.,0.,0.));
#2057=DIRECTION('center_axis',(1.,0.,0.));
#2058=DIRECTION('ref_axis',(0.,1.,0.));
#2059=DIRECTION('',(0.,0.,1.));
#2060=DIRECTION('',(0.,-1.,0.));
#2061=DIRECTION('center_axis',(0.,-1.,0.));
#2062=DIRECTION('ref_axis',(1.,0.,0.));
#2063=DIRECTION('',(-1.,0.,0.));
#2064=DIRECTION('center_axis',(-1.,0.,0.));
#2065=DIRECTION('ref_axis',(0.,-0.707106781186548,-0.707106781186548));
#2066=DIRECTION('center_axis',(-1.,0.,0.));
#2067=DIRECTION('ref_axis',(0.,0.,-1.));
#2068=DIRECTION('',(-1.,0.,0.));
#2069=DIRECTION('center_axis',(1.,2.22044604925031E-15,0.));
#2070=DIRECTION('ref_axis',(2.22044604925031E-15,-1.,0.));
#2071=DIRECTION('',(1.,0.,0.));
#2072=DIRECTION('center_axis',(0.,0.,1.));
#2073=DIRECTION('ref_axis',(1.,0.,0.));
#2074=DIRECTION('center_axis',(0.707106781209464,0.707106781163631,0.));
#2075=DIRECTION('ref_axis',(0.707106781163631,-0.707106781209464,0.));
#2076=DIRECTION('center_axis',(0.,0.,-1.));
#2077=DIRECTION('ref_axis',(-0.382683432342391,0.923879532520689,0.));
#2078=DIRECTION('center_axis',(0.,0.,1.));
#2079=DIRECTION('ref_axis',(-0.382683432342391,0.923879532520689,0.));
#2080=DIRECTION('center_axis',(-0.707106781163606,-0.707106781209489,0.));
#2081=DIRECTION('ref_axis',(0.500000000016223,-0.499999999983779,-0.707106781186546));
#2082=DIRECTION('center_axis',(0.707106781163606,0.707106781209489,0.));
#2083=DIRECTION('ref_axis',(0.707106781209489,-0.707106781163606,0.));
#2084=DIRECTION('',(0.707106781163606,0.707106781209489,0.));
#2085=DIRECTION('',(-0.707106781163606,-0.707106781209489,0.));
#2086=DIRECTION('center_axis',(0.,0.,1.));
#2087=DIRECTION('ref_axis',(1.,0.,0.));
#2088=DIRECTION('center_axis',(-2.1760371281205E-12,1.,0.));
#2089=DIRECTION('ref_axis',(1.,2.1760371281205E-12,0.));
#2090=DIRECTION('center_axis',(0.,0.,-1.));
#2091=DIRECTION('ref_axis',(-0.92387953252381,0.382683432334854,0.));
#2092=DIRECTION('center_axis',(0.,0.,1.));
#2093=DIRECTION('ref_axis',(-0.923879532523811,0.382683432334854,0.));
#2094=DIRECTION('center_axis',(2.27566288996536E-16,-1.,0.));
#2095=DIRECTION('ref_axis',(0.707106781186549,0.,-0.707106781186546));
#2096=DIRECTION('center_axis',(0.,1.,0.));
#2097=DIRECTION('ref_axis',(1.,0.,0.));
#2098=DIRECTION('',(-2.27566288996536E-16,1.,0.));
#2099=DIRECTION('',(2.27566288996536E-16,-1.,0.));
#2100=DIRECTION('center_axis',(0.,0.,1.));
#2101=DIRECTION('ref_axis',(1.,0.,0.));
#2102=DIRECTION('center_axis',(-1.,1.45528034058181E-11,0.));
#2103=DIRECTION('ref_axis',(1.45528034058181E-11,1.,0.));
#2104=DIRECTION('center_axis',(0.,0.,-1.));
#2105=DIRECTION('ref_axis',(-0.707106781181402,-0.707106781191693,0.));
#2106=DIRECTION('center_axis',(0.,0.,1.));
#2107=DIRECTION('ref_axis',(-0.707106781181402,-0.707106781191693,0.));
#2108=DIRECTION('center_axis',(1.,-1.58603289231726E-16,0.));
#2109=DIRECTION('ref_axis',(0.,0.707106781186548,-0.707106781186548));
#2110=DIRECTION('center_axis',(-1.,0.,0.));
#2111=DIRECTION('ref_axis',(0.,1.,0.));
#2112=DIRECTION('',(-1.,1.58603289231726E-16,0.));
#2113=DIRECTION('',(1.,-1.58603289231726E-16,0.));
#2114=DIRECTION('center_axis',(0.,0.,1.));
#2115=DIRECTION('ref_axis',(1.,0.,0.));
#2116=DIRECTION('center_axis',(-2.9101165919538E-11,-1.,0.));
#2117=DIRECTION('ref_axis',(-1.,2.9101165919538E-11,0.));
#2118=DIRECTION('center_axis',(0.,0.,-1.));
#2119=DIRECTION('ref_axis',(0.707106781181403,-0.707106781191692,0.));
#2120=DIRECTION('center_axis',(0.,0.,1.));
#2121=DIRECTION('ref_axis',(0.707106781181403,-0.707106781191692,0.));
#2122=DIRECTION('center_axis',(-2.27566288996536E-16,1.,0.));
#2123=DIRECTION('ref_axis',(-0.707106781186546,0.,-0.707106781186549));
#2124=DIRECTION('center_axis',(1.11022302462516E-15,-1.,0.));
#2125=DIRECTION('ref_axis',(-1.,-1.11022302462516E-15,0.));
#2126=DIRECTION('',(2.27566288996536E-16,-1.,0.));
#2127=DIRECTION('',(-2.27566288996536E-16,1.,0.));
#2128=DIRECTION('center_axis',(0.,0.,1.));
#2129=DIRECTION('ref_axis',(1.,0.,0.));
#2130=DIRECTION('center_axis',(0.707106781105427,-0.707106781267668,0.));
#2131=DIRECTION('ref_axis',(-0.707106781267668,-0.707106781105427,0.));
#2132=DIRECTION('center_axis',(0.,0.,-1.));
#2133=DIRECTION('ref_axis',(0.923879532533655,0.382683432311089,0.));
#2134=DIRECTION('center_axis',(0.,0.,1.));
#2135=DIRECTION('ref_axis',(0.923879532533655,0.382683432311089,0.));
#2136=DIRECTION('center_axis',(-0.707106781186548,0.707106781186548,0.));
#2137=DIRECTION('ref_axis',(-0.499999999999999,-0.499999999999999,-0.707106781186549));
#2138=DIRECTION('center_axis',(0.707106781186548,-0.707106781186548,0.));
#2139=DIRECTION('ref_axis',(-0.707106781186548,-0.707106781186548,0.));
#2140=DIRECTION('',(0.707106781186548,-0.707106781186548,0.));
#2141=DIRECTION('',(-0.707106781186548,0.707106781186548,0.));
#2142=DIRECTION('center_axis',(0.,0.,1.));
#2143=DIRECTION('ref_axis',(1.,0.,0.));
#2144=DIRECTION('center_axis',(0.,0.,-1.));
#2145=DIRECTION('ref_axis',(0.38268343234239,0.923879532520689,0.));
#2146=DIRECTION('center_axis',(0.,0.,1.));
#2147=DIRECTION('ref_axis',(0.38268343234239,0.923879532520689,0.));
#2148=DIRECTION('center_axis',(0.,0.,1.));
#2149=DIRECTION('ref_axis',(-1.45516931837619E-11,-1.,0.));
#2150=DIRECTION('',(0.,0.,1.));
#2151=DIRECTION('center_axis',(0.,0.,1.));
#2152=DIRECTION('ref_axis',(-1.45516931837619E-11,-1.,0.));
#2153=DIRECTION('',(0.,0.,1.));
#2154=DIRECTION('center_axis',(-1.,-2.27566288996536E-16,0.));
#2155=DIRECTION('ref_axis',(2.27566288996536E-16,-1.,0.));
#2156=DIRECTION('',(0.,0.,1.));
#2157=DIRECTION('',(2.27566288996536E-16,-1.,0.));
#2158=DIRECTION('center_axis',(0.,0.,1.));
#2159=DIRECTION('ref_axis',(-1.,-2.17603712826531E-12,0.));
#2160=DIRECTION('',(0.,0.,1.));
#2161=DIRECTION('center_axis',(0.,0.,1.));
#2162=DIRECTION('ref_axis',(-1.,-2.17603712826531E-12,0.));
#2163=DIRECTION('center_axis',(-0.707106781209489,0.707106781163606,0.));
#2164=DIRECTION('ref_axis',(-0.707106781163606,-0.707106781209489,0.));
#2165=DIRECTION('',(0.,0.,1.));
#2166=DIRECTION('',(-0.707106781163606,-0.707106781209489,0.));
#2167=DIRECTION('center_axis',(0.,0.,1.));
#2168=DIRECTION('ref_axis',(-0.707106781163631,0.707106781209464,0.));
#2169=DIRECTION('',(0.,0.,1.));
#2170=DIRECTION('center_axis',(0.,0.,1.));
#2171=DIRECTION('ref_axis',(-0.707106781163631,0.707106781209464,0.));
#2172=DIRECTION('center_axis',(0.,1.,0.));
#2173=DIRECTION('ref_axis',(-1.,0.,0.));
#2174=DIRECTION('',(0.,0.,1.));
#2175=DIRECTION('',(-1.,0.,0.));
#2176=DIRECTION('center_axis',(0.,0.,-1.));
#2177=DIRECTION('ref_axis',(-1.,0.,0.));
#2178=DIRECTION('center_axis',(0.,0.,1.));
#2179=DIRECTION('ref_axis',(0.707106781186547,0.707106781186547,0.));
#2180=DIRECTION('',(-2.01858731750028E-16,-1.,0.));
#2181=DIRECTION('center_axis',(0.,0.,1.));
#2182=DIRECTION('ref_axis',(0.707106781186547,-0.707106781186548,0.));
#2183=DIRECTION('',(-1.,-7.28015098114857E-17,0.));
#2184=DIRECTION('center_axis',(0.,0.,1.));
#2185=DIRECTION('ref_axis',(-0.707106781186547,-0.707106781186548,0.));
#2186=DIRECTION('',(1.00929365875014E-16,1.,0.));
#2187=DIRECTION('center_axis',(0.,0.,1.));
#2188=DIRECTION('ref_axis',(-0.707106781186547,0.707106781186548,0.));
#2189=DIRECTION('',(1.,-7.28015098114857E-17,0.));
#2190=DIRECTION('center_axis',(0.,0.,1.));
#2191=DIRECTION('ref_axis',(1.,-2.91022761444992E-11,0.));
#2192=DIRECTION('',(0.,0.,1.));
#2193=DIRECTION('center_axis',(0.,0.,1.));
#2194=DIRECTION('ref_axis',(1.,-2.91022761444992E-11,0.));
#2195=DIRECTION('',(0.,0.,1.));
#2196=DIRECTION('center_axis',(-1.58603289231726E-16,-1.,0.));
#2197=DIRECTION('ref_axis',(1.,-1.58603289231726E-16,0.));
#2198=DIRECTION('',(1.,-1.58603289231726E-16,0.));
#2199=DIRECTION('center_axis',(0.,0.,1.));
#2200=DIRECTION('ref_axis',(-1.67299507580765E-11,1.,0.));
#2201=DIRECTION('',(0.,0.,1.));
#2202=DIRECTION('center_axis',(0.,0.,1.));
#2203=DIRECTION('ref_axis',(-1.67299507580765E-11,1.,0.));
#2204=DIRECTION('center_axis',(0.707106781186548,0.707106781186548,0.));
#2205=DIRECTION('ref_axis',(-0.707106781186548,0.707106781186548,0.));
#2206=DIRECTION('',(0.,0.,1.));
#2207=DIRECTION('',(-0.707106781186548,0.707106781186548,0.));
#2208=DIRECTION('center_axis',(0.,0.,1.));
#2209=DIRECTION('ref_axis',(0.707106781267671,0.707106781105424,0.));
#2210=DIRECTION('',(0.,0.,1.));
#2211=DIRECTION('center_axis',(0.,0.,1.));
#2212=DIRECTION('ref_axis',(0.707106781267671,0.707106781105424,0.));
#2213=DIRECTION('center_axis',(1.,2.27566288996536E-16,0.));
#2214=DIRECTION('ref_axis',(-2.27566288996536E-16,1.,0.));
#2215=DIRECTION('',(-2.27566288996536E-16,1.,0.));
#2216=DIRECTION('center_axis',(0.,0.,-1.));
#2217=DIRECTION('ref_axis',(-1.,0.,0.));
#2218=DIRECTION('center_axis',(0.,0.,1.));
#2219=DIRECTION('ref_axis',(0.38268343236509,0.923879532511287,0.));
#2220=DIRECTION('center_axis',(0.,0.,-1.));
#2221=DIRECTION('ref_axis',(0.38268343236509,0.923879532511287,0.));
#2222=DIRECTION('',(0.,0.,-1.));
#2223=DIRECTION('center_axis',(0.,0.,-1.));
#2224=DIRECTION('ref_axis',(0.38268343236509,0.923879532511287,0.));
#2225=DIRECTION('',(0.,0.,1.));
#2226=DIRECTION('center_axis',(0.,1.,0.));
#2227=DIRECTION('ref_axis',(-1.,0.,0.));
#2228=DIRECTION('',(-1.,0.,0.));
#2229=DIRECTION('',(0.,0.,-1.));
#2230=DIRECTION('',(-1.,0.,0.));
#2231=DIRECTION('center_axis',(0.,0.,-1.));
#2232=DIRECTION('ref_axis',(0.923879532511287,0.38268343236509,0.));
#2233=DIRECTION('center_axis',(0.,0.,-1.));
#2234=DIRECTION('ref_axis',(0.923879532511287,0.38268343236509,0.));
#2235=DIRECTION('',(0.,0.,-1.));
#2236=DIRECTION('center_axis',(0.,0.,-1.));
#2237=DIRECTION('ref_axis',(0.923879532511287,0.38268343236509,0.));
#2238=DIRECTION('',(0.,0.,1.));
#2239=DIRECTION('center_axis',(0.707106781186548,0.707106781186548,0.));
#2240=DIRECTION('ref_axis',(0.,0.,-1.));
#2241=DIRECTION('',(0.707106781186548,-0.707106781186548,0.));
#2242=DIRECTION('',(-0.707106781186548,0.707106781186548,0.));
#2243=DIRECTION('center_axis',(0.,0.,1.));
#2244=DIRECTION('ref_axis',(0.707106781186547,-0.707106781186548,0.));
#2245=DIRECTION('center_axis',(0.,0.,-1.));
#2246=DIRECTION('ref_axis',(0.707106781186547,-0.707106781186548,0.));
#2247=DIRECTION('',(0.,0.,-1.));
#2248=DIRECTION('center_axis',(0.,0.,-1.));
#2249=DIRECTION('ref_axis',(0.707106781186547,-0.707106781186548,0.));
#2250=DIRECTION('',(0.,0.,1.));
#2251=DIRECTION('center_axis',(1.,1.2335811384724E-16,0.));
#2252=DIRECTION('ref_axis',(-1.2335811384724E-16,1.,0.));
#2253=DIRECTION('',(-1.2335811384724E-16,1.,0.));
#2254=DIRECTION('',(-1.2335811384724E-16,1.,0.));
#2255=DIRECTION('center_axis',(0.,0.,1.));
#2256=DIRECTION('ref_axis',(-0.707106781186547,-0.707106781186548,0.));
#2257=DIRECTION('center_axis',(0.,0.,-1.));
#2258=DIRECTION('ref_axis',(-0.707106781186547,-0.707106781186548,0.));
#2259=DIRECTION('',(0.,0.,-1.));
#2260=DIRECTION('center_axis',(0.,0.,-1.));
#2261=DIRECTION('ref_axis',(-0.707106781186547,-0.707106781186548,0.));
#2262=DIRECTION('',(0.,0.,1.));
#2263=DIRECTION('center_axis',(-1.2335811384724E-16,-1.,0.));
#2264=DIRECTION('ref_axis',(1.,-1.2335811384724E-16,0.));
#2265=DIRECTION('',(1.,-1.2335811384724E-16,0.));
#2266=DIRECTION('',(1.,-1.2335811384724E-16,0.));
#2267=DIRECTION('center_axis',(0.,0.,-1.));
#2268=DIRECTION('ref_axis',(-0.38268343236509,0.923879532511287,0.));
#2269=DIRECTION('center_axis',(0.,0.,-1.));
#2270=DIRECTION('ref_axis',(-0.38268343236509,0.923879532511287,0.));
#2271=DIRECTION('center_axis',(0.,0.,-1.));
#2272=DIRECTION('ref_axis',(-0.38268343236509,0.923879532511287,0.));
#2273=DIRECTION('',(0.,0.,1.));
#2274=DIRECTION('center_axis',(-0.707106781186548,0.707106781186547,0.));
#2275=DIRECTION('ref_axis',(0.,0.,1.));
#2276=DIRECTION('',(-0.707106781186547,-0.707106781186548,0.));
#2277=DIRECTION('',(0.,0.,-1.));
#2278=DIRECTION('',(0.707106781186547,0.707106781186548,0.));
#2279=DIRECTION('center_axis',(0.,0.,1.));
#2280=DIRECTION('ref_axis',(-0.923879532511287,0.38268343236509,0.));
#2281=DIRECTION('center_axis',(0.,0.,-1.));
#2282=DIRECTION('ref_axis',(-0.923879532511287,0.38268343236509,0.));
#2283=DIRECTION('center_axis',(0.,0.,-1.));
#2284=DIRECTION('ref_axis',(-0.923879532511287,0.38268343236509,0.));
#2285=DIRECTION('',(0.,0.,1.));
#2286=DIRECTION('center_axis',(-1.,-2.46716227694479E-16,0.));
#2287=DIRECTION('ref_axis',(2.46716227694479E-16,-1.,0.));
#2288=DIRECTION('',(2.46716227694479E-16,-1.,0.));
#2289=DIRECTION('',(2.46716227694479E-16,-1.,0.));
#2290=DIRECTION('center_axis',(0.,0.,-1.));
#2291=DIRECTION('ref_axis',(-1.,0.,0.));
#2292=DIRECTION('center_axis',(0.,0.,1.));
#2293=DIRECTION('ref_axis',(-1.,0.,0.));
#2294=DIRECTION('',(-0.707106781186547,8.65956056235493E-17,0.707106781186548));
#2295=DIRECTION('center_axis',(0.,0.,-1.));
#2296=DIRECTION('ref_axis',(-1.,0.,0.));
#2297=DIRECTION('center_axis',(0.,0.,-1.));
#2298=DIRECTION('ref_axis',(-1.,0.,0.));
#2299=DIRECTION('',(0.,0.,1.));
#2300=DIRECTION('center_axis',(0.,0.,-1.));
#2301=DIRECTION('ref_axis',(-1.,0.,0.));
#2302=DIRECTION('center_axis',(0.,0.,-1.));
#2303=DIRECTION('ref_axis',(-1.,0.,0.));
#2304=DIRECTION('center_axis',(0.,0.,1.));
#2305=DIRECTION('ref_axis',(-1.,0.,0.));
#2306=DIRECTION('',(-0.707106781186547,8.65956056235493E-17,0.707106781186548));
#2307=DIRECTION('center_axis',(0.,0.,-1.));
#2308=DIRECTION('ref_axis',(-1.,0.,0.));
#2309=DIRECTION('center_axis',(0.,0.,-1.));
#2310=DIRECTION('ref_axis',(-1.,0.,0.));
#2311=DIRECTION('',(0.,0.,1.));
#2312=DIRECTION('center_axis',(0.,0.,-1.));
#2313=DIRECTION('ref_axis',(-1.,0.,0.));
#2314=DIRECTION('center_axis',(0.,0.,1.));
#2315=DIRECTION('ref_axis',(1.,0.,0.));
#2316=DIRECTION('center_axis',(0.,0.,-1.));
#2317=DIRECTION('ref_axis',(-0.707106781186547,0.707106781186548,0.));
#2318=DIRECTION('',(1.00929365875014E-16,1.,0.));
#2319=DIRECTION('center_axis',(0.,0.,-1.));
#2320=DIRECTION('ref_axis',(-0.707106781186547,-0.707106781186548,0.));
#2321=DIRECTION('',(-0.836870074436455,0.547401569702465,0.));
#2322=DIRECTION('center_axis',(0.,0.,-1.));
#2323=DIRECTION('ref_axis',(-0.547401569702465,0.836870074436455,0.));
#2324=DIRECTION('',(0.836870074436455,0.547401569702465,0.));
#2325=DIRECTION('center_axis',(0.547401569702466,-0.836870074436454,0.));
#2326=DIRECTION('ref_axis',(-0.836870074436454,-0.547401569702466,0.));
#2327=DIRECTION('',(0.836870074436454,0.547401569702466,0.));
#2328=DIRECTION('',(0.,0.,-1.));
#2329=DIRECTION('',(-0.836870074436454,-0.547401569702466,0.));
#2330=DIRECTION('',(0.,0.,-1.));
#2331=DIRECTION('center_axis',(0.,0.,-1.));
#2332=DIRECTION('ref_axis',(0.547401569702465,-0.836870074436455,0.));
#2333=DIRECTION('center_axis',(0.,0.,1.));
#2334=DIRECTION('ref_axis',(0.547401569702465,-0.836870074436455,0.));
#2335=DIRECTION('center_axis',(0.,0.,-1.));
#2336=DIRECTION('ref_axis',(0.547401569702465,-0.836870074436455,0.));
#2337=DIRECTION('',(0.,0.,-1.));
#2338=DIRECTION('center_axis',(0.547401569702465,0.836870074436455,0.));
#2339=DIRECTION('ref_axis',(0.836870074436455,-0.547401569702465,0.));
#2340=DIRECTION('',(-0.836870074436455,0.547401569702465,0.));
#2341=DIRECTION('',(0.836870074436455,-0.547401569702465,0.));
#2342=DIRECTION('',(0.,0.,-1.));
#2343=DIRECTION('center_axis',(-0.547401569702465,0.836870074436455,0.));
#2344=DIRECTION('ref_axis',(0.836870074436455,0.547401569702465,0.));
#2345=DIRECTION('',(-0.836870074436455,-0.547401569702465,0.));
#2346=DIRECTION('',(0.,0.,-1.));
#2347=DIRECTION('',(0.,0.,-1.));
#2348=DIRECTION('center_axis',(0.,0.,-1.));
#2349=DIRECTION('ref_axis',(-0.547401569702465,0.836870074436455,0.));
#2350=DIRECTION('center_axis',(0.,0.,1.));
#2351=DIRECTION('ref_axis',(-0.547401569702465,0.836870074436455,0.));
#2352=DIRECTION('',(0.,0.,-1.));
#2353=DIRECTION('center_axis',(-0.547401569702465,-0.836870074436455,0.));
#2354=DIRECTION('ref_axis',(-0.836870074436455,0.547401569702465,0.));
#2355=DIRECTION('',(0.836870074436455,-0.547401569702465,0.));
#2356=DIRECTION('',(0.,0.,-1.));
#2357=DIRECTION('center_axis',(0.,0.,1.));
#2358=DIRECTION('ref_axis',(1.,0.,0.));
#2359=DIRECTION('center_axis',(0.,0.,-1.));
#2360=DIRECTION('ref_axis',(0.707106781186547,0.707106781186547,0.));
#2361=DIRECTION('center_axis',(0.,0.,-1.));
#2362=DIRECTION('ref_axis',(0.707106781186547,-0.707106781186548,0.));
#2363=DIRECTION('',(-2.01858731750028E-16,-1.,0.));
#2364=DIRECTION('center_axis',(1.,-2.01858731750028E-16,0.));
#2365=DIRECTION('ref_axis',(-2.01858731750028E-16,-1.,0.));
#2366=DIRECTION('',(0.,0.,1.));
#2367=DIRECTION('',(0.,0.,-1.));
#2368=DIRECTION('center_axis',(0.,0.,-1.));
#2369=DIRECTION('ref_axis',(0.707106781186547,0.707106781186547,0.));
#2370=DIRECTION('',(0.,0.,1.));
#2371=DIRECTION('center_axis',(0.,0.,-1.));
#2372=DIRECTION('ref_axis',(0.707106781186547,0.707106781186547,0.));
#2373=DIRECTION('center_axis',(0.,0.,-1.));
#2374=DIRECTION('ref_axis',(0.707106781186547,-0.707106781186548,0.));
#2375=DIRECTION('center_axis',(0.,0.,-1.));
#2376=DIRECTION('ref_axis',(0.707106781186547,-0.707106781186548,0.));
#2377=DIRECTION('',(0.,0.,-1.));
#2378=DIRECTION('center_axis',(7.28015098114857E-17,-1.,0.));
#2379=DIRECTION('ref_axis',(-1.,-7.28015098114857E-17,0.));
#2380=DIRECTION('',(0.,0.,1.));
#2381=DIRECTION('',(-1.,-7.28015098114857E-17,0.));
#2382=DIRECTION('center_axis',(0.,0.,-1.));
#2383=DIRECTION('ref_axis',(-0.707106781186547,-0.707106781186548,0.));
#2384=DIRECTION('',(0.,0.,-1.));
#2385=DIRECTION('center_axis',(0.,0.,-1.));
#2386=DIRECTION('ref_axis',(-0.707106781186547,-0.707106781186548,0.));
#2387=DIRECTION('center_axis',(0.,0.,-1.));
#2388=DIRECTION('ref_axis',(-1.,0.,0.));
#2389=DIRECTION('',(1.,-7.28015098114857E-17,0.));
#2390=DIRECTION('center_axis',(0.,0.,-1.));
#2391=DIRECTION('ref_axis',(-0.707106781186547,0.707106781186548,0.));
#2392=DIRECTION('center_axis',(-1.,1.00929365875014E-16,0.));
#2393=DIRECTION('ref_axis',(1.00929365875014E-16,1.,0.));
#2394=DIRECTION('',(0.,0.,1.));
#2395=DIRECTION('center_axis',(0.,0.,-1.));
#2396=DIRECTION('ref_axis',(-0.707106781186547,0.707106781186548,0.));
#2397=DIRECTION('',(0.,0.,-1.));
#2398=DIRECTION('center_axis',(7.28015098114857E-17,1.,0.));
#2399=DIRECTION('ref_axis',(1.,-7.28015098114857E-17,0.));
#2400=DIRECTION('center_axis',(0.,0.,1.));
#2401=DIRECTION('ref_axis',(-1.,0.,0.));
#2402=DIRECTION('center_axis',(0.,0.,-1.));
#2403=DIRECTION('ref_axis',(-1.,0.,0.));
#2404=DIRECTION('',(0.,0.,1.));
#2405=DIRECTION('center_axis',(0.,0.,1.));
#2406=DIRECTION('ref_axis',(-1.,0.,0.));
#2407=DIRECTION('',(0.,0.,1.));
#2408=DIRECTION('center_axis',(-1.,-1.11022302462516E-16,0.));
#2409=DIRECTION('ref_axis',(1.11022302462516E-16,-1.,0.));
#2410=DIRECTION('',(-1.11022302462516E-16,1.,0.));
#2411=DIRECTION('',(1.11022302462516E-16,-1.,0.));
#2412=DIRECTION('',(0.,0.,1.));
#2413=DIRECTION('center_axis',(0.,0.,1.));
#2414=DIRECTION('ref_axis',(0.,1.,0.));
#2415=DIRECTION('center_axis',(0.,0.,-1.));
#2416=DIRECTION('ref_axis',(0.,1.,0.));
#2417=DIRECTION('center_axis',(0.,0.,1.));
#2418=DIRECTION('ref_axis',(0.,1.,0.));
#2419=DIRECTION('',(0.,0.,1.));
#2420=DIRECTION('center_axis',(-2.77555756156289E-16,1.,0.));
#2421=DIRECTION('ref_axis',(-1.,-2.77555756156289E-16,0.));
#2422=DIRECTION('',(1.,2.77555756156289E-16,0.));
#2423=DIRECTION('',(-1.,-2.77555756156289E-16,0.));
#2424=DIRECTION('',(0.,0.,1.));
#2425=DIRECTION('center_axis',(0.,0.,1.));
#2426=DIRECTION('ref_axis',(1.,0.,0.));
#2427=DIRECTION('center_axis',(0.,0.,-1.));
#2428=DIRECTION('ref_axis',(1.,0.,0.));
#2429=DIRECTION('center_axis',(0.,0.,1.));
#2430=DIRECTION('ref_axis',(1.,0.,0.));
#2431=DIRECTION('',(0.,0.,1.));
#2432=DIRECTION('center_axis',(1.,0.,0.));
#2433=DIRECTION('ref_axis',(0.,1.,0.));
#2434=DIRECTION('',(0.,-1.,0.));
#2435=DIRECTION('',(0.,1.,0.));
#2436=DIRECTION('',(0.,0.,1.));
#2437=DIRECTION('center_axis',(0.,0.,1.));
#2438=DIRECTION('ref_axis',(0.,-1.,0.));
#2439=DIRECTION('center_axis',(0.,0.,-1.));
#2440=DIRECTION('ref_axis',(0.,-1.,0.));
#2441=DIRECTION('center_axis',(0.,0.,1.));
#2442=DIRECTION('ref_axis',(0.,-1.,0.));
#2443=DIRECTION('',(0.,0.,1.));
#2444=DIRECTION('center_axis',(2.77555756156289E-16,-1.,0.));
#2445=DIRECTION('ref_axis',(1.,2.77555756156289E-16,0.));
#2446=DIRECTION('',(-1.,-2.77555756156289E-16,0.));
#2447=DIRECTION('',(1.,2.77555756156289E-16,0.));
#2448=DIRECTION('center_axis',(0.,0.,1.));
#2449=DIRECTION('ref_axis',(1.,0.,0.));
#2450=DIRECTION('center_axis',(0.,0.,1.));
#2451=DIRECTION('ref_axis',(1.,0.,0.));
#2452=DIRECTION('center_axis',(0.,0.,-1.));
#2453=DIRECTION('ref_axis',(1.,0.,0.));
#2454=DIRECTION('',(0.,0.,1.));
#2455=DIRECTION('center_axis',(0.,0.,1.));
#2456=DIRECTION('ref_axis',(1.,0.,0.));
#2457=DIRECTION('',(0.,0.,1.));
#2458=DIRECTION('center_axis',(1.,0.,0.));
#2459=DIRECTION('ref_axis',(0.,1.,0.));
#2460=DIRECTION('',(0.,-1.,0.));
#2461=DIRECTION('',(0.,1.,0.));
#2462=DIRECTION('',(0.,0.,1.));
#2463=DIRECTION('center_axis',(0.,0.,1.));
#2464=DIRECTION('ref_axis',(0.,-1.,0.));
#2465=DIRECTION('center_axis',(0.,0.,-1.));
#2466=DIRECTION('ref_axis',(0.,-1.,0.));
#2467=DIRECTION('center_axis',(0.,0.,1.));
#2468=DIRECTION('ref_axis',(0.,-1.,0.));
#2469=DIRECTION('',(0.,0.,1.));
#2470=DIRECTION('center_axis',(-1.38777878078145E-16,-1.,0.));
#2471=DIRECTION('ref_axis',(1.,-1.38777878078145E-16,0.));
#2472=DIRECTION('',(-1.,1.38777878078145E-16,0.));
#2473=DIRECTION('',(1.,-1.38777878078145E-16,0.));
#2474=DIRECTION('',(0.,0.,1.));
#2475=DIRECTION('center_axis',(0.,0.,1.));
#2476=DIRECTION('ref_axis',(-1.,0.,0.));
#2477=DIRECTION('center_axis',(0.,0.,-1.));
#2478=DIRECTION('ref_axis',(-1.,0.,0.));
#2479=DIRECTION('center_axis',(0.,0.,1.));
#2480=DIRECTION('ref_axis',(-1.,0.,0.));
#2481=DIRECTION('',(0.,0.,1.));
#2482=DIRECTION('center_axis',(-1.,-2.22044604925031E-16,0.));
#2483=DIRECTION('ref_axis',(2.22044604925031E-16,-1.,0.));
#2484=DIRECTION('',(-2.22044604925031E-16,1.,0.));
#2485=DIRECTION('',(2.22044604925031E-16,-1.,0.));
#2486=DIRECTION('',(0.,0.,1.));
#2487=DIRECTION('center_axis',(0.,0.,1.));
#2488=DIRECTION('ref_axis',(0.,1.,0.));
#2489=DIRECTION('center_axis',(0.,0.,-1.));
#2490=DIRECTION('ref_axis',(0.,1.,0.));
#2491=DIRECTION('center_axis',(0.,0.,1.));
#2492=DIRECTION('ref_axis',(0.,1.,0.));
#2493=DIRECTION('',(0.,0.,1.));
#2494=DIRECTION('center_axis',(0.,1.,0.));
#2495=DIRECTION('ref_axis',(-1.,0.,0.));
#2496=DIRECTION('',(1.,0.,0.));
#2497=DIRECTION('',(-1.,0.,0.));
#2498=DIRECTION('center_axis',(0.,0.,1.));
#2499=DIRECTION('ref_axis',(1.,0.,0.));
#2500=DIRECTION('center_axis',(0.,0.,1.));
#2501=DIRECTION('ref_axis',(1.,0.,0.));
#2502=DIRECTION('center_axis',(0.,0.,-1.));
#2503=DIRECTION('ref_axis',(1.,0.,0.));
#2504=DIRECTION('',(0.,0.,1.));
#2505=DIRECTION('center_axis',(0.,0.,1.));
#2506=DIRECTION('ref_axis',(1.,0.,0.));
#2507=DIRECTION('',(0.,0.,1.));
#2508=DIRECTION('center_axis',(1.,0.,0.));
#2509=DIRECTION('ref_axis',(0.,1.,0.));
#2510=DIRECTION('',(0.,-1.,0.));
#2511=DIRECTION('',(0.,1.,0.));
#2512=DIRECTION('',(0.,0.,1.));
#2513=DIRECTION('center_axis',(0.,0.,1.));
#2514=DIRECTION('ref_axis',(0.,-1.,0.));
#2515=DIRECTION('center_axis',(0.,0.,-1.));
#2516=DIRECTION('ref_axis',(0.,-1.,0.));
#2517=DIRECTION('center_axis',(0.,0.,1.));
#2518=DIRECTION('ref_axis',(0.,-1.,0.));
#2519=DIRECTION('',(0.,0.,1.));
#2520=DIRECTION('center_axis',(-2.77555756156289E-16,-1.,0.));
#2521=DIRECTION('ref_axis',(1.,-2.77555756156289E-16,0.));
#2522=DIRECTION('',(-1.,2.77555756156289E-16,0.));
#2523=DIRECTION('',(1.,-2.77555756156289E-16,0.));
#2524=DIRECTION('',(0.,0.,1.));
#2525=DIRECTION('center_axis',(0.,0.,1.));
#2526=DIRECTION('ref_axis',(-1.,0.,0.));
#2527=DIRECTION('center_axis',(0.,0.,-1.));
#2528=DIRECTION('ref_axis',(-1.,0.,0.));
#2529=DIRECTION('center_axis',(0.,0.,1.));
#2530=DIRECTION('ref_axis',(-1.,0.,0.));
#2531=DIRECTION('',(0.,0.,1.));
#2532=DIRECTION('center_axis',(-1.,0.,0.));
#2533=DIRECTION('ref_axis',(0.,-1.,0.));
#2534=DIRECTION('',(0.,1.,0.));
#2535=DIRECTION('',(0.,-1.,0.));
#2536=DIRECTION('',(0.,0.,1.));
#2537=DIRECTION('center_axis',(0.,0.,1.));
#2538=DIRECTION('ref_axis',(0.,1.,0.));
#2539=DIRECTION('center_axis',(0.,0.,-1.));
#2540=DIRECTION('ref_axis',(0.,1.,0.));
#2541=DIRECTION('center_axis',(0.,0.,1.));
#2542=DIRECTION('ref_axis',(0.,1.,0.));
#2543=DIRECTION('',(0.,0.,1.));
#2544=DIRECTION('center_axis',(1.38777878078145E-16,1.,0.));
#2545=DIRECTION('ref_axis',(-1.,1.38777878078145E-16,0.));
#2546=DIRECTION('',(1.,-1.38777878078145E-16,0.));
#2547=DIRECTION('',(-1.,1.38777878078145E-16,0.));
#2548=DIRECTION('center_axis',(0.,0.,1.));
#2549=DIRECTION('ref_axis',(1.,0.,0.));
#2550=DIRECTION('center_axis',(0.,0.,1.));
#2551=DIRECTION('ref_axis',(1.,0.,0.));
#2552=CARTESIAN_POINT('',(0.,0.,0.));
#2553=CARTESIAN_POINT('Origin',(-7.75,-2.5,28.));
#2554=CARTESIAN_POINT('',(-7.75,-2.5,30.05));
#2555=CARTESIAN_POINT('Origin',(-7.75,-2.5,28.));
#2556=CARTESIAN_POINT('',(-8.25,-2.5,30.05));
#2557=CARTESIAN_POINT('',(-7.75,-2.5,30.05));
#2558=CARTESIAN_POINT('Origin',(-8.25,-2.5,28.));
#2559=CARTESIAN_POINT('Origin',(-8.125,-4.3,30.4));
#2560=CARTESIAN_POINT('',(-7.75,-4.9,29.8));
#2561=CARTESIAN_POINT('',(-7.75,-3.7,31.));
#2562=CARTESIAN_POINT('',(-7.75,-6.8,27.9));
#2563=CARTESIAN_POINT('',(-8.25,-3.7,31.));
#2564=CARTESIAN_POINT('',(-8.125,-3.7,31.));
#2565=CARTESIAN_POINT('',(-8.25,-4.9,29.8));
#2566=CARTESIAN_POINT('',(-8.25,-5.6,29.1));
#2567=CARTESIAN_POINT('',(-8.125,-4.9,29.8));
#2568=CARTESIAN_POINT('Origin',(-8.25,-0.0999999999999984,21.));
#2569=CARTESIAN_POINT('',(-8.25,-1.3,31.));
#2570=CARTESIAN_POINT('',(-8.25,-0.0999999999999984,31.));
#2571=CARTESIAN_POINT('',(-8.25,-0.0999999999999984,29.8));
#2572=CARTESIAN_POINT('',(-8.25,1.8,27.9));
#2573=CARTESIAN_POINT('',(-8.25,-0.0999999999999984,21.));
#2574=CARTESIAN_POINT('',(-8.25,-0.0999999999999984,21.));
#2575=CARTESIAN_POINT('',(-8.25,-4.9,21.));
#2576=CARTESIAN_POINT('',(-8.25,-1.3,21.));
#2577=CARTESIAN_POINT('',(-8.25,-4.9,21.));
#2578=CARTESIAN_POINT('Origin',(-8.,-2.5,31.));
#2579=CARTESIAN_POINT('',(-7.75,-1.3,31.));
#2580=CARTESIAN_POINT('',(-7.75,-4.9,31.));
#2581=CARTESIAN_POINT('',(-7.875,-1.3,31.));
#2582=CARTESIAN_POINT('Origin',(-7.875,-0.699999999999998,30.4));
#2583=CARTESIAN_POINT('',(-7.75,-0.0999999999999984,29.8));
#2584=CARTESIAN_POINT('',(-7.75,0.600000000000002,29.1));
#2585=CARTESIAN_POINT('',(-7.875,-0.0999999999999984,29.8));
#2586=CARTESIAN_POINT('Origin',(-7.75,-0.0999999999999984,21.));
#2587=CARTESIAN_POINT('',(-7.75,-0.0999999999999984,21.));
#2588=CARTESIAN_POINT('',(-7.75,-0.0999999999999984,21.));
#2589=CARTESIAN_POINT('',(-7.875,-0.0999999999999983,21.));
#2590=CARTESIAN_POINT('Origin',(-7.75,-4.9,21.));
#2591=CARTESIAN_POINT('',(-7.75,-4.9,21.));
#2592=CARTESIAN_POINT('',(-7.75,-4.9,21.));
#2593=CARTESIAN_POINT('',(-7.75,-3.7,21.));
#2594=CARTESIAN_POINT('Origin',(-8.25,-4.9,21.));
#2595=CARTESIAN_POINT('',(-8.125,-4.9,21.));
#2596=CARTESIAN_POINT('Origin',(4.12867965642363,8.5,-3.5));
#2597=CARTESIAN_POINT('',(8.25735931284726,8.5,-4.));
#2598=CARTESIAN_POINT('',(8.25735931284726,8.,-3.5));
#2599=CARTESIAN_POINT('Origin',(8.25735931284726,8.5,-3.5));
#2600=CARTESIAN_POINT('',(-8.25735931284726,8.,-3.5));
#2601=CARTESIAN_POINT('',(4.12867965642363,8.,-3.5));
#2602=CARTESIAN_POINT('',(-8.25735931284726,8.5,-4.));
#2603=CARTESIAN_POINT('Origin',(-8.25735931284726,8.5,-3.5));
#2604=CARTESIAN_POINT('',(4.12867965642363,8.5,-4.));
#2605=CARTESIAN_POINT('Origin',(-8.25735931288072,6.,-3.5));
#2606=CARTESIAN_POINT('',(-9.6715728752315,7.41421356244246,-3.5));
#2607=CARTESIAN_POINT('',(-10.0251262658133,7.76776695304719,-4.));
#2608=CARTESIAN_POINT('Origin',(-10.0251262658133,7.76776695304719,-3.5));
#2609=CARTESIAN_POINT('Origin',(-8.25735931288072,6.,-4.));
#2610=CARTESIAN_POINT('Origin',(-8.25735931288072,6.,-3.5));
#2611=CARTESIAN_POINT('Origin',(-9.46078643779588,8.33210678110125,-3.5));
#2612=CARTESIAN_POINT('',(-11.9142135624134,5.17157287511509,-3.5));
#2613=CARTESIAN_POINT('',(-12.2677669530181,5.52512626569689,-4.));
#2614=CARTESIAN_POINT('Origin',(-12.2677669530181,5.52512626569689,-3.5));
#2615=CARTESIAN_POINT('',(-9.46078643779588,8.33210678110125,-4.));
#2616=CARTESIAN_POINT('',(-9.10723304719113,7.97855339051945,-3.5));
#2617=CARTESIAN_POINT('Origin',(-10.5,3.75735931288071,-3.5));
#2618=CARTESIAN_POINT('',(-12.5,3.75735931287636,-3.5));
#2619=CARTESIAN_POINT('',(-13.0000000000333,3.75735931287527,-4.));
#2620=CARTESIAN_POINT('Origin',(-13.0000000000333,3.75735931287527,-3.5));
#2621=CARTESIAN_POINT('Origin',(-10.5,3.75735931288071,-4.));
#2622=CARTESIAN_POINT('Origin',(-10.5,3.75735931288071,-3.5));
#2623=CARTESIAN_POINT('Origin',(-13.,1.87867965643818,-3.5));
#2624=CARTESIAN_POINT('',(-12.5,-6.00000000005821,-3.5));
#2625=CARTESIAN_POINT('',(-13.,-6.00000000005821,-4.));
#2626=CARTESIAN_POINT('Origin',(-13.,-6.00000000005821,-3.5));
#2627=CARTESIAN_POINT('',(-13.,1.87867965643818,-4.));
#2628=CARTESIAN_POINT('',(-12.5,1.87867965643818,-3.5));
#2629=CARTESIAN_POINT('Origin',(-10.5,-6.,-3.5));
#2630=CARTESIAN_POINT('',(-10.5000000000291,-8.,-3.5));
#2631=CARTESIAN_POINT('',(-10.5000000000364,-8.50000000003327,-4.));
#2632=CARTESIAN_POINT('Origin',(-10.5000000000364,-8.50000000003327,-3.5));
#2633=CARTESIAN_POINT('Origin',(-10.5,-6.,-4.));
#2634=CARTESIAN_POINT('Origin',(-10.5,-6.,-3.5));
#2635=CARTESIAN_POINT('Origin',(-5.25000000001455,-8.5,-3.5));
#2636=CARTESIAN_POINT('',(10.5000000000291,-8.,-3.5));
#2637=CARTESIAN_POINT('',(10.5000000000291,-8.5,-4.));
#2638=CARTESIAN_POINT('Origin',(10.5000000000291,-8.5,-3.5));
#2639=CARTESIAN_POINT('',(-5.25000000001455,-8.5,-4.));
#2640=CARTESIAN_POINT('',(-5.25000000001455,-8.,-3.5));
#2641=CARTESIAN_POINT('Origin',(10.5,-6.,-3.5));
#2642=CARTESIAN_POINT('',(12.5,-6.00000000005821,-3.5));
#2643=CARTESIAN_POINT('',(13.0000000000333,-6.00000000007276,-4.));
#2644=CARTESIAN_POINT('Origin',(13.0000000000333,-6.00000000007276,-3.5));
#2645=CARTESIAN_POINT('Origin',(10.5,-6.,-4.));
#2646=CARTESIAN_POINT('Origin',(10.5,-6.,-3.5));
#2647=CARTESIAN_POINT('Origin',(13.,-3.0000000000291,-3.5));
#2648=CARTESIAN_POINT('',(12.5,3.75735931287636,-3.5));
#2649=CARTESIAN_POINT('',(13.,3.75735931287636,-4.));
#2650=CARTESIAN_POINT('Origin',(13.,3.75735931287636,-3.5));
#2651=CARTESIAN_POINT('',(13.,-3.0000000000291,-4.));
#2652=CARTESIAN_POINT('',(12.5,-3.0000000000291,-3.5));
#2653=CARTESIAN_POINT('Origin',(10.5,3.75735931288071,-3.5));
#2654=CARTESIAN_POINT('',(11.9142135625589,5.17157287511509,-3.5));
#2655=CARTESIAN_POINT('',(12.2677669531927,5.5251262656678,-4.));
#2656=CARTESIAN_POINT('Origin',(12.2677669531927,5.5251262656678,-3.5));
#2657=CARTESIAN_POINT('Origin',(10.5,3.75735931288071,-4.));
#2658=CARTESIAN_POINT('Origin',(10.5,3.75735931288071,-3.5));
#2659=CARTESIAN_POINT('Origin',(10.5821067812912,7.21078643756931,-3.5));
#2660=CARTESIAN_POINT('',(9.6715728752315,7.41421356244246,-3.5));
#2661=CARTESIAN_POINT('',(10.0251262658248,7.76776695303573,-4.));
#2662=CARTESIAN_POINT('Origin',(10.0251262658248,7.76776695303573,-3.5));
#2663=CARTESIAN_POINT('',(10.5821067812912,7.21078643756931,-4.));
#2664=CARTESIAN_POINT('',(10.2285533906979,6.85723304697603,-3.5));
#2665=CARTESIAN_POINT('Origin',(8.25735931288072,6.,-3.5));
#2666=CARTESIAN_POINT('Origin',(8.25735931288072,6.,-4.));
#2667=CARTESIAN_POINT('Origin',(8.25735931288072,6.,-3.5));
#2668=CARTESIAN_POINT('Origin',(-10.5,-6.,-4.));
#2669=CARTESIAN_POINT('',(-12.5,-6.00000000005821,17.));
#2670=CARTESIAN_POINT('',(-12.5,-6.00000000005821,-4.));
#2671=CARTESIAN_POINT('',(-10.5000000000291,-8.,17.));
#2672=CARTESIAN_POINT('Origin',(-10.5,-6.,17.));
#2673=CARTESIAN_POINT('',(-10.5000000000291,-8.,-4.));
#2674=CARTESIAN_POINT('Origin',(-12.5,3.75735931287636,-4.));
#2675=CARTESIAN_POINT('',(-12.5,3.75735931287636,17.));
#2676=CARTESIAN_POINT('',(-12.5,3.75735931287636,-4.));
#2677=CARTESIAN_POINT('',(-12.5,-6.00000000005821,17.));
#2678=CARTESIAN_POINT('Origin',(-10.5,3.75735931288071,-4.));
#2679=CARTESIAN_POINT('',(-11.9142135624134,5.17157287511509,17.));
#2680=CARTESIAN_POINT('',(-11.9142135624134,5.17157287511509,-4.));
#2681=CARTESIAN_POINT('Origin',(-10.5,3.75735931288071,17.));
#2682=CARTESIAN_POINT('Origin',(-9.6715728752315,7.41421356244246,-4.));
#2683=CARTESIAN_POINT('',(-9.6715728752315,7.41421356244246,17.));
#2684=CARTESIAN_POINT('',(-9.6715728752315,7.41421356244246,-4.));
#2685=CARTESIAN_POINT('',(-11.9142135624134,5.17157287511509,17.));
#2686=CARTESIAN_POINT('Origin',(-8.25735931288072,6.,-4.));
#2687=CARTESIAN_POINT('',(-8.25735931284726,8.,17.));
#2688=CARTESIAN_POINT('',(-8.25735931284726,8.,-4.));
#2689=CARTESIAN_POINT('Origin',(-8.25735931288072,6.,17.));
#2690=CARTESIAN_POINT('Origin',(8.25735931284726,8.,-4.));
#2691=CARTESIAN_POINT('',(8.25735931284726,8.,17.));
#2692=CARTESIAN_POINT('',(8.25735931284726,8.,-4.));
#2693=CARTESIAN_POINT('',(-8.25735931284726,8.,17.));
#2694=CARTESIAN_POINT('Origin',(6.66133814775094E-15,-2.22044604925031E-15,
-4.));
#2695=CARTESIAN_POINT('',(15.25,7.99999999999999,-4.));
#2696=CARTESIAN_POINT('',(12.25,11.,-4.));
#2697=CARTESIAN_POINT('Origin',(12.25,8.,-4.));
#2698=CARTESIAN_POINT('',(15.25,-8.,-4.));
#2699=CARTESIAN_POINT('',(15.25,11.,-4.));
#2700=CARTESIAN_POINT('',(12.25,-11.,-4.));
#2701=CARTESIAN_POINT('Origin',(12.25,-8.,-4.));
#2702=CARTESIAN_POINT('',(-12.25,-11.,-4.));
#2703=CARTESIAN_POINT('',(15.25,-11.,-4.));
#2704=CARTESIAN_POINT('',(-15.25,-8.,-4.));
#2705=CARTESIAN_POINT('Origin',(-12.25,-8.,-4.));
#2706=CARTESIAN_POINT('',(-15.25,8.,-4.));
#2707=CARTESIAN_POINT('',(-15.25,-11.,-4.));
#2708=CARTESIAN_POINT('',(-12.25,11.,-4.));
#2709=CARTESIAN_POINT('Origin',(-12.25,8.,-4.));
#2710=CARTESIAN_POINT('',(-15.25,11.,-4.));
#2711=CARTESIAN_POINT('Origin',(10.5,-6.,-4.));
#2712=CARTESIAN_POINT('',(10.5000000000291,-8.,17.));
#2713=CARTESIAN_POINT('',(10.5000000000291,-8.,-4.));
#2714=CARTESIAN_POINT('',(12.5,-6.00000000005821,17.));
#2715=CARTESIAN_POINT('Origin',(10.5,-6.,17.));
#2716=CARTESIAN_POINT('',(12.5,-6.00000000005821,-4.));
#2717=CARTESIAN_POINT('Origin',(-10.5000000000291,-8.,-4.));
#2718=CARTESIAN_POINT('',(10.5000000000291,-8.,17.));
#2719=CARTESIAN_POINT('Origin',(8.25735931288072,6.,-4.));
#2720=CARTESIAN_POINT('',(9.6715728752315,7.41421356244246,17.));
#2721=CARTESIAN_POINT('',(9.6715728752315,7.41421356244246,-4.));
#2722=CARTESIAN_POINT('Origin',(8.25735931288072,6.,17.));
#2723=CARTESIAN_POINT('Origin',(11.9142135625589,5.17157287511509,-4.));
#2724=CARTESIAN_POINT('',(11.9142135625589,5.17157287511509,17.));
#2725=CARTESIAN_POINT('',(11.9142135625589,5.17157287511509,-4.));
#2726=CARTESIAN_POINT('',(9.6715728752315,7.41421356244246,17.));
#2727=CARTESIAN_POINT('Origin',(10.5,3.75735931288071,-4.));
#2728=CARTESIAN_POINT('',(12.5,3.75735931287636,17.));
#2729=CARTESIAN_POINT('',(12.5,3.75735931287636,-4.));
#2730=CARTESIAN_POINT('Origin',(10.5,3.75735931288071,17.));
#2731=CARTESIAN_POINT('Origin',(12.5,-6.00000000005821,-4.));
#2732=CARTESIAN_POINT('',(12.5,3.75735931287636,17.));
#2733=CARTESIAN_POINT('Origin',(0.,-2.22044604925031E-15,17.));
#2734=CARTESIAN_POINT('Origin',(8.25735931288072,6.,0.));
#2735=CARTESIAN_POINT('',(8.25735931288072,9.,20.));
#2736=CARTESIAN_POINT('',(10.3786796564404,8.12132034355964,20.));
#2737=CARTESIAN_POINT('Origin',(8.25735931288072,6.,20.));
#2738=CARTESIAN_POINT('',(10.3786796564404,8.12132034355964,0.));
#2739=CARTESIAN_POINT('',(10.3786796564404,8.12132034355964,0.));
#2740=CARTESIAN_POINT('',(8.25735931288072,9.,0.));
#2741=CARTESIAN_POINT('Origin',(8.25735931288072,6.,0.));
#2742=CARTESIAN_POINT('',(8.25735931288072,9.,0.));
#2743=CARTESIAN_POINT('Origin',(13.5,9.,0.));
#2744=CARTESIAN_POINT('',(-8.25735931288072,9.,0.));
#2745=CARTESIAN_POINT('',(13.5,9.,0.));
#2746=CARTESIAN_POINT('',(-8.25735931288072,9.,20.));
#2747=CARTESIAN_POINT('',(-8.25735931288072,9.,0.));
#2748=CARTESIAN_POINT('',(13.5,9.,20.));
#2749=CARTESIAN_POINT('Origin',(10.5,3.75735931288071,0.));
#2750=CARTESIAN_POINT('',(12.6213203435596,5.87867965644035,20.));
#2751=CARTESIAN_POINT('',(13.5,3.75735931288071,20.));
#2752=CARTESIAN_POINT('Origin',(10.5,3.75735931288071,20.));
#2753=CARTESIAN_POINT('',(13.5,3.75735931288071,0.));
#2754=CARTESIAN_POINT('',(13.5,3.75735931288071,0.));
#2755=CARTESIAN_POINT('',(12.6213203435596,5.87867965644035,0.));
#2756=CARTESIAN_POINT('Origin',(10.5,3.75735931288071,0.));
#2757=CARTESIAN_POINT('',(12.6213203435596,5.87867965644035,0.));
#2758=CARTESIAN_POINT('Origin',(11.5,7.,0.));
#2759=CARTESIAN_POINT('',(10.375,8.125,20.));
#2760=CARTESIAN_POINT('',(10.375,8.125,0.));
#2761=CARTESIAN_POINT('Origin',(10.5,-6.,0.));
#2762=CARTESIAN_POINT('',(13.5,-6.,20.));
#2763=CARTESIAN_POINT('',(10.5,-9.,20.));
#2764=CARTESIAN_POINT('Origin',(10.5,-6.,20.));
#2765=CARTESIAN_POINT('',(10.5,-9.,0.));
#2766=CARTESIAN_POINT('',(10.5,-9.,0.));
#2767=CARTESIAN_POINT('',(13.5,-6.,0.));
#2768=CARTESIAN_POINT('Origin',(10.5,-6.,0.));
#2769=CARTESIAN_POINT('',(13.5,-6.,0.));
#2770=CARTESIAN_POINT('Origin',(13.5,-9.,0.));
#2771=CARTESIAN_POINT('',(13.5,-9.00000000000001,20.));
#2772=CARTESIAN_POINT('',(13.5,-9.00000000000001,0.));
#2773=CARTESIAN_POINT('Origin',(-10.5,-6.,0.));
#2774=CARTESIAN_POINT('',(-10.5,-9.,20.));
#2775=CARTESIAN_POINT('',(-13.5,-6.,20.));
#2776=CARTESIAN_POINT('Origin',(-10.5,-6.,20.));
#2777=CARTESIAN_POINT('',(-13.5,-6.,0.));
#2778=CARTESIAN_POINT('',(-13.5,-6.,0.));
#2779=CARTESIAN_POINT('',(-10.5,-9.,0.));
#2780=CARTESIAN_POINT('Origin',(-10.5,-6.,0.));
#2781=CARTESIAN_POINT('',(-10.5,-9.,0.));
#2782=CARTESIAN_POINT('Origin',(-13.5,-9.,0.));
#2783=CARTESIAN_POINT('',(-13.5,-9.,20.));
#2784=CARTESIAN_POINT('',(-13.5,-9.,0.));
#2785=CARTESIAN_POINT('Origin',(-8.25735931288072,6.,0.));
#2786=CARTESIAN_POINT('',(-10.3786796564404,8.12132034355964,20.));
#2787=CARTESIAN_POINT('Origin',(-8.25735931288072,6.,20.));
#2788=CARTESIAN_POINT('',(-10.3786796564404,8.12132034355964,0.));
#2789=CARTESIAN_POINT('Origin',(-8.25735931288072,6.,0.));
#2790=CARTESIAN_POINT('',(-10.3786796564404,8.12132034355964,0.));
#2791=CARTESIAN_POINT('Origin',(-11.5,7.,0.));
#2792=CARTESIAN_POINT('',(-12.6213203435596,5.87867965644036,0.));
#2793=CARTESIAN_POINT('',(-10.375,8.125,0.));
#2794=CARTESIAN_POINT('',(-12.6213203435596,5.87867965644036,20.));
#2795=CARTESIAN_POINT('',(-12.6213203435596,5.87867965644036,0.));
#2796=CARTESIAN_POINT('',(-10.375,8.125,20.));
#2797=CARTESIAN_POINT('Origin',(-10.5,3.75735931288071,0.));
#2798=CARTESIAN_POINT('',(-13.5,3.75735931288071,20.));
#2799=CARTESIAN_POINT('Origin',(-10.5,3.75735931288071,20.));
#2800=CARTESIAN_POINT('',(-13.5,3.75735931288071,0.));
#2801=CARTESIAN_POINT('Origin',(-10.5,3.75735931288071,0.));
#2802=CARTESIAN_POINT('',(-13.5,3.75735931288071,0.));
#2803=CARTESIAN_POINT('Origin',(-13.5,9.,0.));
#2804=CARTESIAN_POINT('',(-13.5,9.,20.));
#2805=CARTESIAN_POINT('',(-13.5,9.,0.));
#2806=CARTESIAN_POINT('Origin',(-20.5,-8.88857041743762E-15,-1.5));
#2807=CARTESIAN_POINT('',(-17.5,-9.25596445718182E-15,-2.));
#2808=CARTESIAN_POINT('Origin',(-20.5,-8.88857041743762E-15,-2.));
#2809=CARTESIAN_POINT('',(-18.5,-9.13349977726709E-15,-1.));
#2810=CARTESIAN_POINT('',(-18.,-9.19473211722446E-15,-1.5));
#2811=CARTESIAN_POINT('Origin',(-20.5,-8.88857041743762E-15,-1.));
#2812=CARTESIAN_POINT('Origin',(-20.5,-8.88857041743762E-15,58.0749531835024));
#2813=CARTESIAN_POINT('',(-18.5,-9.13349977726709E-15,0.));
#2814=CARTESIAN_POINT('',(-18.5,-9.13349977726709E-15,58.0749531835024));
#2815=CARTESIAN_POINT('Origin',(-20.5,-8.88857041743762E-15,0.));
#2816=CARTESIAN_POINT('Origin',(20.5,3.53999010246693E-15,-1.5));
#2817=CARTESIAN_POINT('',(23.5,3.17259606272272E-15,-2.));
#2818=CARTESIAN_POINT('Origin',(20.5,3.53999010246693E-15,-2.));
#2819=CARTESIAN_POINT('',(22.5,3.29506074263746E-15,-1.));
#2820=CARTESIAN_POINT('',(23.,3.23382840268009E-15,-1.5));
#2821=CARTESIAN_POINT('Origin',(20.5,3.53999010246693E-15,-1.));
#2822=CARTESIAN_POINT('Origin',(20.5,3.53999010246693E-15,58.0749531835024));
#2823=CARTESIAN_POINT('',(22.5,3.29506074263746E-15,0.));
#2824=CARTESIAN_POINT('',(22.5,3.29506074263746E-15,58.0749531835024));
#2825=CARTESIAN_POINT('Origin',(20.5,3.53999010246693E-15,0.));
#2826=CARTESIAN_POINT('Origin',(4.44089209850063E-15,-2.22044604925031E-15,
-2.));
#2827=CARTESIAN_POINT('',(-15.25,8.,-2.));
#2828=CARTESIAN_POINT('',(-13.8922047091074,10.5106102233094,-2.));
#2829=CARTESIAN_POINT('Origin',(-12.25,8.,-2.));
#2830=CARTESIAN_POINT('',(-15.25,-8.,-2.));
#2831=CARTESIAN_POINT('',(-15.25,-5.5,-2.));
#2832=CARTESIAN_POINT('',(-13.8922047091074,-10.5106102233094,-2.));
#2833=CARTESIAN_POINT('Origin',(-12.25,-8.,-2.));
#2834=CARTESIAN_POINT('',(-22.2844094182148,-5.02122044661874,-2.));
#2835=CARTESIAN_POINT('',(-22.2844094182148,-5.02122044661874,-2.));
#2836=CARTESIAN_POINT('',(-22.2844094182148,5.02122044661873,-2.));
#2837=CARTESIAN_POINT('Origin',(-19.,-4.37177438822037E-15,-2.));
#2838=CARTESIAN_POINT('',(-13.8922047091074,10.5106102233094,-2.));
#2839=CARTESIAN_POINT('Origin',(22.2844094182148,-5.02122044661873,0.));
#2840=CARTESIAN_POINT('',(13.8922047091074,-10.5106102233094,0.));
#2841=CARTESIAN_POINT('',(22.2844094182148,-5.02122044661873,0.));
#2842=CARTESIAN_POINT('',(13.8922047091074,-10.5106102233094,0.));
#2843=CARTESIAN_POINT('',(13.8922047091074,-10.5106102233094,-2.));
#2844=CARTESIAN_POINT('',(13.8922047091074,-10.5106102233094,0.));
#2845=CARTESIAN_POINT('',(22.2844094182148,-5.02122044661873,-2.));
#2846=CARTESIAN_POINT('',(13.8922047091074,-10.5106102233094,-2.));
#2847=CARTESIAN_POINT('',(22.2844094182148,-5.02122044661873,0.));
#2848=CARTESIAN_POINT('Origin',(19.,3.81841306606676E-15,0.));
#2849=CARTESIAN_POINT('',(22.2844094182148,5.02122044661874,0.));
#2850=CARTESIAN_POINT('Origin',(19.,3.81841306606676E-15,0.));
#2851=CARTESIAN_POINT('',(22.2844094182148,5.02122044661874,-2.));
#2852=CARTESIAN_POINT('Origin',(19.,3.81841306606676E-15,-2.));
#2853=CARTESIAN_POINT('',(22.2844094182148,5.02122044661874,0.));
#2854=CARTESIAN_POINT('Origin',(13.8922047091074,10.5106102233094,0.));
#2855=CARTESIAN_POINT('',(13.8922047091074,10.5106102233094,0.));
#2856=CARTESIAN_POINT('',(22.2844094182148,5.02122044661874,0.));
#2857=CARTESIAN_POINT('',(13.8922047091074,10.5106102233094,-2.));
#2858=CARTESIAN_POINT('',(22.2844094182148,5.02122044661874,-2.));
#2859=CARTESIAN_POINT('',(13.8922047091074,10.5106102233094,0.));
#2860=CARTESIAN_POINT('Origin',(-22.2844094182148,5.02122044661873,0.));
#2861=CARTESIAN_POINT('',(-13.8922047091074,10.5106102233094,0.));
#2862=CARTESIAN_POINT('',(-22.2844094182148,5.02122044661873,0.));
#2863=CARTESIAN_POINT('',(-13.8922047091074,10.5106102233094,0.));
#2864=CARTESIAN_POINT('',(-13.8922047091074,10.5106102233094,0.));
#2865=CARTESIAN_POINT('',(-22.2844094182148,5.02122044661873,0.));
#2866=CARTESIAN_POINT('Origin',(-19.,-4.37177438822037E-15,0.));
#2867=CARTESIAN_POINT('',(-22.2844094182148,-5.02122044661874,0.));
#2868=CARTESIAN_POINT('Origin',(-19.,-4.37177438822037E-15,0.));
#2869=CARTESIAN_POINT('',(-22.2844094182148,-5.02122044661874,0.));
#2870=CARTESIAN_POINT('Origin',(-13.8922047091074,-10.5106102233094,0.));
#2871=CARTESIAN_POINT('',(-13.8922047091074,-10.5106102233094,0.));
#2872=CARTESIAN_POINT('',(-22.2844094182148,-5.02122044661874,0.));
#2873=CARTESIAN_POINT('',(-13.8922047091074,-10.5106102233094,0.));
#2874=CARTESIAN_POINT('Origin',(4.44089209850063E-15,-2.22044604925031E-15,
-2.));
#2875=CARTESIAN_POINT('',(15.25,7.99999999999999,-2.));
#2876=CARTESIAN_POINT('Origin',(12.25,8.,-2.));
#2877=CARTESIAN_POINT('',(15.25,-8.,-2.));
#2878=CARTESIAN_POINT('Origin',(12.25,-8.,-2.));
#2879=CARTESIAN_POINT('',(15.25,5.5,-2.));
#2880=CARTESIAN_POINT('Origin',(15.25,11.,0.));
#2881=CARTESIAN_POINT('',(15.25,-8.,0.));
#2882=CARTESIAN_POINT('',(15.25,7.99999999999999,0.));
#2883=CARTESIAN_POINT('Origin',(12.25,8.,0.));
#2884=CARTESIAN_POINT('',(12.25,11.,0.));
#2885=CARTESIAN_POINT('',(12.25,11.,0.));
#2886=CARTESIAN_POINT('Origin',(12.25,8.,0.));
#2887=CARTESIAN_POINT('Origin',(12.25,-8.,0.));
#2888=CARTESIAN_POINT('',(12.25,-11.,0.));
#2889=CARTESIAN_POINT('Origin',(12.25,-8.,0.));
#2890=CARTESIAN_POINT('',(12.25,-11.,0.));
#2891=CARTESIAN_POINT('Origin',(15.25,-11.,0.));
#2892=CARTESIAN_POINT('',(-12.25,-11.,0.));
#2893=CARTESIAN_POINT('',(-12.25,-11.,0.));
#2894=CARTESIAN_POINT('',(15.25,-11.,0.));
#2895=CARTESIAN_POINT('Origin',(-12.25,-8.,0.));
#2896=CARTESIAN_POINT('',(-15.25,-8.,0.));
#2897=CARTESIAN_POINT('Origin',(-12.25,-8.,0.));
#2898=CARTESIAN_POINT('Origin',(6.66133814775094E-15,-2.22044604925031E-15,
0.));
#2899=CARTESIAN_POINT('',(-12.25,11.,0.));
#2900=CARTESIAN_POINT('',(-15.25,11.,0.));
#2901=CARTESIAN_POINT('Origin',(-12.25,8.,0.));
#2902=CARTESIAN_POINT('Origin',(-15.25,-11.,0.));
#2903=CARTESIAN_POINT('',(-15.25,8.,0.));
#2904=CARTESIAN_POINT('Origin',(-12.25,8.,0.));
#2905=CARTESIAN_POINT('',(-12.25,11.,0.));
#2906=CARTESIAN_POINT('Origin',(-15.25,11.,0.));
#2907=CARTESIAN_POINT('Origin',(6.,-7.5,20.));
#2908=CARTESIAN_POINT('',(6.,-8.5,20.));
#2909=CARTESIAN_POINT('',(5.,-7.5,20.));
#2910=CARTESIAN_POINT('Origin',(6.,-7.5,20.));
#2911=CARTESIAN_POINT('',(6.,-8.5,21.));
#2912=CARTESIAN_POINT('',(6.,-8.5,20.));
#2913=CARTESIAN_POINT('',(5.,-7.5,21.));
#2914=CARTESIAN_POINT('Origin',(6.,-7.5,21.));
#2915=CARTESIAN_POINT('',(5.,-7.5,20.));
#2916=CARTESIAN_POINT('Origin',(5.,2.5,20.));
#2917=CARTESIAN_POINT('',(5.,2.5,20.));
#2918=CARTESIAN_POINT('',(5.,1.25,20.));
#2919=CARTESIAN_POINT('',(5.,2.5,21.));
#2920=CARTESIAN_POINT('',(5.,2.5,21.));
#2921=CARTESIAN_POINT('',(5.,2.5,20.));
#2922=CARTESIAN_POINT('Origin',(6.,2.5,20.));
#2923=CARTESIAN_POINT('',(6.,3.5,20.));
#2924=CARTESIAN_POINT('Origin',(6.,2.5,20.));
#2925=CARTESIAN_POINT('',(6.,3.5,21.));
#2926=CARTESIAN_POINT('Origin',(6.,2.5,21.));
#2927=CARTESIAN_POINT('',(6.,3.5,20.));
#2928=CARTESIAN_POINT('Origin',(10.,3.5,20.));
#2929=CARTESIAN_POINT('',(10.,3.5,20.));
#2930=CARTESIAN_POINT('',(5.,3.5,20.));
#2931=CARTESIAN_POINT('',(10.,3.5,21.));
#2932=CARTESIAN_POINT('',(10.,3.5,21.));
#2933=CARTESIAN_POINT('',(10.,3.5,20.));
#2934=CARTESIAN_POINT('Origin',(10.,2.5,20.));
#2935=CARTESIAN_POINT('',(11.,2.5,20.));
#2936=CARTESIAN_POINT('Origin',(10.,2.5,20.));
#2937=CARTESIAN_POINT('',(11.,2.50000000000001,21.));
#2938=CARTESIAN_POINT('Origin',(10.,2.5,21.));
#2939=CARTESIAN_POINT('',(11.,2.5,20.));
#2940=CARTESIAN_POINT('Origin',(11.,-7.5,20.));
#2941=CARTESIAN_POINT('',(11.,-7.5,20.));
#2942=CARTESIAN_POINT('',(11.,-3.75,20.));
#2943=CARTESIAN_POINT('',(11.,-7.5,21.));
#2944=CARTESIAN_POINT('',(11.,-7.5,21.));
#2945=CARTESIAN_POINT('',(11.,-7.5,20.));
#2946=CARTESIAN_POINT('Origin',(10.,-7.5,20.));
#2947=CARTESIAN_POINT('',(10.,-8.5,20.));
#2948=CARTESIAN_POINT('Origin',(10.,-7.5,20.));
#2949=CARTESIAN_POINT('',(10.,-8.5,21.));
#2950=CARTESIAN_POINT('Origin',(10.,-7.5,21.));
#2951=CARTESIAN_POINT('',(10.,-8.5,20.));
#2952=CARTESIAN_POINT('Origin',(6.,-8.5,20.));
#2953=CARTESIAN_POINT('',(3.,-8.5,20.));
#2954=CARTESIAN_POINT('',(6.,-8.5,21.));
#2955=CARTESIAN_POINT('Origin',(8.,-2.5,21.));
#2956=CARTESIAN_POINT('Origin',(2.,7.5,20.));
#2957=CARTESIAN_POINT('',(2.,8.5,20.));
#2958=CARTESIAN_POINT('',(3.,7.5,20.));
#2959=CARTESIAN_POINT('Origin',(2.,7.5,20.));
#2960=CARTESIAN_POINT('',(2.,8.5,21.));
#2961=CARTESIAN_POINT('',(2.,8.5,20.));
#2962=CARTESIAN_POINT('',(3.,7.5,21.));
#2963=CARTESIAN_POINT('Origin',(2.,7.5,21.));
#2964=CARTESIAN_POINT('',(3.,7.5,20.));
#2965=CARTESIAN_POINT('Origin',(3.,-2.5,20.));
#2966=CARTESIAN_POINT('',(3.,-2.5,20.));
#2967=CARTESIAN_POINT('',(3.,-1.25,20.));
#2968=CARTESIAN_POINT('',(3.,-2.5,21.));
#2969=CARTESIAN_POINT('',(3.,-2.5,21.));
#2970=CARTESIAN_POINT('',(3.,-2.5,20.));
#2971=CARTESIAN_POINT('Origin',(2.,-2.5,20.));
#2972=CARTESIAN_POINT('',(2.,-3.50000000000001,20.));
#2973=CARTESIAN_POINT('Origin',(2.,-2.5,20.));
#2974=CARTESIAN_POINT('',(2.,-3.5,21.));
#2975=CARTESIAN_POINT('Origin',(2.,-2.5,21.));
#2976=CARTESIAN_POINT('',(2.,-3.50000000000001,20.));
#2977=CARTESIAN_POINT('Origin',(-2.,-3.5,20.));
#2978=CARTESIAN_POINT('',(-2.,-3.5,20.));
#2979=CARTESIAN_POINT('',(-1.,-3.5,20.));
#2980=CARTESIAN_POINT('',(-2.,-3.5,21.));
#2981=CARTESIAN_POINT('',(-2.,-3.5,21.));
#2982=CARTESIAN_POINT('',(-2.,-3.5,20.));
#2983=CARTESIAN_POINT('Origin',(-2.,-2.5,20.));
#2984=CARTESIAN_POINT('',(-3.,-2.5,20.));
#2985=CARTESIAN_POINT('Origin',(-2.,-2.5,20.));
#2986=CARTESIAN_POINT('',(-3.,-2.5,21.));
#2987=CARTESIAN_POINT('Origin',(-2.,-2.5,21.));
#2988=CARTESIAN_POINT('',(-3.,-2.5,20.));
#2989=CARTESIAN_POINT('Origin',(-3.,7.5,20.));
#2990=CARTESIAN_POINT('',(-3.,7.5,20.));
#2991=CARTESIAN_POINT('',(-3.,3.75,20.));
#2992=CARTESIAN_POINT('',(-3.,7.5,21.));
#2993=CARTESIAN_POINT('',(-3.,7.5,21.));
#2994=CARTESIAN_POINT('',(-3.,7.5,20.));
#2995=CARTESIAN_POINT('Origin',(-2.,7.5,20.));
#2996=CARTESIAN_POINT('',(-2.,8.5,20.));
#2997=CARTESIAN_POINT('Origin',(-2.,7.5,20.));
#2998=CARTESIAN_POINT('',(-2.,8.5,21.));
#2999=CARTESIAN_POINT('Origin',(-2.,7.5,21.));
#3000=CARTESIAN_POINT('',(-2.,8.5,20.));
#3001=CARTESIAN_POINT('Origin',(2.,8.5,20.));
#3002=CARTESIAN_POINT('',(1.,8.5,20.));
#3003=CARTESIAN_POINT('',(2.,8.5,21.));
#3004=CARTESIAN_POINT('Origin',(0.,2.5,21.));
#3005=CARTESIAN_POINT('Origin',(-6.,2.5,20.));
#3006=CARTESIAN_POINT('',(-6.,3.5,20.));
#3007=CARTESIAN_POINT('',(-5.,2.5,20.));
#3008=CARTESIAN_POINT('Origin',(-6.,2.5,20.));
#3009=CARTESIAN_POINT('',(-6.,3.5,21.));
#3010=CARTESIAN_POINT('',(-6.,3.5,20.));
#3011=CARTESIAN_POINT('',(-5.,2.5,21.));
#3012=CARTESIAN_POINT('Origin',(-6.,2.5,21.));
#3013=CARTESIAN_POINT('',(-5.,2.5,20.));
#3014=CARTESIAN_POINT('Origin',(-5.,-7.5,20.));
#3015=CARTESIAN_POINT('',(-5.,-7.5,20.));
#3016=CARTESIAN_POINT('',(-5.,-3.75,20.));
#3017=CARTESIAN_POINT('',(-5.,-7.5,21.));
#3018=CARTESIAN_POINT('',(-5.,-7.5,21.));
#3019=CARTESIAN_POINT('',(-5.,-7.5,20.));
#3020=CARTESIAN_POINT('Origin',(-6.,-7.5,20.));
#3021=CARTESIAN_POINT('',(-6.,-8.5,20.));
#3022=CARTESIAN_POINT('Origin',(-6.,-7.5,20.));
#3023=CARTESIAN_POINT('',(-6.,-8.5,21.));
#3024=CARTESIAN_POINT('Origin',(-6.,-7.5,21.));
#3025=CARTESIAN_POINT('',(-6.,-8.5,20.));
#3026=CARTESIAN_POINT('Origin',(-10.,-8.5,20.));
#3027=CARTESIAN_POINT('',(-10.,-8.5,20.));
#3028=CARTESIAN_POINT('',(-5.,-8.5,20.));
#3029=CARTESIAN_POINT('',(-10.,-8.5,21.));
#3030=CARTESIAN_POINT('',(-10.,-8.5,21.));
#3031=CARTESIAN_POINT('',(-10.,-8.5,20.));
#3032=CARTESIAN_POINT('Origin',(-10.,-7.5,20.));
#3033=CARTESIAN_POINT('',(-11.,-7.5,20.));
#3034=CARTESIAN_POINT('Origin',(-10.,-7.5,20.));
#3035=CARTESIAN_POINT('',(-11.,-7.5,21.));
#3036=CARTESIAN_POINT('Origin',(-10.,-7.5,21.));
#3037=CARTESIAN_POINT('',(-11.,-7.5,20.));
#3038=CARTESIAN_POINT('Origin',(-11.,2.5,20.));
#3039=CARTESIAN_POINT('',(-11.,2.5,20.));
#3040=CARTESIAN_POINT('',(-11.,1.25,20.));
#3041=CARTESIAN_POINT('',(-11.,2.5,21.));
#3042=CARTESIAN_POINT('',(-11.,2.5,21.));
#3043=CARTESIAN_POINT('',(-11.,2.5,20.));
#3044=CARTESIAN_POINT('Origin',(-10.,2.5,20.));
#3045=CARTESIAN_POINT('',(-10.,3.5,20.));
#3046=CARTESIAN_POINT('Origin',(-10.,2.5,20.));
#3047=CARTESIAN_POINT('',(-10.,3.5,21.));
#3048=CARTESIAN_POINT('Origin',(-10.,2.5,21.));
#3049=CARTESIAN_POINT('',(-10.,3.5,20.));
#3050=CARTESIAN_POINT('Origin',(-6.,3.5,20.));
#3051=CARTESIAN_POINT('',(-3.,3.5,20.));
#3052=CARTESIAN_POINT('',(-6.,3.5,21.));
#3053=CARTESIAN_POINT('Origin',(-8.,-2.5,21.));
#3054=CARTESIAN_POINT('Origin',(0.,-3.33066907387547E-15,20.));
#3055=UNCERTAINTY_MEASURE_WITH_UNIT(LENGTH_MEASURE(0.01),#3059,
'DISTANCE_ACCURACY_VALUE',
'Maximum model space distance between geometric entities at asserted c
onnectivities');
#3056=UNCERTAINTY_MEASURE_WITH_UNIT(LENGTH_MEASURE(0.01),#3059,
'DISTANCE_ACCURACY_VALUE',
'Maximum model space distance between geometric entities at asserted c
onnectivities');
#3057=(
GEOMETRIC_REPRESENTATION_CONTEXT(3)
GLOBAL_UNCERTAINTY_ASSIGNED_CONTEXT((#3055))
GLOBAL_UNIT_ASSIGNED_CONTEXT((#3059,#3061,#3062))
REPRESENTATION_CONTEXT('','3D')
);
#3058=(
GEOMETRIC_REPRESENTATION_CONTEXT(3)
GLOBAL_UNCERTAINTY_ASSIGNED_CONTEXT((#3056))
GLOBAL_UNIT_ASSIGNED_CONTEXT((#3059,#3061,#3062))
REPRESENTATION_CONTEXT('','3D')
);
#3059=(
LENGTH_UNIT()
NAMED_UNIT(*)
SI_UNIT(.MILLI.,.METRE.)
);
#3060=(
LENGTH_UNIT()
NAMED_UNIT(*)
SI_UNIT(.CENTI.,.METRE.)
);
#3061=(
NAMED_UNIT(*)
PLANE_ANGLE_UNIT()
SI_UNIT($,.RADIAN.)
);
#3062=(
NAMED_UNIT(*)
SI_UNIT($,.STERADIAN.)
SOLID_ANGLE_UNIT()
);
#3063=SHAPE_DEFINITION_REPRESENTATION(#3064,#3065);
#3064=PRODUCT_DEFINITION_SHAPE('',$,#3067);
#3065=SHAPE_REPRESENTATION('',(#1837),#3057);
#3066=PRODUCT_DEFINITION_CONTEXT('part definition',#3071,'design');
#3067=PRODUCT_DEFINITION('my_C14','my_C14',#3068,#3066);
#3068=PRODUCT_DEFINITION_FORMATION('',$,#3073);
#3069=PRODUCT_RELATED_PRODUCT_CATEGORY('my_C14','my_C14',(#3073));
#3070=APPLICATION_PROTOCOL_DEFINITION('international standard',
'automotive_design',2009,#3071);
#3071=APPLICATION_CONTEXT(
'Core Data for Automotive Mechanical Design Process');
#3072=PRODUCT_CONTEXT('part definition',#3071,'mechanical');
#3073=PRODUCT('my_C14','my_C14',$,(#3072));
#3074=PRESENTATION_STYLE_ASSIGNMENT((#3077));
#3075=PRESENTATION_STYLE_ASSIGNMENT((#3078));
#3076=PRESENTATION_STYLE_ASSIGNMENT((#3079));
#3077=SURFACE_STYLE_USAGE(.BOTH.,#3084);
#3078=SURFACE_STYLE_USAGE(.BOTH.,#3085);
#3079=SURFACE_STYLE_USAGE(.BOTH.,#3086);
#3080=SURFACE_STYLE_RENDERING_WITH_PROPERTIES($,#3096,(#3082));
#3081=SURFACE_STYLE_RENDERING_WITH_PROPERTIES($,#3098,(#3083));
#3082=SURFACE_STYLE_TRANSPARENT(0.);
#3083=SURFACE_STYLE_TRANSPARENT(0.);
#3084=SURFACE_SIDE_STYLE('',(#3087,#3080));
#3085=SURFACE_SIDE_STYLE('',(#3088));
#3086=SURFACE_SIDE_STYLE('',(#3089,#3081));
#3087=SURFACE_STYLE_FILL_AREA(#3090);
#3088=SURFACE_STYLE_FILL_AREA(#3091);
#3089=SURFACE_STYLE_FILL_AREA(#3092);
#3090=FILL_AREA_STYLE('',(#3093));
#3091=FILL_AREA_STYLE('',(#3094));
#3092=FILL_AREA_STYLE('',(#3095));
#3093=FILL_AREA_STYLE_COLOUR('',#3096);
#3094=FILL_AREA_STYLE_COLOUR('',#3097);
#3095=FILL_AREA_STYLE_COLOUR('',#3098);
#3096=COLOUR_RGB('',0.745098039215686,0.737254901960784,0.729411764705882);
#3097=COLOUR_RGB('',0.325490196078431,0.329411764705882,0.345098039215686);
#3098=COLOUR_RGB('',0.,0.,0.);
ENDSEC;
END-ISO-10303-21;
