ISO-10303-21;
HEADER;
/* Generated by software containing ST-Developer
 * from STEP Tools, Inc. (www.steptools.com) 
 */

FILE_DESCRIPTION(
/* description */ (''),
/* implementation_level */ '2;1');

FILE_NAME(
/* name */ 'my_portafilter_holder.stp',
/* time_stamp */ '2026-04-07T10:56:32+02:00',
/* author */ ('Paul Juschitz'),
/* organization */ (''),
/* preprocessor_version */ 'ST-DEVELOPER v20.1',
/* originating_system */ 'Autodesk Inventor 2026',
/* authorisation */ '');

FILE_SCHEMA (('AUTOMOTIVE_DESIGN { 1 0 10303 214 3 1 1 }'));
ENDSEC;

DATA;
#10=MECHANICAL_DESIGN_GEOMETRIC_PRESENTATION_REPRESENTATION('',(#21,#22,
#23,#24,#25),#2236);
#11=GEOMETRICALLY_BOUNDED_WIREFRAME_SHAPE_REPRESENTATION('',(#12,#13),#2235);
#12=GEOMETRIC_CURVE_SET('Sketch11',(#17,#2225));
#13=GEOMETRIC_CURVE_SET('Sketch14',(#18,#19,#20,#2232));
#14=SHAPE_REPRESENTATION_RELATIONSHIP('SRR','None',#2243,#16);
#15=SHAPE_REPRESENTATION_RELATIONSHIP('SRR','None',#2243,#11);
#16=ADVANCED_BREP_SHAPE_REPRESENTATION('',(#26),#2235);
#17=POLYLINE('',(#2223,#2224));
#18=POLYLINE('',(#2226,#2227));
#19=POLYLINE('',(#2228,#2229));
#20=POLYLINE('',(#2230,#2231));
#21=STYLED_ITEM('',(#2252),#26);
#22=STYLED_ITEM('',(#2253),#17);
#23=STYLED_ITEM('',(#2254),#18);
#24=STYLED_ITEM('',(#2253),#19);
#25=STYLED_ITEM('',(#2254),#20);
#26=MANIFOLD_SOLID_BREP('Solid1',#1051);
#27=B_SPLINE_SURFACE_WITH_KNOTS('',3,3,((#1873,#1874,#1875,#1876,#1877,
#1878,#1879,#1880,#1881,#1882,#1883,#1884,#1885,#1886),(#1887,#1888,#1889,
#1890,#1891,#1892,#1893,#1894,#1895,#1896,#1897,#1898,#1899,#1900),(#1901,
#1902,#1903,#1904,#1905,#1906,#1907,#1908,#1909,#1910,#1911,#1912,#1913,
#1914),(#1915,#1916,#1917,#1918,#1919,#1920,#1921,#1922,#1923,#1924,#1925,
#1926,#1927,#1928),(#1929,#1930,#1931,#1932,#1933,#1934,#1935,#1936,#1937,
#1938,#1939,#1940,#1941,#1942),(#1943,#1944,#1945,#1946,#1947,#1948,#1949,
#1950,#1951,#1952,#1953,#1954,#1955,#1956),(#1957,#1958,#1959,#1960,#1961,
#1962,#1963,#1964,#1965,#1966,#1967,#1968,#1969,#1970),(#1971,#1972,#1973,
#1974,#1975,#1976,#1977,#1978,#1979,#1980,#1981,#1982,#1983,#1984),(#1985,
#1986,#1987,#1988,#1989,#1990,#1991,#1992,#1993,#1994,#1995,#1996,#1997,
#1998),(#1999,#2000,#2001,#2002,#2003,#2004,#2005,#2006,#2007,#2008,#2009,
#2010,#2011,#2012),(#2013,#2014,#2015,#2016,#2017,#2018,#2019,#2020,#2021,
#2022,#2023,#2024,#2025,#2026)),.UNSPECIFIED.,.T.,.F.,.F.,(4,1,1,1,1,1,
1,1,4),(4,1,1,1,1,1,1,1,1,1,1,4),(0.,0.897597901025655,1.79519580205131,
2.69279370307697,3.59039160410262,4.48798950512828,4.71238898038469,5.38558740615393,
6.28318530717959),(1.,1.14285714285714,1.28571428571429,1.57142857142857,
1.85714285714286,2.14285714285714,2.28571428571429,2.42857142857143,2.57142857142857,
2.71428571428571,2.85714285714286,3.),.UNSPECIFIED.);
#28=B_SPLINE_SURFACE_WITH_KNOTS('',3,3,((#2054,#2055,#2056,#2057,#2058,
#2059,#2060,#2061,#2062,#2063,#2064,#2065,#2066,#2067),(#2068,#2069,#2070,
#2071,#2072,#2073,#2074,#2075,#2076,#2077,#2078,#2079,#2080,#2081),(#2082,
#2083,#2084,#2085,#2086,#2087,#2088,#2089,#2090,#2091,#2092,#2093,#2094,
#2095),(#2096,#2097,#2098,#2099,#2100,#2101,#2102,#2103,#2104,#2105,#2106,
#2107,#2108,#2109),(#2110,#2111,#2112,#2113,#2114,#2115,#2116,#2117,#2118,
#2119,#2120,#2121,#2122,#2123),(#2124,#2125,#2126,#2127,#2128,#2129,#2130,
#2131,#2132,#2133,#2134,#2135,#2136,#2137),(#2138,#2139,#2140,#2141,#2142,
#2143,#2144,#2145,#2146,#2147,#2148,#2149,#2150,#2151),(#2152,#2153,#2154,
#2155,#2156,#2157,#2158,#2159,#2160,#2161,#2162,#2163,#2164,#2165),(#2166,
#2167,#2168,#2169,#2170,#2171,#2172,#2173,#2174,#2175,#2176,#2177,#2178,
#2179),(#2180,#2181,#2182,#2183,#2184,#2185,#2186,#2187,#2188,#2189,#2190,
#2191,#2192,#2193),(#2194,#2195,#2196,#2197,#2198,#2199,#2200,#2201,#2202,
#2203,#2204,#2205,#2206,#2207)),.UNSPECIFIED.,.T.,.F.,.F.,(4,1,1,1,1,1,
1,1,4),(4,1,1,1,1,1,1,1,1,1,1,4),(0.,0.897597901025655,1.79519580205131,
2.69279370307697,3.59039160410262,4.48798950512828,4.71238898038469,5.38558740615393,
6.28318530717959),(1.,1.14285714285714,1.28571428571429,1.57142857142857,
1.85714285714286,2.14285714285714,2.28571428571429,2.42857142857143,2.57142857142857,
2.71428571428571,2.85714285714286,3.),.UNSPECIFIED.);
#29=SPHERICAL_SURFACE('',#1141,2.5);
#30=SPHERICAL_SURFACE('',#1148,2.5);
#31=FACE_BOUND('',#137,.T.);
#32=FACE_BOUND('',#138,.T.);
#33=FACE_BOUND('',#141,.T.);
#34=FACE_BOUND('',#142,.T.);
#35=FACE_BOUND('',#169,.T.);
#36=FACE_BOUND('',#173,.T.);
#37=CONICAL_SURFACE('',#1093,1.75,0.785398163397448);
#38=CONICAL_SURFACE('',#1098,1.75,0.785398163397448);
#39=PLANE('',#1076);
#40=PLANE('',#1077);
#41=PLANE('',#1082);
#42=PLANE('',#1087);
#43=PLANE('',#1088);
#44=PLANE('',#1092);
#45=PLANE('',#1103);
#46=PLANE('',#1104);
#47=PLANE('',#1105);
#48=PLANE('',#1109);
#49=PLANE('',#1110);
#50=PLANE('',#1123);
#51=PLANE('',#1124);
#52=PLANE('',#1125);
#53=PLANE('',#1126);
#54=PLANE('',#1127);
#55=PLANE('',#1128);
#56=PLANE('',#1129);
#57=PLANE('',#1130);
#58=PLANE('',#1131);
#59=PLANE('',#1132);
#60=PLANE('',#1133);
#61=PLANE('',#1134);
#62=PLANE('',#1135);
#63=PLANE('',#1136);
#64=PLANE('',#1137);
#65=PLANE('',#1138);
#66=PLANE('',#1139);
#67=PLANE('',#1140);
#68=PLANE('',#1155);
#69=FACE_OUTER_BOUND('',#119,.T.);
#70=FACE_OUTER_BOUND('',#120,.T.);
#71=FACE_OUTER_BOUND('',#121,.T.);
#72=FACE_OUTER_BOUND('',#122,.T.);
#73=FACE_OUTER_BOUND('',#123,.T.);
#74=FACE_OUTER_BOUND('',#124,.T.);
#75=FACE_OUTER_BOUND('',#125,.T.);
#76=FACE_OUTER_BOUND('',#126,.T.);
#77=FACE_OUTER_BOUND('',#127,.T.);
#78=FACE_OUTER_BOUND('',#128,.T.);
#79=FACE_OUTER_BOUND('',#129,.T.);
#80=FACE_OUTER_BOUND('',#130,.T.);
#81=FACE_OUTER_BOUND('',#131,.T.);
#82=FACE_OUTER_BOUND('',#132,.T.);
#83=FACE_OUTER_BOUND('',#133,.T.);
#84=FACE_OUTER_BOUND('',#134,.T.);
#85=FACE_OUTER_BOUND('',#135,.T.);
#86=FACE_OUTER_BOUND('',#136,.T.);
#87=FACE_OUTER_BOUND('',#139,.T.);
#88=FACE_OUTER_BOUND('',#140,.T.);
#89=FACE_OUTER_BOUND('',#143,.T.);
#90=FACE_OUTER_BOUND('',#144,.T.);
#91=FACE_OUTER_BOUND('',#145,.T.);
#92=FACE_OUTER_BOUND('',#146,.T.);
#93=FACE_OUTER_BOUND('',#147,.T.);
#94=FACE_OUTER_BOUND('',#148,.T.);
#95=FACE_OUTER_BOUND('',#149,.T.);
#96=FACE_OUTER_BOUND('',#150,.T.);
#97=FACE_OUTER_BOUND('',#151,.T.);
#98=FACE_OUTER_BOUND('',#152,.T.);
#99=FACE_OUTER_BOUND('',#153,.T.);
#100=FACE_OUTER_BOUND('',#154,.T.);
#101=FACE_OUTER_BOUND('',#155,.T.);
#102=FACE_OUTER_BOUND('',#156,.T.);
#103=FACE_OUTER_BOUND('',#157,.T.);
#104=FACE_OUTER_BOUND('',#158,.T.);
#105=FACE_OUTER_BOUND('',#159,.T.);
#106=FACE_OUTER_BOUND('',#160,.T.);
#107=FACE_OUTER_BOUND('',#161,.T.);
#108=FACE_OUTER_BOUND('',#162,.T.);
#109=FACE_OUTER_BOUND('',#163,.T.);
#110=FACE_OUTER_BOUND('',#164,.T.);
#111=FACE_OUTER_BOUND('',#165,.T.);
#112=FACE_OUTER_BOUND('',#166,.T.);
#113=FACE_OUTER_BOUND('',#167,.T.);
#114=FACE_OUTER_BOUND('',#168,.T.);
#115=FACE_OUTER_BOUND('',#170,.T.);
#116=FACE_OUTER_BOUND('',#171,.T.);
#117=FACE_OUTER_BOUND('',#172,.T.);
#118=FACE_OUTER_BOUND('',#174,.T.);
#119=EDGE_LOOP('',(#683,#684,#685,#686));
#120=EDGE_LOOP('',(#687,#688,#689,#690,#691));
#121=EDGE_LOOP('',(#692,#693,#694,#695,#696,#697,#698,#699,#700,#701,#702,
#703,#704,#705,#706,#707,#708,#709,#710,#711,#712,#713,#714,#715,#716,#717,
#718));
#122=EDGE_LOOP('',(#719,#720,#721,#722));
#123=EDGE_LOOP('',(#723,#724,#725,#726,#727));
#124=EDGE_LOOP('',(#728,#729,#730,#731));
#125=EDGE_LOOP('',(#732,#733,#734,#735));
#126=EDGE_LOOP('',(#736,#737,#738,#739));
#127=EDGE_LOOP('',(#740,#741));
#128=EDGE_LOOP('',(#742,#743,#744,#745,#746,#747,#748,#749));
#129=EDGE_LOOP('',(#750,#751));
#130=EDGE_LOOP('',(#752,#753,#754,#755));
#131=EDGE_LOOP('',(#756,#757,#758,#759));
#132=EDGE_LOOP('',(#760,#761,#762,#763));
#133=EDGE_LOOP('',(#764,#765,#766,#767));
#134=EDGE_LOOP('',(#768,#769,#770,#771));
#135=EDGE_LOOP('',(#772,#773,#774,#775));
#136=EDGE_LOOP('',(#776,#777,#778,#779));
#137=EDGE_LOOP('',(#780));
#138=EDGE_LOOP('',(#781));
#139=EDGE_LOOP('',(#782,#783,#784,#785,#786,#787));
#140=EDGE_LOOP('',(#788,#789,#790,#791,#792,#793));
#141=EDGE_LOOP('',(#794));
#142=EDGE_LOOP('',(#795));
#143=EDGE_LOOP('',(#796,#797,#798,#799,#800,#801,#802,#803,#804,#805,#806,
#807,#808,#809,#810,#811,#812,#813,#814,#815,#816,#817,#818,#819,#820,#821,
#822));
#144=EDGE_LOOP('',(#823,#824,#825,#826));
#145=EDGE_LOOP('',(#827,#828,#829,#830));
#146=EDGE_LOOP('',(#831,#832,#833,#834));
#147=EDGE_LOOP('',(#835,#836,#837,#838));
#148=EDGE_LOOP('',(#839,#840,#841,#842));
#149=EDGE_LOOP('',(#843,#844,#845,#846));
#150=EDGE_LOOP('',(#847,#848,#849,#850,#851,#852,#853,#854));
#151=EDGE_LOOP('',(#855,#856,#857,#858,#859,#860,#861,#862));
#152=EDGE_LOOP('',(#863,#864,#865,#866));
#153=EDGE_LOOP('',(#867,#868,#869,#870));
#154=EDGE_LOOP('',(#871,#872,#873,#874));
#155=EDGE_LOOP('',(#875,#876,#877,#878));
#156=EDGE_LOOP('',(#879,#880,#881,#882,#883,#884,#885,#886));
#157=EDGE_LOOP('',(#887,#888,#889,#890));
#158=EDGE_LOOP('',(#891,#892,#893,#894,#895,#896,#897,#898,#899,#900,#901,
#902,#903,#904));
#159=EDGE_LOOP('',(#905,#906,#907,#908));
#160=EDGE_LOOP('',(#909,#910,#911,#912));
#161=EDGE_LOOP('',(#913,#914,#915,#916));
#162=EDGE_LOOP('',(#917,#918,#919,#920));
#163=EDGE_LOOP('',(#921,#922,#923,#924));
#164=EDGE_LOOP('',(#925,#926,#927,#928,#929,#930,#931,#932,#933,#934,#935,
#936,#937,#938));
#165=EDGE_LOOP('',(#939,#940,#941,#942));
#166=EDGE_LOOP('',(#943,#944,#945,#946));
#167=EDGE_LOOP('',(#947,#948,#949,#950,#951,#952));
#168=EDGE_LOOP('',(#953,#954,#955,#956,#957,#958));
#169=EDGE_LOOP('',(#959,#960,#961));
#170=EDGE_LOOP('',(#962,#963,#964,#965));
#171=EDGE_LOOP('',(#966,#967,#968,#969,#970,#971));
#172=EDGE_LOOP('',(#972,#973,#974,#975,#976,#977));
#173=EDGE_LOOP('',(#978,#979,#980));
#174=EDGE_LOOP('',(#981,#982,#983,#984,#985,#986));
#175=CIRCLE('',#1075,2.5);
#176=CIRCLE('',#1078,5.13706013620736);
#177=CIRCLE('',#1079,5.00178059426187);
#178=CIRCLE('',#1080,2.5);
#179=CIRCLE('',#1084,5.13706013620736);
#180=CIRCLE('',#1086,5.00178059426187);
#181=CIRCLE('',#1089,2.5);
#182=CIRCLE('',#1091,2.5);
#183=CIRCLE('',#1094,2.);
#184=CIRCLE('',#1095,1.5);
#185=CIRCLE('',#1097,1.5);
#186=CIRCLE('',#1099,2.);
#187=CIRCLE('',#1100,1.5);
#188=CIRCLE('',#1102,1.5);
#189=CIRCLE('',#1107,25.0000000000002);
#190=CIRCLE('',#1108,25.0000000000002);
#191=CIRCLE('',#1112,25.0000000000001);
#192=CIRCLE('',#1113,25.0000000000001);
#193=CIRCLE('',#1115,3.);
#194=CIRCLE('',#1116,3.);
#195=CIRCLE('',#1118,14.6799744859671);
#196=CIRCLE('',#1119,14.6799744859671);
#197=CIRCLE('',#1121,3.);
#198=CIRCLE('',#1122,3.);
#199=CIRCLE('',#1142,2.5);
#200=CIRCLE('',#1143,2.5);
#201=CIRCLE('',#1144,2.5);
#202=CIRCLE('',#1146,2.5);
#203=CIRCLE('',#1147,2.5);
#204=CIRCLE('',#1149,2.5);
#205=CIRCLE('',#1150,2.5);
#206=CIRCLE('',#1151,2.5);
#207=CIRCLE('',#1153,2.5);
#208=CIRCLE('',#1154,2.5);
#209=LINE('',#1438,#315);
#210=LINE('',#1441,#316);
#211=LINE('',#1444,#317);
#212=LINE('',#1446,#318);
#213=LINE('',#1448,#319);
#214=LINE('',#1449,#320);
#215=LINE('',#1454,#321);
#216=LINE('',#1456,#322);
#217=LINE('',#1458,#323);
#218=LINE('',#1460,#324);
#219=LINE('',#1462,#325);
#220=LINE('',#1464,#326);
#221=LINE('',#1466,#327);
#222=LINE('',#1468,#328);
#223=LINE('',#1470,#329);
#224=LINE('',#1472,#330);
#225=LINE('',#1474,#331);
#226=LINE('',#1476,#332);
#227=LINE('',#1478,#333);
#228=LINE('',#1480,#334);
#229=LINE('',#1482,#335);
#230=LINE('',#1484,#336);
#231=LINE('',#1486,#337);
#232=LINE('',#1488,#338);
#233=LINE('',#1490,#339);
#234=LINE('',#1494,#340);
#235=LINE('',#1498,#341);
#236=LINE('',#1499,#342);
#237=LINE('',#1508,#343);
#238=LINE('',#1509,#344);
#239=LINE('',#1512,#345);
#240=LINE('',#1514,#346);
#241=LINE('',#1515,#347);
#242=LINE('',#1519,#348);
#243=LINE('',#1524,#349);
#244=LINE('',#1525,#350);
#245=LINE('',#1527,#351);
#246=LINE('',#1602,#352);
#247=LINE('',#1674,#353);
#248=LINE('',#1678,#354);
#249=LINE('',#1684,#355);
#250=LINE('',#1688,#356);
#251=LINE('',#1693,#357);
#252=LINE('',#1695,#358);
#253=LINE('',#1697,#359);
#254=LINE('',#1698,#360);
#255=LINE('',#1702,#361);
#256=LINE('',#1704,#362);
#257=LINE('',#1706,#363);
#258=LINE('',#1707,#364);
#259=LINE('',#1709,#365);
#260=LINE('',#1710,#366);
#261=LINE('',#1714,#367);
#262=LINE('',#1716,#368);
#263=LINE('',#1718,#369);
#264=LINE('',#1722,#370);
#265=LINE('',#1727,#371);
#266=LINE('',#1729,#372);
#267=LINE('',#1731,#373);
#268=LINE('',#1732,#374);
#269=LINE('',#1733,#375);
#270=LINE('',#1745,#376);
#271=LINE('',#1768,#377);
#272=LINE('',#1770,#378);
#273=LINE('',#1772,#379);
#274=LINE('',#1774,#380);
#275=LINE('',#1776,#381);
#276=LINE('',#1777,#382);
#277=LINE('',#1779,#383);
#278=LINE('',#1781,#384);
#279=LINE('',#1782,#385);
#280=LINE('',#1784,#386);
#281=LINE('',#1786,#387);
#282=LINE('',#1788,#388);
#283=LINE('',#1790,#389);
#284=LINE('',#1791,#390);
#285=LINE('',#1792,#391);
#286=LINE('',#1796,#392);
#287=LINE('',#1804,#393);
#288=LINE('',#1807,#394);
#289=LINE('',#1813,#395);
#290=LINE('',#1819,#396);
#291=LINE('',#1821,#397);
#292=LINE('',#1822,#398);
#293=LINE('',#1824,#399);
#294=LINE('',#1825,#400);
#295=LINE('',#1828,#401);
#296=LINE('',#1829,#402);
#297=LINE('',#1830,#403);
#298=LINE('',#1831,#404);
#299=LINE('',#1833,#405);
#300=LINE('',#1835,#406);
#301=LINE('',#1838,#407);
#302=LINE('',#1840,#408);
#303=LINE('',#1841,#409);
#304=LINE('',#1842,#410);
#305=LINE('',#1845,#411);
#306=LINE('',#1846,#412);
#307=LINE('',#1848,#413);
#308=LINE('',#1850,#414);
#309=LINE('',#1853,#415);
#310=LINE('',#1854,#416);
#311=LINE('',#1856,#417);
#312=LINE('',#1858,#418);
#313=LINE('',#1869,#419);
#314=LINE('',#2050,#420);
#315=VECTOR('',#1160,10.);
#316=VECTOR('',#1163,10.);
#317=VECTOR('',#1166,10.);
#318=VECTOR('',#1167,10.);
#319=VECTOR('',#1168,10.);
#320=VECTOR('',#1169,10.);
#321=VECTOR('',#1174,10.);
#322=VECTOR('',#1175,10.);
#323=VECTOR('',#1176,10.);
#324=VECTOR('',#1177,10.);
#325=VECTOR('',#1178,10.);
#326=VECTOR('',#1179,10.);
#327=VECTOR('',#1180,10.);
#328=VECTOR('',#1181,10.);
#329=VECTOR('',#1182,10.);
#330=VECTOR('',#1183,10.);
#331=VECTOR('',#1184,10.);
#332=VECTOR('',#1185,10.);
#333=VECTOR('',#1186,10.);
#334=VECTOR('',#1187,10.);
#335=VECTOR('',#1188,10.);
#336=VECTOR('',#1189,10.);
#337=VECTOR('',#1190,10.);
#338=VECTOR('',#1191,10.);
#339=VECTOR('',#1192,10.);
#340=VECTOR('',#1195,10.);
#341=VECTOR('',#1198,10.);
#342=VECTOR('',#1199,10.);
#343=VECTOR('',#1202,10.);
#344=VECTOR('',#1203,10.);
#345=VECTOR('',#1206,10.);
#346=VECTOR('',#1207,10.);
#347=VECTOR('',#1208,10.);
#348=VECTOR('',#1213,10.);
#349=VECTOR('',#1218,10.);
#350=VECTOR('',#1219,10.);
#351=VECTOR('',#1222,10.);
#352=VECTOR('',#1231,2.5);
#353=VECTOR('',#1238,1.75);
#354=VECTOR('',#1243,1.5);
#355=VECTOR('',#1250,1.75);
#356=VECTOR('',#1255,1.5);
#357=VECTOR('',#1260,10.);
#358=VECTOR('',#1261,10.);
#359=VECTOR('',#1262,10.);
#360=VECTOR('',#1263,10.);
#361=VECTOR('',#1266,10.);
#362=VECTOR('',#1267,10.);
#363=VECTOR('',#1268,10.);
#364=VECTOR('',#1269,10.);
#365=VECTOR('',#1272,10.);
#366=VECTOR('',#1273,10.);
#367=VECTOR('',#1276,10.);
#368=VECTOR('',#1277,10.);
#369=VECTOR('',#1278,10.);
#370=VECTOR('',#1281,10.);
#371=VECTOR('',#1286,10.);
#372=VECTOR('',#1287,10.);
#373=VECTOR('',#1288,10.);
#374=VECTOR('',#1289,10.);
#375=VECTOR('',#1290,10.);
#376=VECTOR('',#1293,10.);
#377=VECTOR('',#1294,10.);
#378=VECTOR('',#1295,10.);
#379=VECTOR('',#1296,10.);
#380=VECTOR('',#1297,10.);
#381=VECTOR('',#1298,10.);
#382=VECTOR('',#1299,10.);
#383=VECTOR('',#1300,10.);
#384=VECTOR('',#1301,10.);
#385=VECTOR('',#1302,10.);
#386=VECTOR('',#1303,10.);
#387=VECTOR('',#1304,10.);
#388=VECTOR('',#1305,10.);
#389=VECTOR('',#1306,10.);
#390=VECTOR('',#1307,10.);
#391=VECTOR('',#1308,10.);
#392=VECTOR('',#1311,10.);
#393=VECTOR('',#1320,10.);
#394=VECTOR('',#1323,10.);
#395=VECTOR('',#1330,10.);
#396=VECTOR('',#1337,10.);
#397=VECTOR('',#1340,10.);
#398=VECTOR('',#1341,10.);
#399=VECTOR('',#1344,10.);
#400=VECTOR('',#1345,10.);
#401=VECTOR('',#1350,10.);
#402=VECTOR('',#1351,10.);
#403=VECTOR('',#1352,10.);
#404=VECTOR('',#1353,10.);
#405=VECTOR('',#1356,10.);
#406=VECTOR('',#1359,10.);
#407=VECTOR('',#1364,10.);
#408=VECTOR('',#1367,10.);
#409=VECTOR('',#1368,10.);
#410=VECTOR('',#1369,10.);
#411=VECTOR('',#1374,10.);
#412=VECTOR('',#1375,10.);
#413=VECTOR('',#1378,10.);
#414=VECTOR('',#1381,10.);
#415=VECTOR('',#1386,10.);
#416=VECTOR('',#1387,10.);
#417=VECTOR('',#1390,10.);
#418=VECTOR('',#1393,10.);
#419=VECTOR('',#1406,2.5);
#420=VECTOR('',#1421,2.5);
#421=B_SPLINE_CURVE_WITH_KNOTS('',3,(#1432,#1433,#1434,#1435,#1436),
 .UNSPECIFIED.,.F.,.F.,(4,1,4),(0.,0.897597901025655,1.57079632680453),
 .UNSPECIFIED.);
#422=B_SPLINE_CURVE_WITH_KNOTS('',3,(#1503,#1504,#1505,#1506,#1507),
 .UNSPECIFIED.,.F.,.F.,(4,1,4),(-1.57079632680453,-0.897597901025655,0.),
 .UNSPECIFIED.);
#423=B_SPLINE_CURVE_WITH_KNOTS('',3,(#1531,#1532,#1533,#1534),
 .UNSPECIFIED.,.F.,.F.,(4,4),(-0.330866223641123,-0.252748007312015),
 .UNSPECIFIED.);
#424=B_SPLINE_CURVE_WITH_KNOTS('',3,(#1539,#1540,#1541,#1542,#1543,#1544,
#1545,#1546,#1547,#1548,#1549,#1550,#1551,#1552,#1553,#1554,#1555,#1556,
#1557,#1558,#1559,#1560,#1561,#1562,#1563,#1564,#1565,#1566,#1567,#1568,
#1569,#1570,#1571,#1572,#1573,#1574,#1575,#1576,#1577,#1578,#1579,#1580,
#1581,#1582),.UNSPECIFIED.,.F.,.F.,(4,2,2,2,2,2,2,2,2,2,2,2,2,2,2,2,2,2,
2,2,2,4),(-0.643586991653656,-0.637408044288541,-0.630983153054216,-0.593659487117703,
-0.556747289401963,-0.530197699767264,-0.509576106109057,-0.490444913269369,
-0.469621842639216,-0.442082002679412,-0.394738977779314,-0.371938447850614,
-0.357778070568581,-0.352042681145751,-0.347129910226341,-0.339463220202818,
-0.312775693892891,-0.254849740437027,-0.2217757170539,-0.196894233961452,
-0.174138537760627,-0.168239211868673),.UNSPECIFIED.);
#425=B_SPLINE_CURVE_WITH_KNOTS('',3,(#1585,#1586,#1587,#1588,#1589,#1590,
#1591,#1592,#1593,#1594,#1595,#1596,#1597,#1598,#1599,#1600),
 .UNSPECIFIED.,.F.,.F.,(4,2,2,2,2,2,2,4),(-0.168239211868673,-0.149536500353539,
-0.117901748572511,-0.0745062411179062,-0.0465165806202719,-0.0281860207432689,
-0.0134781781154963,0.),.UNSPECIFIED.);
#426=B_SPLINE_CURVE_WITH_KNOTS('',3,(#1603,#1604,#1605,#1606,#1607,#1608,
#1609,#1610,#1611,#1612,#1613,#1614,#1615,#1616,#1617,#1618),
 .UNSPECIFIED.,.F.,.F.,(4,2,2,2,2,2,2,4),(-0.866958998651321,-0.857093640308661,
-0.846837588360426,-0.79685299323004,-0.743806219654384,-0.696383081680188,
-0.660804183616759,-0.644202850502794),.UNSPECIFIED.);
#427=B_SPLINE_CURVE_WITH_KNOTS('',3,(#1619,#1620,#1621,#1622,#1623,#1624,
#1625,#1626,#1627,#1628,#1629,#1630,#1631,#1632,#1633,#1634,#1635,#1636,
#1637,#1638,#1639,#1640,#1641,#1642,#1643,#1644,#1645,#1646,#1647,#1648,
#1649,#1650,#1651,#1652,#1653,#1654,#1655,#1656,#1657,#1658,#1659,#1660,
#1661,#1662,#1663,#1664),.UNSPECIFIED.,.F.,.F.,(4,2,2,2,2,2,2,2,2,2,2,2,
2,2,2,2,2,2,2,2,2,2,4),(-0.644202850502794,-0.629534528310453,-0.596644418431818,
-0.5552980827543,-0.495384298256917,-0.46647909266443,-0.443405841707826,
-0.426553358416638,-0.418087930460739,-0.410568308759067,-0.398856601522904,
-0.362012717099445,-0.29690307131557,-0.258669468136931,-0.229665679245198,
-0.202932199685864,-0.173868413169298,-0.136302530886341,-0.0845232129415982,
-0.0520617258944319,-0.0309533378766635,-0.0142700529776788,0.),
 .UNSPECIFIED.);
#428=B_SPLINE_CURVE_WITH_KNOTS('',3,(#1666,#1667,#1668,#1669),
 .UNSPECIFIED.,.F.,.F.,(4,4),(-0.347475876016418,-0.270061762438735),
 .UNSPECIFIED.);
#429=B_SPLINE_CURVE_WITH_KNOTS('',3,(#1735,#1736,#1737,#1738,#1739,#1740,
#1741,#1742,#1743,#1744),.UNSPECIFIED.,.F.,.F.,(4,1,1,1,1,1,1,4),(1.57079632680453,
1.79519580205131,2.69279370307697,3.59039160410262,4.48798950512828,4.71238898038469,
5.38558740615393,6.28318530717959),.UNSPECIFIED.);
#430=B_SPLINE_CURVE_WITH_KNOTS('',3,(#1746,#1747,#1748,#1749,#1750,#1751,
#1752,#1753,#1754,#1755,#1756,#1757,#1758,#1759,#1760,#1761,#1762,#1763,
#1764,#1765,#1766,#1767),.UNSPECIFIED.,.F.,.F.,(4,3,3,3,3,3,3,4),(0.,0.897597901025655,
1.5707963267949,1.79519580205131,2.69279370307697,3.59039160410262,4.48798950512828,
4.71238898037505),.UNSPECIFIED.);
#431=B_SPLINE_CURVE_WITH_KNOTS('',3,(#2027,#2028,#2029,#2030,#2031,#2032,
#2033,#2034,#2035,#2036,#2037,#2038,#2039,#2040),.UNSPECIFIED.,.F.,.F.,
(4,1,1,1,1,1,1,1,1,1,1,4),(1.,1.14285714285714,1.28571428571429,1.57142857142857,
1.85714285714286,2.14285714285714,2.28571428571429,2.42857142857143,2.57142857142857,
2.71428571428571,2.85714285714286,3.),.UNSPECIFIED.);
#432=B_SPLINE_CURVE_WITH_KNOTS('',3,(#2208,#2209,#2210,#2211,#2212,#2213,
#2214,#2215,#2216,#2217,#2218,#2219,#2220,#2221),.UNSPECIFIED.,.F.,.F.,
(4,1,1,1,1,1,1,1,1,1,1,4),(1.,1.14285714285714,1.28571428571429,1.57142857142857,
1.85714285714286,2.14285714285714,2.28571428571429,2.42857142857143,2.57142857142857,
2.71428571428571,2.85714285714286,3.),.UNSPECIFIED.);
#433=VERTEX_POINT('',#1430);
#434=VERTEX_POINT('',#1431);
#435=VERTEX_POINT('',#1437);
#436=VERTEX_POINT('',#1439);
#437=VERTEX_POINT('',#1443);
#438=VERTEX_POINT('',#1445);
#439=VERTEX_POINT('',#1447);
#440=VERTEX_POINT('',#1451);
#441=VERTEX_POINT('',#1453);
#442=VERTEX_POINT('',#1455);
#443=VERTEX_POINT('',#1457);
#444=VERTEX_POINT('',#1459);
#445=VERTEX_POINT('',#1461);
#446=VERTEX_POINT('',#1463);
#447=VERTEX_POINT('',#1465);
#448=VERTEX_POINT('',#1467);
#449=VERTEX_POINT('',#1469);
#450=VERTEX_POINT('',#1471);
#451=VERTEX_POINT('',#1473);
#452=VERTEX_POINT('',#1475);
#453=VERTEX_POINT('',#1477);
#454=VERTEX_POINT('',#1479);
#455=VERTEX_POINT('',#1481);
#456=VERTEX_POINT('',#1483);
#457=VERTEX_POINT('',#1485);
#458=VERTEX_POINT('',#1487);
#459=VERTEX_POINT('',#1489);
#460=VERTEX_POINT('',#1491);
#461=VERTEX_POINT('',#1493);
#462=VERTEX_POINT('',#1495);
#463=VERTEX_POINT('',#1497);
#464=VERTEX_POINT('',#1501);
#465=VERTEX_POINT('',#1502);
#466=VERTEX_POINT('',#1511);
#467=VERTEX_POINT('',#1513);
#468=VERTEX_POINT('',#1517);
#469=VERTEX_POINT('',#1521);
#470=VERTEX_POINT('',#1522);
#471=VERTEX_POINT('',#1529);
#472=VERTEX_POINT('',#1530);
#473=VERTEX_POINT('',#1537);
#474=VERTEX_POINT('',#1538);
#475=VERTEX_POINT('',#1583);
#476=VERTEX_POINT('',#1601);
#477=VERTEX_POINT('',#1671);
#478=VERTEX_POINT('',#1673);
#479=VERTEX_POINT('',#1677);
#480=VERTEX_POINT('',#1681);
#481=VERTEX_POINT('',#1683);
#482=VERTEX_POINT('',#1687);
#483=VERTEX_POINT('',#1691);
#484=VERTEX_POINT('',#1692);
#485=VERTEX_POINT('',#1694);
#486=VERTEX_POINT('',#1696);
#487=VERTEX_POINT('',#1700);
#488=VERTEX_POINT('',#1701);
#489=VERTEX_POINT('',#1703);
#490=VERTEX_POINT('',#1705);
#491=VERTEX_POINT('',#1712);
#492=VERTEX_POINT('',#1713);
#493=VERTEX_POINT('',#1715);
#494=VERTEX_POINT('',#1717);
#495=VERTEX_POINT('',#1719);
#496=VERTEX_POINT('',#1721);
#497=VERTEX_POINT('',#1725);
#498=VERTEX_POINT('',#1726);
#499=VERTEX_POINT('',#1728);
#500=VERTEX_POINT('',#1730);
#501=VERTEX_POINT('',#1769);
#502=VERTEX_POINT('',#1771);
#503=VERTEX_POINT('',#1773);
#504=VERTEX_POINT('',#1775);
#505=VERTEX_POINT('',#1778);
#506=VERTEX_POINT('',#1780);
#507=VERTEX_POINT('',#1783);
#508=VERTEX_POINT('',#1785);
#509=VERTEX_POINT('',#1787);
#510=VERTEX_POINT('',#1789);
#511=VERTEX_POINT('',#1794);
#512=VERTEX_POINT('',#1795);
#513=VERTEX_POINT('',#1800);
#514=VERTEX_POINT('',#1801);
#515=VERTEX_POINT('',#1803);
#516=VERTEX_POINT('',#1805);
#517=VERTEX_POINT('',#1809);
#518=VERTEX_POINT('',#1811);
#519=VERTEX_POINT('',#1815);
#520=VERTEX_POINT('',#1817);
#521=VERTEX_POINT('',#1861);
#522=VERTEX_POINT('',#1862);
#523=VERTEX_POINT('',#1865);
#524=VERTEX_POINT('',#1868);
#525=VERTEX_POINT('',#1870);
#526=VERTEX_POINT('',#2042);
#527=VERTEX_POINT('',#2043);
#528=VERTEX_POINT('',#2045);
#529=VERTEX_POINT('',#2049);
#530=VERTEX_POINT('',#2051);
#531=EDGE_CURVE('',#433,#434,#421,.T.);
#532=EDGE_CURVE('',#434,#435,#209,.T.);
#533=EDGE_CURVE('',#435,#436,#175,.T.);
#534=EDGE_CURVE('',#436,#433,#210,.T.);
#535=EDGE_CURVE('',#436,#437,#211,.T.);
#536=EDGE_CURVE('',#437,#438,#212,.T.);
#537=EDGE_CURVE('',#438,#439,#213,.T.);
#538=EDGE_CURVE('',#433,#439,#214,.T.);
#539=EDGE_CURVE('',#435,#440,#176,.T.);
#540=EDGE_CURVE('',#440,#441,#215,.T.);
#541=EDGE_CURVE('',#441,#442,#216,.T.);
#542=EDGE_CURVE('',#442,#443,#217,.T.);
#543=EDGE_CURVE('',#443,#444,#218,.T.);
#544=EDGE_CURVE('',#444,#445,#219,.T.);
#545=EDGE_CURVE('',#445,#446,#220,.T.);
#546=EDGE_CURVE('',#446,#447,#221,.T.);
#547=EDGE_CURVE('',#447,#448,#222,.T.);
#548=EDGE_CURVE('',#448,#449,#223,.T.);
#549=EDGE_CURVE('',#449,#450,#224,.T.);
#550=EDGE_CURVE('',#450,#451,#225,.T.);
#551=EDGE_CURVE('',#451,#452,#226,.T.);
#552=EDGE_CURVE('',#452,#453,#227,.T.);
#553=EDGE_CURVE('',#453,#454,#228,.T.);
#554=EDGE_CURVE('',#454,#455,#229,.T.);
#555=EDGE_CURVE('',#455,#456,#230,.T.);
#556=EDGE_CURVE('',#456,#457,#231,.T.);
#557=EDGE_CURVE('',#457,#458,#232,.T.);
#558=EDGE_CURVE('',#458,#459,#233,.T.);
#559=EDGE_CURVE('',#459,#460,#177,.T.);
#560=EDGE_CURVE('',#461,#460,#234,.T.);
#561=EDGE_CURVE('',#462,#461,#178,.T.);
#562=EDGE_CURVE('',#463,#462,#235,.T.);
#563=EDGE_CURVE('',#437,#463,#236,.T.);
#564=EDGE_CURVE('',#464,#465,#422,.T.);
#565=EDGE_CURVE('',#465,#462,#237,.T.);
#566=EDGE_CURVE('',#461,#464,#238,.T.);
#567=EDGE_CURVE('',#466,#465,#239,.T.);
#568=EDGE_CURVE('',#466,#467,#240,.T.);
#569=EDGE_CURVE('',#463,#467,#241,.T.);
#570=EDGE_CURVE('',#468,#434,#179,.T.);
#571=EDGE_CURVE('',#468,#440,#242,.T.);
#572=EDGE_CURVE('',#469,#470,#180,.T.);
#573=EDGE_CURVE('',#460,#469,#243,.T.);
#574=EDGE_CURVE('',#470,#459,#244,.T.);
#575=EDGE_CURVE('',#464,#469,#245,.T.);
#576=EDGE_CURVE('',#471,#472,#423,.T.);
#577=EDGE_CURVE('',#472,#471,#181,.T.);
#578=EDGE_CURVE('',#473,#474,#424,.T.);
#579=EDGE_CURVE('',#475,#473,#182,.T.);
#580=EDGE_CURVE('',#474,#475,#425,.T.);
#581=EDGE_CURVE('',#474,#476,#246,.T.);
#582=EDGE_CURVE('',#472,#476,#426,.T.);
#583=EDGE_CURVE('',#476,#471,#427,.T.);
#584=EDGE_CURVE('',#475,#473,#428,.T.);
#585=EDGE_CURVE('',#477,#477,#183,.T.);
#586=EDGE_CURVE('',#477,#478,#247,.T.);
#587=EDGE_CURVE('',#478,#478,#184,.T.);
#588=EDGE_CURVE('',#478,#479,#248,.T.);
#589=EDGE_CURVE('',#479,#479,#185,.T.);
#590=EDGE_CURVE('',#480,#480,#186,.T.);
#591=EDGE_CURVE('',#480,#481,#249,.T.);
#592=EDGE_CURVE('',#481,#481,#187,.T.);
#593=EDGE_CURVE('',#481,#482,#250,.T.);
#594=EDGE_CURVE('',#482,#482,#188,.T.);
#595=EDGE_CURVE('',#483,#484,#251,.T.);
#596=EDGE_CURVE('',#484,#485,#252,.T.);
#597=EDGE_CURVE('',#486,#485,#253,.T.);
#598=EDGE_CURVE('',#483,#486,#254,.T.);
#599=EDGE_CURVE('',#487,#488,#255,.T.);
#600=EDGE_CURVE('',#488,#489,#256,.T.);
#601=EDGE_CURVE('',#490,#489,#257,.T.);
#602=EDGE_CURVE('',#487,#490,#258,.T.);
#603=EDGE_CURVE('',#485,#490,#259,.T.);
#604=EDGE_CURVE('',#489,#486,#260,.T.);
#605=EDGE_CURVE('',#491,#492,#261,.T.);
#606=EDGE_CURVE('',#491,#493,#262,.T.);
#607=EDGE_CURVE('',#494,#493,#263,.T.);
#608=EDGE_CURVE('',#494,#495,#189,.T.);
#609=EDGE_CURVE('',#496,#495,#264,.T.);
#610=EDGE_CURVE('',#492,#496,#190,.T.);
#611=EDGE_CURVE('',#497,#498,#265,.T.);
#612=EDGE_CURVE('',#497,#499,#266,.T.);
#613=EDGE_CURVE('',#500,#499,#267,.T.);
#614=EDGE_CURVE('',#500,#496,#268,.T.);
#615=EDGE_CURVE('',#495,#498,#269,.T.);
#616=EDGE_CURVE('',#434,#433,#429,.T.);
#617=EDGE_CURVE('',#439,#466,#270,.T.);
#618=EDGE_CURVE('',#465,#464,#430,.T.);
#619=EDGE_CURVE('',#470,#491,#271,.T.);
#620=EDGE_CURVE('',#492,#501,#272,.T.);
#621=EDGE_CURVE('',#501,#502,#273,.T.);
#622=EDGE_CURVE('',#502,#503,#274,.T.);
#623=EDGE_CURVE('',#503,#504,#275,.T.);
#624=EDGE_CURVE('',#504,#500,#276,.T.);
#625=EDGE_CURVE('',#499,#505,#277,.T.);
#626=EDGE_CURVE('',#505,#506,#278,.T.);
#627=EDGE_CURVE('',#506,#497,#279,.T.);
#628=EDGE_CURVE('',#498,#507,#280,.T.);
#629=EDGE_CURVE('',#507,#508,#281,.T.);
#630=EDGE_CURVE('',#508,#509,#282,.T.);
#631=EDGE_CURVE('',#509,#510,#283,.T.);
#632=EDGE_CURVE('',#510,#494,#284,.T.);
#633=EDGE_CURVE('',#493,#468,#285,.T.);
#634=EDGE_CURVE('',#511,#512,#286,.T.);
#635=EDGE_CURVE('',#512,#488,#191,.T.);
#636=EDGE_CURVE('',#511,#487,#192,.T.);
#637=EDGE_CURVE('',#513,#514,#193,.T.);
#638=EDGE_CURVE('',#515,#513,#287,.T.);
#639=EDGE_CURVE('',#516,#515,#194,.T.);
#640=EDGE_CURVE('',#516,#514,#288,.T.);
#641=EDGE_CURVE('',#514,#517,#195,.T.);
#642=EDGE_CURVE('',#518,#516,#196,.T.);
#643=EDGE_CURVE('',#518,#517,#289,.T.);
#644=EDGE_CURVE('',#517,#519,#197,.T.);
#645=EDGE_CURVE('',#520,#518,#198,.T.);
#646=EDGE_CURVE('',#520,#519,#290,.T.);
#647=EDGE_CURVE('',#519,#466,#291,.T.);
#648=EDGE_CURVE('',#467,#520,#292,.T.);
#649=EDGE_CURVE('',#439,#513,#293,.T.);
#650=EDGE_CURVE('',#515,#438,#294,.T.);
#651=EDGE_CURVE('',#499,#451,#295,.T.);
#652=EDGE_CURVE('',#497,#448,#296,.T.);
#653=EDGE_CURVE('',#447,#512,#297,.T.);
#654=EDGE_CURVE('',#452,#511,#298,.T.);
#655=EDGE_CURVE('',#506,#449,#299,.T.);
#656=EDGE_CURVE('',#505,#450,#300,.T.);
#657=EDGE_CURVE('',#491,#458,#301,.T.);
#658=EDGE_CURVE('',#493,#441,#302,.T.);
#659=EDGE_CURVE('',#457,#484,#303,.T.);
#660=EDGE_CURVE('',#442,#483,#304,.T.);
#661=EDGE_CURVE('',#507,#446,#305,.T.);
#662=EDGE_CURVE('',#510,#443,#306,.T.);
#663=EDGE_CURVE('',#509,#444,#307,.T.);
#664=EDGE_CURVE('',#508,#445,#308,.T.);
#665=EDGE_CURVE('',#503,#454,#309,.T.);
#666=EDGE_CURVE('',#502,#455,#310,.T.);
#667=EDGE_CURVE('',#504,#453,#311,.T.);
#668=EDGE_CURVE('',#501,#456,#312,.T.);
#669=EDGE_CURVE('',#521,#522,#199,.T.);
#670=EDGE_CURVE('',#522,#521,#200,.T.);
#671=EDGE_CURVE('',#523,#522,#201,.T.);
#672=EDGE_CURVE('',#521,#524,#313,.T.);
#673=EDGE_CURVE('',#525,#524,#202,.T.);
#674=EDGE_CURVE('',#524,#525,#203,.T.);
#675=EDGE_CURVE('',#433,#525,#431,.T.);
#676=EDGE_CURVE('',#526,#527,#204,.T.);
#677=EDGE_CURVE('',#528,#527,#205,.T.);
#678=EDGE_CURVE('',#527,#526,#206,.T.);
#679=EDGE_CURVE('',#526,#529,#314,.T.);
#680=EDGE_CURVE('',#529,#530,#207,.T.);
#681=EDGE_CURVE('',#530,#529,#208,.T.);
#682=EDGE_CURVE('',#465,#530,#432,.T.);
#683=ORIENTED_EDGE('',*,*,#531,.T.);
#684=ORIENTED_EDGE('',*,*,#532,.T.);
#685=ORIENTED_EDGE('',*,*,#533,.T.);
#686=ORIENTED_EDGE('',*,*,#534,.T.);
#687=ORIENTED_EDGE('',*,*,#534,.F.);
#688=ORIENTED_EDGE('',*,*,#535,.T.);
#689=ORIENTED_EDGE('',*,*,#536,.T.);
#690=ORIENTED_EDGE('',*,*,#537,.T.);
#691=ORIENTED_EDGE('',*,*,#538,.F.);
#692=ORIENTED_EDGE('',*,*,#533,.F.);
#693=ORIENTED_EDGE('',*,*,#539,.T.);
#694=ORIENTED_EDGE('',*,*,#540,.T.);
#695=ORIENTED_EDGE('',*,*,#541,.T.);
#696=ORIENTED_EDGE('',*,*,#542,.T.);
#697=ORIENTED_EDGE('',*,*,#543,.T.);
#698=ORIENTED_EDGE('',*,*,#544,.T.);
#699=ORIENTED_EDGE('',*,*,#545,.T.);
#700=ORIENTED_EDGE('',*,*,#546,.T.);
#701=ORIENTED_EDGE('',*,*,#547,.T.);
#702=ORIENTED_EDGE('',*,*,#548,.T.);
#703=ORIENTED_EDGE('',*,*,#549,.T.);
#704=ORIENTED_EDGE('',*,*,#550,.T.);
#705=ORIENTED_EDGE('',*,*,#551,.T.);
#706=ORIENTED_EDGE('',*,*,#552,.T.);
#707=ORIENTED_EDGE('',*,*,#553,.T.);
#708=ORIENTED_EDGE('',*,*,#554,.T.);
#709=ORIENTED_EDGE('',*,*,#555,.T.);
#710=ORIENTED_EDGE('',*,*,#556,.T.);
#711=ORIENTED_EDGE('',*,*,#557,.T.);
#712=ORIENTED_EDGE('',*,*,#558,.T.);
#713=ORIENTED_EDGE('',*,*,#559,.T.);
#714=ORIENTED_EDGE('',*,*,#560,.F.);
#715=ORIENTED_EDGE('',*,*,#561,.F.);
#716=ORIENTED_EDGE('',*,*,#562,.F.);
#717=ORIENTED_EDGE('',*,*,#563,.F.);
#718=ORIENTED_EDGE('',*,*,#535,.F.);
#719=ORIENTED_EDGE('',*,*,#564,.T.);
#720=ORIENTED_EDGE('',*,*,#565,.T.);
#721=ORIENTED_EDGE('',*,*,#561,.T.);
#722=ORIENTED_EDGE('',*,*,#566,.T.);
#723=ORIENTED_EDGE('',*,*,#565,.F.);
#724=ORIENTED_EDGE('',*,*,#567,.F.);
#725=ORIENTED_EDGE('',*,*,#568,.T.);
#726=ORIENTED_EDGE('',*,*,#569,.F.);
#727=ORIENTED_EDGE('',*,*,#562,.T.);
#728=ORIENTED_EDGE('',*,*,#570,.F.);
#729=ORIENTED_EDGE('',*,*,#571,.T.);
#730=ORIENTED_EDGE('',*,*,#539,.F.);
#731=ORIENTED_EDGE('',*,*,#532,.F.);
#732=ORIENTED_EDGE('',*,*,#572,.F.);
#733=ORIENTED_EDGE('',*,*,#573,.F.);
#734=ORIENTED_EDGE('',*,*,#559,.F.);
#735=ORIENTED_EDGE('',*,*,#574,.F.);
#736=ORIENTED_EDGE('',*,*,#566,.F.);
#737=ORIENTED_EDGE('',*,*,#560,.T.);
#738=ORIENTED_EDGE('',*,*,#573,.T.);
#739=ORIENTED_EDGE('',*,*,#575,.F.);
#740=ORIENTED_EDGE('',*,*,#576,.F.);
#741=ORIENTED_EDGE('',*,*,#577,.F.);
#742=ORIENTED_EDGE('',*,*,#578,.F.);
#743=ORIENTED_EDGE('',*,*,#579,.F.);
#744=ORIENTED_EDGE('',*,*,#580,.F.);
#745=ORIENTED_EDGE('',*,*,#581,.T.);
#746=ORIENTED_EDGE('',*,*,#582,.F.);
#747=ORIENTED_EDGE('',*,*,#577,.T.);
#748=ORIENTED_EDGE('',*,*,#583,.F.);
#749=ORIENTED_EDGE('',*,*,#581,.F.);
#750=ORIENTED_EDGE('',*,*,#584,.F.);
#751=ORIENTED_EDGE('',*,*,#579,.T.);
#752=ORIENTED_EDGE('',*,*,#585,.F.);
#753=ORIENTED_EDGE('',*,*,#586,.T.);
#754=ORIENTED_EDGE('',*,*,#587,.F.);
#755=ORIENTED_EDGE('',*,*,#586,.F.);
#756=ORIENTED_EDGE('',*,*,#587,.T.);
#757=ORIENTED_EDGE('',*,*,#588,.T.);
#758=ORIENTED_EDGE('',*,*,#589,.F.);
#759=ORIENTED_EDGE('',*,*,#588,.F.);
#760=ORIENTED_EDGE('',*,*,#590,.F.);
#761=ORIENTED_EDGE('',*,*,#591,.T.);
#762=ORIENTED_EDGE('',*,*,#592,.F.);
#763=ORIENTED_EDGE('',*,*,#591,.F.);
#764=ORIENTED_EDGE('',*,*,#592,.T.);
#765=ORIENTED_EDGE('',*,*,#593,.T.);
#766=ORIENTED_EDGE('',*,*,#594,.F.);
#767=ORIENTED_EDGE('',*,*,#593,.F.);
#768=ORIENTED_EDGE('',*,*,#595,.T.);
#769=ORIENTED_EDGE('',*,*,#596,.T.);
#770=ORIENTED_EDGE('',*,*,#597,.F.);
#771=ORIENTED_EDGE('',*,*,#598,.F.);
#772=ORIENTED_EDGE('',*,*,#599,.T.);
#773=ORIENTED_EDGE('',*,*,#600,.T.);
#774=ORIENTED_EDGE('',*,*,#601,.F.);
#775=ORIENTED_EDGE('',*,*,#602,.F.);
#776=ORIENTED_EDGE('',*,*,#603,.T.);
#777=ORIENTED_EDGE('',*,*,#601,.T.);
#778=ORIENTED_EDGE('',*,*,#604,.T.);
#779=ORIENTED_EDGE('',*,*,#597,.T.);
#780=ORIENTED_EDGE('',*,*,#589,.T.);
#781=ORIENTED_EDGE('',*,*,#594,.T.);
#782=ORIENTED_EDGE('',*,*,#605,.F.);
#783=ORIENTED_EDGE('',*,*,#606,.T.);
#784=ORIENTED_EDGE('',*,*,#607,.F.);
#785=ORIENTED_EDGE('',*,*,#608,.T.);
#786=ORIENTED_EDGE('',*,*,#609,.F.);
#787=ORIENTED_EDGE('',*,*,#610,.F.);
#788=ORIENTED_EDGE('',*,*,#611,.F.);
#789=ORIENTED_EDGE('',*,*,#612,.T.);
#790=ORIENTED_EDGE('',*,*,#613,.F.);
#791=ORIENTED_EDGE('',*,*,#614,.T.);
#792=ORIENTED_EDGE('',*,*,#609,.T.);
#793=ORIENTED_EDGE('',*,*,#615,.T.);
#794=ORIENTED_EDGE('',*,*,#585,.T.);
#795=ORIENTED_EDGE('',*,*,#590,.T.);
#796=ORIENTED_EDGE('',*,*,#570,.T.);
#797=ORIENTED_EDGE('',*,*,#616,.T.);
#798=ORIENTED_EDGE('',*,*,#538,.T.);
#799=ORIENTED_EDGE('',*,*,#617,.T.);
#800=ORIENTED_EDGE('',*,*,#567,.T.);
#801=ORIENTED_EDGE('',*,*,#618,.T.);
#802=ORIENTED_EDGE('',*,*,#575,.T.);
#803=ORIENTED_EDGE('',*,*,#572,.T.);
#804=ORIENTED_EDGE('',*,*,#619,.T.);
#805=ORIENTED_EDGE('',*,*,#605,.T.);
#806=ORIENTED_EDGE('',*,*,#620,.T.);
#807=ORIENTED_EDGE('',*,*,#621,.T.);
#808=ORIENTED_EDGE('',*,*,#622,.T.);
#809=ORIENTED_EDGE('',*,*,#623,.T.);
#810=ORIENTED_EDGE('',*,*,#624,.T.);
#811=ORIENTED_EDGE('',*,*,#613,.T.);
#812=ORIENTED_EDGE('',*,*,#625,.T.);
#813=ORIENTED_EDGE('',*,*,#626,.T.);
#814=ORIENTED_EDGE('',*,*,#627,.T.);
#815=ORIENTED_EDGE('',*,*,#611,.T.);
#816=ORIENTED_EDGE('',*,*,#628,.T.);
#817=ORIENTED_EDGE('',*,*,#629,.T.);
#818=ORIENTED_EDGE('',*,*,#630,.T.);
#819=ORIENTED_EDGE('',*,*,#631,.T.);
#820=ORIENTED_EDGE('',*,*,#632,.T.);
#821=ORIENTED_EDGE('',*,*,#607,.T.);
#822=ORIENTED_EDGE('',*,*,#633,.T.);
#823=ORIENTED_EDGE('',*,*,#634,.T.);
#824=ORIENTED_EDGE('',*,*,#635,.T.);
#825=ORIENTED_EDGE('',*,*,#599,.F.);
#826=ORIENTED_EDGE('',*,*,#636,.F.);
#827=ORIENTED_EDGE('',*,*,#637,.F.);
#828=ORIENTED_EDGE('',*,*,#638,.F.);
#829=ORIENTED_EDGE('',*,*,#639,.F.);
#830=ORIENTED_EDGE('',*,*,#640,.T.);
#831=ORIENTED_EDGE('',*,*,#641,.F.);
#832=ORIENTED_EDGE('',*,*,#640,.F.);
#833=ORIENTED_EDGE('',*,*,#642,.F.);
#834=ORIENTED_EDGE('',*,*,#643,.T.);
#835=ORIENTED_EDGE('',*,*,#644,.F.);
#836=ORIENTED_EDGE('',*,*,#643,.F.);
#837=ORIENTED_EDGE('',*,*,#645,.F.);
#838=ORIENTED_EDGE('',*,*,#646,.T.);
#839=ORIENTED_EDGE('',*,*,#647,.F.);
#840=ORIENTED_EDGE('',*,*,#646,.F.);
#841=ORIENTED_EDGE('',*,*,#648,.F.);
#842=ORIENTED_EDGE('',*,*,#568,.F.);
#843=ORIENTED_EDGE('',*,*,#649,.F.);
#844=ORIENTED_EDGE('',*,*,#537,.F.);
#845=ORIENTED_EDGE('',*,*,#650,.F.);
#846=ORIENTED_EDGE('',*,*,#638,.T.);
#847=ORIENTED_EDGE('',*,*,#648,.T.);
#848=ORIENTED_EDGE('',*,*,#645,.T.);
#849=ORIENTED_EDGE('',*,*,#642,.T.);
#850=ORIENTED_EDGE('',*,*,#639,.T.);
#851=ORIENTED_EDGE('',*,*,#650,.T.);
#852=ORIENTED_EDGE('',*,*,#536,.F.);
#853=ORIENTED_EDGE('',*,*,#563,.T.);
#854=ORIENTED_EDGE('',*,*,#569,.T.);
#855=ORIENTED_EDGE('',*,*,#651,.F.);
#856=ORIENTED_EDGE('',*,*,#612,.F.);
#857=ORIENTED_EDGE('',*,*,#652,.T.);
#858=ORIENTED_EDGE('',*,*,#547,.F.);
#859=ORIENTED_EDGE('',*,*,#653,.T.);
#860=ORIENTED_EDGE('',*,*,#634,.F.);
#861=ORIENTED_EDGE('',*,*,#654,.F.);
#862=ORIENTED_EDGE('',*,*,#551,.F.);
#863=ORIENTED_EDGE('',*,*,#548,.F.);
#864=ORIENTED_EDGE('',*,*,#652,.F.);
#865=ORIENTED_EDGE('',*,*,#627,.F.);
#866=ORIENTED_EDGE('',*,*,#655,.T.);
#867=ORIENTED_EDGE('',*,*,#549,.F.);
#868=ORIENTED_EDGE('',*,*,#655,.F.);
#869=ORIENTED_EDGE('',*,*,#626,.F.);
#870=ORIENTED_EDGE('',*,*,#656,.T.);
#871=ORIENTED_EDGE('',*,*,#550,.F.);
#872=ORIENTED_EDGE('',*,*,#656,.F.);
#873=ORIENTED_EDGE('',*,*,#625,.F.);
#874=ORIENTED_EDGE('',*,*,#651,.T.);
#875=ORIENTED_EDGE('',*,*,#558,.F.);
#876=ORIENTED_EDGE('',*,*,#657,.F.);
#877=ORIENTED_EDGE('',*,*,#619,.F.);
#878=ORIENTED_EDGE('',*,*,#574,.T.);
#879=ORIENTED_EDGE('',*,*,#658,.F.);
#880=ORIENTED_EDGE('',*,*,#606,.F.);
#881=ORIENTED_EDGE('',*,*,#657,.T.);
#882=ORIENTED_EDGE('',*,*,#557,.F.);
#883=ORIENTED_EDGE('',*,*,#659,.T.);
#884=ORIENTED_EDGE('',*,*,#595,.F.);
#885=ORIENTED_EDGE('',*,*,#660,.F.);
#886=ORIENTED_EDGE('',*,*,#541,.F.);
#887=ORIENTED_EDGE('',*,*,#540,.F.);
#888=ORIENTED_EDGE('',*,*,#571,.F.);
#889=ORIENTED_EDGE('',*,*,#633,.F.);
#890=ORIENTED_EDGE('',*,*,#658,.T.);
#891=ORIENTED_EDGE('',*,*,#661,.F.);
#892=ORIENTED_EDGE('',*,*,#628,.F.);
#893=ORIENTED_EDGE('',*,*,#615,.F.);
#894=ORIENTED_EDGE('',*,*,#608,.F.);
#895=ORIENTED_EDGE('',*,*,#632,.F.);
#896=ORIENTED_EDGE('',*,*,#662,.T.);
#897=ORIENTED_EDGE('',*,*,#542,.F.);
#898=ORIENTED_EDGE('',*,*,#660,.T.);
#899=ORIENTED_EDGE('',*,*,#598,.T.);
#900=ORIENTED_EDGE('',*,*,#604,.F.);
#901=ORIENTED_EDGE('',*,*,#600,.F.);
#902=ORIENTED_EDGE('',*,*,#635,.F.);
#903=ORIENTED_EDGE('',*,*,#653,.F.);
#904=ORIENTED_EDGE('',*,*,#546,.F.);
#905=ORIENTED_EDGE('',*,*,#543,.F.);
#906=ORIENTED_EDGE('',*,*,#662,.F.);
#907=ORIENTED_EDGE('',*,*,#631,.F.);
#908=ORIENTED_EDGE('',*,*,#663,.T.);
#909=ORIENTED_EDGE('',*,*,#544,.F.);
#910=ORIENTED_EDGE('',*,*,#663,.F.);
#911=ORIENTED_EDGE('',*,*,#630,.F.);
#912=ORIENTED_EDGE('',*,*,#664,.T.);
#913=ORIENTED_EDGE('',*,*,#545,.F.);
#914=ORIENTED_EDGE('',*,*,#664,.F.);
#915=ORIENTED_EDGE('',*,*,#629,.F.);
#916=ORIENTED_EDGE('',*,*,#661,.T.);
#917=ORIENTED_EDGE('',*,*,#554,.F.);
#918=ORIENTED_EDGE('',*,*,#665,.F.);
#919=ORIENTED_EDGE('',*,*,#622,.F.);
#920=ORIENTED_EDGE('',*,*,#666,.T.);
#921=ORIENTED_EDGE('',*,*,#553,.F.);
#922=ORIENTED_EDGE('',*,*,#667,.F.);
#923=ORIENTED_EDGE('',*,*,#623,.F.);
#924=ORIENTED_EDGE('',*,*,#665,.T.);
#925=ORIENTED_EDGE('',*,*,#668,.F.);
#926=ORIENTED_EDGE('',*,*,#620,.F.);
#927=ORIENTED_EDGE('',*,*,#610,.T.);
#928=ORIENTED_EDGE('',*,*,#614,.F.);
#929=ORIENTED_EDGE('',*,*,#624,.F.);
#930=ORIENTED_EDGE('',*,*,#667,.T.);
#931=ORIENTED_EDGE('',*,*,#552,.F.);
#932=ORIENTED_EDGE('',*,*,#654,.T.);
#933=ORIENTED_EDGE('',*,*,#636,.T.);
#934=ORIENTED_EDGE('',*,*,#602,.T.);
#935=ORIENTED_EDGE('',*,*,#603,.F.);
#936=ORIENTED_EDGE('',*,*,#596,.F.);
#937=ORIENTED_EDGE('',*,*,#659,.F.);
#938=ORIENTED_EDGE('',*,*,#556,.F.);
#939=ORIENTED_EDGE('',*,*,#555,.F.);
#940=ORIENTED_EDGE('',*,*,#666,.F.);
#941=ORIENTED_EDGE('',*,*,#621,.F.);
#942=ORIENTED_EDGE('',*,*,#668,.T.);
#943=ORIENTED_EDGE('',*,*,#669,.F.);
#944=ORIENTED_EDGE('',*,*,#670,.F.);
#945=ORIENTED_EDGE('',*,*,#671,.F.);
#946=ORIENTED_EDGE('',*,*,#671,.T.);
#947=ORIENTED_EDGE('',*,*,#669,.T.);
#948=ORIENTED_EDGE('',*,*,#670,.T.);
#949=ORIENTED_EDGE('',*,*,#672,.T.);
#950=ORIENTED_EDGE('',*,*,#673,.F.);
#951=ORIENTED_EDGE('',*,*,#674,.F.);
#952=ORIENTED_EDGE('',*,*,#672,.F.);
#953=ORIENTED_EDGE('',*,*,#531,.F.);
#954=ORIENTED_EDGE('',*,*,#675,.T.);
#955=ORIENTED_EDGE('',*,*,#673,.T.);
#956=ORIENTED_EDGE('',*,*,#674,.T.);
#957=ORIENTED_EDGE('',*,*,#675,.F.);
#958=ORIENTED_EDGE('',*,*,#616,.F.);
#959=ORIENTED_EDGE('',*,*,#582,.T.);
#960=ORIENTED_EDGE('',*,*,#583,.T.);
#961=ORIENTED_EDGE('',*,*,#576,.T.);
#962=ORIENTED_EDGE('',*,*,#676,.T.);
#963=ORIENTED_EDGE('',*,*,#677,.F.);
#964=ORIENTED_EDGE('',*,*,#677,.T.);
#965=ORIENTED_EDGE('',*,*,#678,.T.);
#966=ORIENTED_EDGE('',*,*,#676,.F.);
#967=ORIENTED_EDGE('',*,*,#679,.T.);
#968=ORIENTED_EDGE('',*,*,#680,.T.);
#969=ORIENTED_EDGE('',*,*,#681,.T.);
#970=ORIENTED_EDGE('',*,*,#679,.F.);
#971=ORIENTED_EDGE('',*,*,#678,.F.);
#972=ORIENTED_EDGE('',*,*,#564,.F.);
#973=ORIENTED_EDGE('',*,*,#618,.F.);
#974=ORIENTED_EDGE('',*,*,#682,.T.);
#975=ORIENTED_EDGE('',*,*,#680,.F.);
#976=ORIENTED_EDGE('',*,*,#681,.F.);
#977=ORIENTED_EDGE('',*,*,#682,.F.);
#978=ORIENTED_EDGE('',*,*,#578,.T.);
#979=ORIENTED_EDGE('',*,*,#580,.T.);
#980=ORIENTED_EDGE('',*,*,#584,.T.);
#981=ORIENTED_EDGE('',*,*,#647,.T.);
#982=ORIENTED_EDGE('',*,*,#617,.F.);
#983=ORIENTED_EDGE('',*,*,#649,.T.);
#984=ORIENTED_EDGE('',*,*,#637,.T.);
#985=ORIENTED_EDGE('',*,*,#641,.T.);
#986=ORIENTED_EDGE('',*,*,#644,.T.);
#987=CYLINDRICAL_SURFACE('',#1074,2.5);
#988=CYLINDRICAL_SURFACE('',#1081,2.5);
#989=CYLINDRICAL_SURFACE('',#1083,5.13706013620736);
#990=CYLINDRICAL_SURFACE('',#1085,5.00178059426187);
#991=CYLINDRICAL_SURFACE('',#1090,2.5);
#992=CYLINDRICAL_SURFACE('',#1096,1.5);
#993=CYLINDRICAL_SURFACE('',#1101,1.5);
#994=CYLINDRICAL_SURFACE('',#1106,25.);
#995=CYLINDRICAL_SURFACE('',#1111,25.);
#996=CYLINDRICAL_SURFACE('',#1114,3.);
#997=CYLINDRICAL_SURFACE('',#1117,14.6799744859671);
#998=CYLINDRICAL_SURFACE('',#1120,3.);
#999=CYLINDRICAL_SURFACE('',#1145,2.5);
#1000=CYLINDRICAL_SURFACE('',#1152,2.5);
#1001=ADVANCED_FACE('',(#69),#987,.T.);
#1002=ADVANCED_FACE('',(#70),#39,.T.);
#1003=ADVANCED_FACE('',(#71),#40,.F.);
#1004=ADVANCED_FACE('',(#72),#988,.T.);
#1005=ADVANCED_FACE('',(#73),#41,.T.);
#1006=ADVANCED_FACE('',(#74),#989,.T.);
#1007=ADVANCED_FACE('',(#75),#990,.T.);
#1008=ADVANCED_FACE('',(#76),#42,.T.);
#1009=ADVANCED_FACE('',(#77),#43,.F.);
#1010=ADVANCED_FACE('',(#78),#991,.T.);
#1011=ADVANCED_FACE('',(#79),#44,.T.);
#1012=ADVANCED_FACE('',(#80),#37,.F.);
#1013=ADVANCED_FACE('',(#81),#992,.F.);
#1014=ADVANCED_FACE('',(#82),#38,.F.);
#1015=ADVANCED_FACE('',(#83),#993,.F.);
#1016=ADVANCED_FACE('',(#84),#45,.T.);
#1017=ADVANCED_FACE('',(#85),#46,.T.);
#1018=ADVANCED_FACE('',(#86,#31,#32),#47,.T.);
#1019=ADVANCED_FACE('',(#87),#994,.T.);
#1020=ADVANCED_FACE('',(#88,#33,#34),#48,.T.);
#1021=ADVANCED_FACE('',(#89),#49,.T.);
#1022=ADVANCED_FACE('',(#90),#995,.T.);
#1023=ADVANCED_FACE('',(#91),#996,.T.);
#1024=ADVANCED_FACE('',(#92),#997,.F.);
#1025=ADVANCED_FACE('',(#93),#998,.T.);
#1026=ADVANCED_FACE('',(#94),#50,.F.);
#1027=ADVANCED_FACE('',(#95),#51,.F.);
#1028=ADVANCED_FACE('',(#96),#52,.T.);
#1029=ADVANCED_FACE('',(#97),#53,.F.);
#1030=ADVANCED_FACE('',(#98),#54,.F.);
#1031=ADVANCED_FACE('',(#99),#55,.F.);
#1032=ADVANCED_FACE('',(#100),#56,.F.);
#1033=ADVANCED_FACE('',(#101),#57,.F.);
#1034=ADVANCED_FACE('',(#102),#58,.F.);
#1035=ADVANCED_FACE('',(#103),#59,.F.);
#1036=ADVANCED_FACE('',(#104),#60,.F.);
#1037=ADVANCED_FACE('',(#105),#61,.F.);
#1038=ADVANCED_FACE('',(#106),#62,.F.);
#1039=ADVANCED_FACE('',(#107),#63,.F.);
#1040=ADVANCED_FACE('',(#108),#64,.F.);
#1041=ADVANCED_FACE('',(#109),#65,.F.);
#1042=ADVANCED_FACE('',(#110),#66,.F.);
#1043=ADVANCED_FACE('',(#111),#67,.F.);
#1044=ADVANCED_FACE('',(#112),#29,.T.);
#1045=ADVANCED_FACE('',(#113),#999,.T.);
#1046=ADVANCED_FACE('',(#114,#35),#27,.F.);
#1047=ADVANCED_FACE('',(#115),#30,.T.);
#1048=ADVANCED_FACE('',(#116),#1000,.T.);
#1049=ADVANCED_FACE('',(#117,#36),#28,.T.);
#1050=ADVANCED_FACE('',(#118),#68,.T.);
#1051=CLOSED_SHELL('',(#1001,#1002,#1003,#1004,#1005,#1006,#1007,#1008,
#1009,#1010,#1011,#1012,#1013,#1014,#1015,#1016,#1017,#1018,#1019,#1020,
#1021,#1022,#1023,#1024,#1025,#1026,#1027,#1028,#1029,#1030,#1031,#1032,
#1033,#1034,#1035,#1036,#1037,#1038,#1039,#1040,#1041,#1042,#1043,#1044,
#1045,#1046,#1047,#1048,#1049,#1050));
#1052=DERIVED_UNIT_ELEMENT(#1055,1.);
#1053=DERIVED_UNIT_ELEMENT(#2238,-3.);
#1054=DIMENSIONAL_EXPONENTS(0.,1.,0.,0.,0.,0.,0.);
#1055=(
CONVERSION_BASED_UNIT('gram',#1057)
MASS_UNIT()
NAMED_UNIT(#1054)
);
#1056=(
MASS_UNIT()
NAMED_UNIT(*)
SI_UNIT(.KILO.,.GRAM.)
);
#1057=MASS_MEASURE_WITH_UNIT(MASS_MEASURE(0.001),#1056);
#1058=DERIVED_UNIT((#1052,#1053));
#1059=MEASURE_REPRESENTATION_ITEM('density measure',
POSITIVE_RATIO_MEASURE(1.),#1058);
#1060=PROPERTY_DEFINITION_REPRESENTATION(#1065,#1062);
#1061=PROPERTY_DEFINITION_REPRESENTATION(#1066,#1063);
#1062=REPRESENTATION('material name',(#1064),#2235);
#1063=REPRESENTATION('density',(#1059),#2235);
#1064=DESCRIPTIVE_REPRESENTATION_ITEM('Generic','Generic');
#1065=PROPERTY_DEFINITION('material property','material name',#2245);
#1066=PROPERTY_DEFINITION('material property','density of part',#2245);
#1067=DATE_TIME_ROLE('creation_date');
#1068=APPLIED_DATE_AND_TIME_ASSIGNMENT(#1069,#1067,(#2245));
#1069=DATE_AND_TIME(#1070,#1071);
#1070=CALENDAR_DATE(2025,6,5);
#1071=LOCAL_TIME(0,0,0.,#1072);
#1072=COORDINATED_UNIVERSAL_TIME_OFFSET(0,0,.BEHIND.);
#1073=AXIS2_PLACEMENT_3D('',#1428,#1156,#1157);
#1074=AXIS2_PLACEMENT_3D('',#1429,#1158,#1159);
#1075=AXIS2_PLACEMENT_3D('',#1440,#1161,#1162);
#1076=AXIS2_PLACEMENT_3D('',#1442,#1164,#1165);
#1077=AXIS2_PLACEMENT_3D('',#1450,#1170,#1171);
#1078=AXIS2_PLACEMENT_3D('',#1452,#1172,#1173);
#1079=AXIS2_PLACEMENT_3D('',#1492,#1193,#1194);
#1080=AXIS2_PLACEMENT_3D('',#1496,#1196,#1197);
#1081=AXIS2_PLACEMENT_3D('',#1500,#1200,#1201);
#1082=AXIS2_PLACEMENT_3D('',#1510,#1204,#1205);
#1083=AXIS2_PLACEMENT_3D('',#1516,#1209,#1210);
#1084=AXIS2_PLACEMENT_3D('',#1518,#1211,#1212);
#1085=AXIS2_PLACEMENT_3D('',#1520,#1214,#1215);
#1086=AXIS2_PLACEMENT_3D('',#1523,#1216,#1217);
#1087=AXIS2_PLACEMENT_3D('',#1526,#1220,#1221);
#1088=AXIS2_PLACEMENT_3D('',#1528,#1223,#1224);
#1089=AXIS2_PLACEMENT_3D('',#1535,#1225,#1226);
#1090=AXIS2_PLACEMENT_3D('',#1536,#1227,#1228);
#1091=AXIS2_PLACEMENT_3D('',#1584,#1229,#1230);
#1092=AXIS2_PLACEMENT_3D('',#1665,#1232,#1233);
#1093=AXIS2_PLACEMENT_3D('',#1670,#1234,#1235);
#1094=AXIS2_PLACEMENT_3D('',#1672,#1236,#1237);
#1095=AXIS2_PLACEMENT_3D('',#1675,#1239,#1240);
#1096=AXIS2_PLACEMENT_3D('',#1676,#1241,#1242);
#1097=AXIS2_PLACEMENT_3D('',#1679,#1244,#1245);
#1098=AXIS2_PLACEMENT_3D('',#1680,#1246,#1247);
#1099=AXIS2_PLACEMENT_3D('',#1682,#1248,#1249);
#1100=AXIS2_PLACEMENT_3D('',#1685,#1251,#1252);
#1101=AXIS2_PLACEMENT_3D('',#1686,#1253,#1254);
#1102=AXIS2_PLACEMENT_3D('',#1689,#1256,#1257);
#1103=AXIS2_PLACEMENT_3D('',#1690,#1258,#1259);
#1104=AXIS2_PLACEMENT_3D('',#1699,#1264,#1265);
#1105=AXIS2_PLACEMENT_3D('',#1708,#1270,#1271);
#1106=AXIS2_PLACEMENT_3D('',#1711,#1274,#1275);
#1107=AXIS2_PLACEMENT_3D('',#1720,#1279,#1280);
#1108=AXIS2_PLACEMENT_3D('',#1723,#1282,#1283);
#1109=AXIS2_PLACEMENT_3D('',#1724,#1284,#1285);
#1110=AXIS2_PLACEMENT_3D('',#1734,#1291,#1292);
#1111=AXIS2_PLACEMENT_3D('',#1793,#1309,#1310);
#1112=AXIS2_PLACEMENT_3D('',#1797,#1312,#1313);
#1113=AXIS2_PLACEMENT_3D('',#1798,#1314,#1315);
#1114=AXIS2_PLACEMENT_3D('',#1799,#1316,#1317);
#1115=AXIS2_PLACEMENT_3D('',#1802,#1318,#1319);
#1116=AXIS2_PLACEMENT_3D('',#1806,#1321,#1322);
#1117=AXIS2_PLACEMENT_3D('',#1808,#1324,#1325);
#1118=AXIS2_PLACEMENT_3D('',#1810,#1326,#1327);
#1119=AXIS2_PLACEMENT_3D('',#1812,#1328,#1329);
#1120=AXIS2_PLACEMENT_3D('',#1814,#1331,#1332);
#1121=AXIS2_PLACEMENT_3D('',#1816,#1333,#1334);
#1122=AXIS2_PLACEMENT_3D('',#1818,#1335,#1336);
#1123=AXIS2_PLACEMENT_3D('',#1820,#1338,#1339);
#1124=AXIS2_PLACEMENT_3D('',#1823,#1342,#1343);
#1125=AXIS2_PLACEMENT_3D('',#1826,#1346,#1347);
#1126=AXIS2_PLACEMENT_3D('',#1827,#1348,#1349);
#1127=AXIS2_PLACEMENT_3D('',#1832,#1354,#1355);
#1128=AXIS2_PLACEMENT_3D('',#1834,#1357,#1358);
#1129=AXIS2_PLACEMENT_3D('',#1836,#1360,#1361);
#1130=AXIS2_PLACEMENT_3D('',#1837,#1362,#1363);
#1131=AXIS2_PLACEMENT_3D('',#1839,#1365,#1366);
#1132=AXIS2_PLACEMENT_3D('',#1843,#1370,#1371);
#1133=AXIS2_PLACEMENT_3D('',#1844,#1372,#1373);
#1134=AXIS2_PLACEMENT_3D('',#1847,#1376,#1377);
#1135=AXIS2_PLACEMENT_3D('',#1849,#1379,#1380);
#1136=AXIS2_PLACEMENT_3D('',#1851,#1382,#1383);
#1137=AXIS2_PLACEMENT_3D('',#1852,#1384,#1385);
#1138=AXIS2_PLACEMENT_3D('',#1855,#1388,#1389);
#1139=AXIS2_PLACEMENT_3D('',#1857,#1391,#1392);
#1140=AXIS2_PLACEMENT_3D('',#1859,#1394,#1395);
#1141=AXIS2_PLACEMENT_3D('',#1860,#1396,#1397);
#1142=AXIS2_PLACEMENT_3D('',#1863,#1398,#1399);
#1143=AXIS2_PLACEMENT_3D('',#1864,#1400,#1401);
#1144=AXIS2_PLACEMENT_3D('',#1866,#1402,#1403);
#1145=AXIS2_PLACEMENT_3D('',#1867,#1404,#1405);
#1146=AXIS2_PLACEMENT_3D('',#1871,#1407,#1408);
#1147=AXIS2_PLACEMENT_3D('',#1872,#1409,#1410);
#1148=AXIS2_PLACEMENT_3D('',#2041,#1411,#1412);
#1149=AXIS2_PLACEMENT_3D('',#2044,#1413,#1414);
#1150=AXIS2_PLACEMENT_3D('',#2046,#1415,#1416);
#1151=AXIS2_PLACEMENT_3D('',#2047,#1417,#1418);
#1152=AXIS2_PLACEMENT_3D('',#2048,#1419,#1420);
#1153=AXIS2_PLACEMENT_3D('',#2052,#1422,#1423);
#1154=AXIS2_PLACEMENT_3D('',#2053,#1424,#1425);
#1155=AXIS2_PLACEMENT_3D('',#2222,#1426,#1427);
#1156=DIRECTION('axis',(0.,0.,1.));
#1157=DIRECTION('refdir',(1.,0.,0.));
#1158=DIRECTION('center_axis',(0.,1.,0.));
#1159=DIRECTION('ref_axis',(-0.707106781186547,0.,-0.707106781186547));
#1160=DIRECTION('',(0.,-1.,0.));
#1161=DIRECTION('center_axis',(0.,1.,0.));
#1162=DIRECTION('ref_axis',(-0.707106781186547,0.,-0.707106781186547));
#1163=DIRECTION('',(0.,1.,0.));
#1164=DIRECTION('center_axis',(-1.,0.,2.10358046771082E-16));
#1165=DIRECTION('ref_axis',(2.10358046771082E-16,0.,1.));
#1166=DIRECTION('',(2.10358046771082E-16,0.,1.));
#1167=DIRECTION('',(0.,1.,0.));
#1168=DIRECTION('',(-2.10358046771082E-16,-1.26480139644745E-15,-1.));
#1169=DIRECTION('',(2.10358046771082E-16,0.,1.));
#1170=DIRECTION('center_axis',(0.,1.,0.));
#1171=DIRECTION('ref_axis',(0.,0.,1.));
#1172=DIRECTION('center_axis',(0.,-1.,0.));
#1173=DIRECTION('ref_axis',(-9.63680458383433E-12,0.,1.));
#1174=DIRECTION('',(0.316227766016837,0.,0.948683298050514));
#1175=DIRECTION('',(-1.,0.,-4.44089209850063E-16));
#1176=DIRECTION('',(-2.88657986402541E-16,0.,1.));
#1177=DIRECTION('',(-0.316227766016837,0.,-0.948683298050514));
#1178=DIRECTION('',(2.61062186993974E-16,0.,1.));
#1179=DIRECTION('',(0.33108771302908,0.,-0.943599982132881));
#1180=DIRECTION('',(-2.88657986402541E-16,0.,1.));
#1181=DIRECTION('',(1.,0.,4.44089209850063E-16));
#1182=DIRECTION('',(-0.33108771302908,0.,0.943599982132881));
#1183=DIRECTION('',(1.,0.,0.));
#1184=DIRECTION('',(-0.33108771302908,0.,-0.943599982132881));
#1185=DIRECTION('',(1.,0.,4.44089209850063E-16));
#1186=DIRECTION('',(3.99680288865056E-16,0.,-1.));
#1187=DIRECTION('',(0.33108771302908,0.,0.943599982132881));
#1188=DIRECTION('',(2.61062186993974E-16,0.,-1.));
#1189=DIRECTION('',(-0.316227766016837,0.,0.948683298050514));
#1190=DIRECTION('',(3.99680288865056E-16,0.,-1.));
#1191=DIRECTION('',(-1.,0.,-4.44089209850063E-16));
#1192=DIRECTION('',(0.316227766016837,0.,-0.948683298050514));
#1193=DIRECTION('center_axis',(0.,-1.,0.));
#1194=DIRECTION('ref_axis',(1.,0.,0.));
#1195=DIRECTION('',(-1.,0.,0.));
#1196=DIRECTION('center_axis',(0.,1.,0.));
#1197=DIRECTION('ref_axis',(0.707106781186547,0.,-0.707106781186547));
#1198=DIRECTION('',(-9.34924652315921E-17,0.,-1.));
#1199=DIRECTION('',(1.,0.,0.));
#1200=DIRECTION('center_axis',(0.,1.,0.));
#1201=DIRECTION('ref_axis',(0.707106781186547,0.,-0.707106781186547));
#1202=DIRECTION('',(0.,-1.,0.));
#1203=DIRECTION('',(0.,1.,0.));
#1204=DIRECTION('center_axis',(1.,0.,-9.34924652315921E-17));
#1205=DIRECTION('ref_axis',(-9.34924652315921E-17,0.,-1.));
#1206=DIRECTION('',(-9.34924652315921E-17,0.,-1.));
#1207=DIRECTION('',(9.34924652315921E-17,-5.62133953976644E-16,1.));
#1208=DIRECTION('',(0.,1.,0.));
#1209=DIRECTION('center_axis',(0.,1.,0.));
#1210=DIRECTION('ref_axis',(-9.63680458383433E-12,0.,1.));
#1211=DIRECTION('center_axis',(0.,1.,0.));
#1212=DIRECTION('ref_axis',(-9.63680458383433E-12,0.,1.));
#1213=DIRECTION('',(0.,-1.,0.));
#1214=DIRECTION('center_axis',(0.,1.,0.));
#1215=DIRECTION('ref_axis',(1.,0.,0.));
#1216=DIRECTION('center_axis',(0.,1.,0.));
#1217=DIRECTION('ref_axis',(1.,0.,0.));
#1218=DIRECTION('',(0.,1.,0.));
#1219=DIRECTION('',(0.,-1.,0.));
#1220=DIRECTION('center_axis',(0.,0.,-1.));
#1221=DIRECTION('ref_axis',(-1.,0.,0.));
#1222=DIRECTION('',(-1.,0.,0.));
#1223=DIRECTION('center_axis',(1.,0.,0.));
#1224=DIRECTION('ref_axis',(0.,0.,-1.));
#1225=DIRECTION('center_axis',(1.,0.,0.));
#1226=DIRECTION('ref_axis',(0.,1.,0.));
#1227=DIRECTION('center_axis',(1.,6.63151537193767E-32,0.));
#1228=DIRECTION('ref_axis',(-6.63151537193767E-32,1.,0.));
#1229=DIRECTION('center_axis',(1.,0.,0.));
#1230=DIRECTION('ref_axis',(0.,1.,0.));
#1231=DIRECTION('',(-1.,-6.63151537193767E-32,0.));
#1232=DIRECTION('center_axis',(1.,0.,0.));
#1233=DIRECTION('ref_axis',(0.,0.,-1.));
#1234=DIRECTION('center_axis',(7.71152820120106E-17,0.984807753012208,0.17364817766693));
#1235=DIRECTION('ref_axis',(1.,3.54019272444151E-16,-2.45183227345687E-15));
#1236=DIRECTION('center_axis',(-7.71152820120105E-17,-0.984807753012208,
-0.17364817766693));
#1237=DIRECTION('ref_axis',(1.,3.54019272444151E-16,-2.45183227345687E-15));
#1238=DIRECTION('',(0.707106781186547,-0.696364240320019,-0.122787803968975));
#1239=DIRECTION('center_axis',(7.71152820120106E-17,0.984807753012208,0.17364817766693));
#1240=DIRECTION('ref_axis',(1.,3.54019272444151E-16,-2.45183227345687E-15));
#1241=DIRECTION('center_axis',(7.71152820120106E-17,0.984807753012208,0.17364817766693));
#1242=DIRECTION('ref_axis',(1.,3.54019272444151E-16,-2.45183227345687E-15));
#1243=DIRECTION('',(-7.71152820120106E-17,-0.984807753012208,-0.17364817766693));
#1244=DIRECTION('center_axis',(0.,0.984807753012208,0.173648177666931));
#1245=DIRECTION('ref_axis',(1.,3.54019272444151E-16,-2.45183227345687E-15));
#1246=DIRECTION('center_axis',(7.71152820120106E-17,0.984807753012208,0.17364817766693));
#1247=DIRECTION('ref_axis',(1.,3.54019272444151E-16,-2.45183227345687E-15));
#1248=DIRECTION('center_axis',(-7.71152820120105E-17,-0.984807753012208,
-0.17364817766693));
#1249=DIRECTION('ref_axis',(1.,3.54019272444151E-16,-2.45183227345687E-15));
#1250=DIRECTION('',(0.707106781186547,-0.696364240320019,-0.122787803968975));
#1251=DIRECTION('center_axis',(7.71152820120106E-17,0.984807753012208,0.17364817766693));
#1252=DIRECTION('ref_axis',(1.,3.54019272444151E-16,-2.45183227345687E-15));
#1253=DIRECTION('center_axis',(7.71152820120106E-17,0.984807753012208,0.17364817766693));
#1254=DIRECTION('ref_axis',(1.,3.54019272444151E-16,-2.45183227345687E-15));
#1255=DIRECTION('',(-7.71152820120106E-17,-0.984807753012208,-0.17364817766693));
#1256=DIRECTION('center_axis',(0.,0.984807753012208,0.173648177666931));
#1257=DIRECTION('ref_axis',(1.,3.54019272444151E-16,-2.45183227345687E-15));
#1258=DIRECTION('center_axis',(8.74684993778814E-16,0.173648177666931,-0.984807753012208));
#1259=DIRECTION('ref_axis',(1.,-1.20095658822926E-17,8.86060809208482E-16));
#1260=DIRECTION('',(1.,0.,4.44089209850063E-16));
#1261=DIRECTION('',(0.,-0.984807753012208,-0.173648177666931));
#1262=DIRECTION('',(1.,-1.20095658822926E-17,8.86060809208482E-16));
#1263=DIRECTION('',(0.,-0.984807753012208,-0.173648177666931));
#1264=DIRECTION('center_axis',(-4.30595783928752E-16,-0.173648177666931,
0.984807753012208));
#1265=DIRECTION('ref_axis',(-1.,-6.51057161297178E-17,-4.48718312319074E-16));
#1266=DIRECTION('',(-1.,-6.27626073079984E-17,-4.62006742781077E-16));
#1267=DIRECTION('',(0.,-0.984807753012208,-0.173648177666931));
#1268=DIRECTION('',(-1.,-6.51057161297178E-17,-4.48718312319074E-16));
#1269=DIRECTION('',(0.,-0.984807753012208,-0.173648177666931));
#1270=DIRECTION('center_axis',(0.,-0.984807753012208,-0.173648177666931));
#1271=DIRECTION('ref_axis',(0.,0.173648177666931,-0.984807753012208));
#1272=DIRECTION('',(-2.97369020973733E-16,-0.17364817766693,0.984807753012208));
#1273=DIRECTION('',(2.7516456048123E-16,0.17364817766693,-0.984807753012208));
#1274=DIRECTION('center_axis',(1.,0.,-4.44089209850063E-16));
#1275=DIRECTION('ref_axis',(-4.44089209850063E-16,0.,-1.));
#1276=DIRECTION('',(1.,0.,-4.44089209850063E-16));
#1277=DIRECTION('',(-1.,0.,0.));
#1278=DIRECTION('',(1.,0.,-4.44089209850063E-16));
#1279=DIRECTION('center_axis',(1.,-7.62363902033607E-16,5.79072874426497E-15));
#1280=DIRECTION('ref_axis',(5.77315972805077E-15,1.84297022087775E-15,-1.));
#1281=DIRECTION('',(-1.,-1.17155441085971E-18,4.50733425081065E-16));
#1282=DIRECTION('center_axis',(1.,0.,0.));
#1283=DIRECTION('ref_axis',(0.,1.84297022087775E-15,-1.));
#1284=DIRECTION('center_axis',(7.71152820120105E-17,0.984807753012208,0.17364817766693));
#1285=DIRECTION('ref_axis',(1.4791141972894E-31,-0.17364817766693,0.984807753012208));
#1286=DIRECTION('',(-1.,0.,4.44089209850063E-16));
#1287=DIRECTION('',(1.,0.,0.));
#1288=DIRECTION('',(-1.,0.,4.44089209850063E-16));
#1289=DIRECTION('',(4.41097442610445E-16,0.17364817766693,-0.984807753012208));
#1290=DIRECTION('',(1.77635683940025E-16,-0.17364817766693,0.984807753012208));
#1291=DIRECTION('center_axis',(0.,1.,0.));
#1292=DIRECTION('ref_axis',(0.,0.,1.));
#1293=DIRECTION('',(1.,0.,0.));
#1294=DIRECTION('',(-0.316227766016837,0.,0.948683298050514));
#1295=DIRECTION('',(4.44089209850063E-16,0.,1.));
#1296=DIRECTION('',(0.316227766016837,0.,-0.948683298050514));
#1297=DIRECTION('',(-2.61062186993974E-16,0.,1.));
#1298=DIRECTION('',(-0.33108771302908,0.,-0.943599982132881));
#1299=DIRECTION('',(4.44089209850063E-16,0.,1.));
#1300=DIRECTION('',(0.33108771302908,0.,0.943599982132881));
#1301=DIRECTION('',(-1.,0.,0.));
#1302=DIRECTION('',(0.33108771302908,0.,-0.943599982132881));
#1303=DIRECTION('',(-4.44089209850063E-16,0.,-1.));
#1304=DIRECTION('',(-0.33108771302908,0.,0.943599982132881));
#1305=DIRECTION('',(-2.61062186993974E-16,0.,-1.));
#1306=DIRECTION('',(0.316227766016837,0.,0.948683298050514));
#1307=DIRECTION('',(-4.44089209850063E-16,0.,-1.));
#1308=DIRECTION('',(-0.316227766016837,0.,-0.948683298050514));
#1309=DIRECTION('center_axis',(1.,0.,8.88178419700125E-16));
#1310=DIRECTION('ref_axis',(-8.17951176558734E-16,0.,1.));
#1311=DIRECTION('',(-1.,0.,-4.44089209850063E-16));
#1312=DIRECTION('center_axis',(1.,3.81181951016804E-16,-2.89536437213249E-15));
#1313=DIRECTION('ref_axis',(2.90878432451789E-15,-1.9512169657787E-15,1.));
#1314=DIRECTION('center_axis',(1.,0.,0.));
#1315=DIRECTION('ref_axis',(0.,5.57887069874138E-16,1.));
#1316=DIRECTION('center_axis',(0.,0.,-1.));
#1317=DIRECTION('ref_axis',(-0.783380108118924,-0.62154292386253,0.));
#1318=DIRECTION('center_axis',(0.,0.,-1.));
#1319=DIRECTION('ref_axis',(-0.783380108118924,-0.62154292386253,0.));
#1320=DIRECTION('',(0.,0.,-1.));
#1321=DIRECTION('center_axis',(0.,0.,1.));
#1322=DIRECTION('ref_axis',(-0.783380108118924,-0.62154292386253,0.));
#1323=DIRECTION('',(0.,0.,-1.));
#1324=DIRECTION('center_axis',(0.,0.,-1.));
#1325=DIRECTION('ref_axis',(-0.783380108118924,-0.62154292386253,0.));
#1326=DIRECTION('center_axis',(0.,0.,1.));
#1327=DIRECTION('ref_axis',(-0.783380108118924,-0.62154292386253,0.));
#1328=DIRECTION('center_axis',(0.,0.,-1.));
#1329=DIRECTION('ref_axis',(-0.783380108118924,-0.62154292386253,0.));
#1330=DIRECTION('',(0.,0.,-1.));
#1331=DIRECTION('center_axis',(0.,0.,-1.));
#1332=DIRECTION('ref_axis',(-0.986449791905409,-0.164063426910981,0.));
#1333=DIRECTION('center_axis',(0.,0.,-1.));
#1334=DIRECTION('ref_axis',(-0.986449791905409,-0.164063426910981,0.));
#1335=DIRECTION('center_axis',(0.,0.,1.));
#1336=DIRECTION('ref_axis',(-0.986449791905409,-0.164063426910981,0.));
#1337=DIRECTION('',(0.,0.,-1.));
#1338=DIRECTION('center_axis',(-0.986449791905409,-0.164063426910981,0.));
#1339=DIRECTION('ref_axis',(-0.164063426910981,0.986449791905409,0.));
#1340=DIRECTION('',(0.164063426910981,-0.986449791905409,0.));
#1341=DIRECTION('',(-0.164063426910981,0.986449791905409,0.));
#1342=DIRECTION('center_axis',(0.986449791905409,-0.16406342691098,0.));
#1343=DIRECTION('ref_axis',(-0.16406342691098,-0.986449791905409,0.));
#1344=DIRECTION('',(0.16406342691098,0.986449791905409,0.));
#1345=DIRECTION('',(-0.16406342691098,-0.986449791905409,0.));
#1346=DIRECTION('center_axis',(0.,0.,1.));
#1347=DIRECTION('ref_axis',(1.,0.,0.));
#1348=DIRECTION('center_axis',(0.,0.,-1.));
#1349=DIRECTION('ref_axis',(1.,0.,0.));
#1350=DIRECTION('',(0.,-1.,0.));
#1351=DIRECTION('',(0.,-1.,0.));
#1352=DIRECTION('',(0.,-1.,0.));
#1353=DIRECTION('',(0.,-1.,0.));
#1354=DIRECTION('center_axis',(-0.943599982132881,0.,-0.33108771302908));
#1355=DIRECTION('ref_axis',(0.33108771302908,0.,-0.943599982132881));
#1356=DIRECTION('',(0.,-1.,0.));
#1357=DIRECTION('center_axis',(0.,0.,1.));
#1358=DIRECTION('ref_axis',(-1.,0.,0.));
#1359=DIRECTION('',(0.,-1.,0.));
#1360=DIRECTION('center_axis',(0.943599982132881,0.,-0.33108771302908));
#1361=DIRECTION('ref_axis',(0.33108771302908,0.,0.943599982132881));
#1362=DIRECTION('center_axis',(0.948683298050514,0.,0.316227766016837));
#1363=DIRECTION('ref_axis',(-0.316227766016837,0.,0.948683298050514));
#1364=DIRECTION('',(0.,-1.,0.));
#1365=DIRECTION('center_axis',(0.,0.,1.));
#1366=DIRECTION('ref_axis',(-1.,0.,0.));
#1367=DIRECTION('',(0.,-1.,0.));
#1368=DIRECTION('',(0.,-1.,0.));
#1369=DIRECTION('',(0.,-1.,0.));
#1370=DIRECTION('center_axis',(-0.948683298050514,0.,0.316227766016837));
#1371=DIRECTION('ref_axis',(-0.316227766016837,0.,-0.948683298050514));
#1372=DIRECTION('center_axis',(1.,0.,-1.16333671002098E-16));
#1373=DIRECTION('ref_axis',(1.16333671002098E-16,0.,1.));
#1374=DIRECTION('',(0.,-1.,0.));
#1375=DIRECTION('',(0.,-1.,0.));
#1376=DIRECTION('center_axis',(0.948683298050514,0.,-0.316227766016837));
#1377=DIRECTION('ref_axis',(0.316227766016837,0.,0.948683298050514));
#1378=DIRECTION('',(0.,-1.,0.));
#1379=DIRECTION('center_axis',(-1.,0.,2.61062186993974E-16));
#1380=DIRECTION('ref_axis',(-2.61062186993974E-16,0.,-1.));
#1381=DIRECTION('',(0.,-1.,0.));
#1382=DIRECTION('center_axis',(0.943599982132881,0.,0.33108771302908));
#1383=DIRECTION('ref_axis',(-0.33108771302908,0.,0.943599982132881));
#1384=DIRECTION('center_axis',(1.,0.,2.61062186993974E-16));
#1385=DIRECTION('ref_axis',(-2.61062186993974E-16,0.,1.));
#1386=DIRECTION('',(0.,-1.,0.));
#1387=DIRECTION('',(0.,-1.,0.));
#1388=DIRECTION('center_axis',(-0.943599982132881,0.,0.33108771302908));
#1389=DIRECTION('ref_axis',(-0.33108771302908,0.,-0.943599982132881));
#1390=DIRECTION('',(0.,-1.,0.));
#1391=DIRECTION('center_axis',(-1.,0.,-1.16333671002098E-16));
#1392=DIRECTION('ref_axis',(1.16333671002098E-16,0.,-1.));
#1393=DIRECTION('',(0.,-1.,0.));
#1394=DIRECTION('center_axis',(-0.948683298050514,0.,-0.316227766016837));
#1395=DIRECTION('ref_axis',(0.316227766016837,0.,-0.948683298050514));
#1396=DIRECTION('center_axis',(0.,0.,1.));
#1397=DIRECTION('ref_axis',(-1.,0.,0.));
#1398=DIRECTION('center_axis',(-8.54020272781891E-17,-1.70804054556378E-16,
-1.));
#1399=DIRECTION('ref_axis',(-0.995732064881116,0.0922911424113356,0.));
#1400=DIRECTION('center_axis',(-8.54020272781891E-17,-1.70804054556378E-16,
-1.));
#1401=DIRECTION('ref_axis',(-0.995732064881116,0.0922911424113356,0.));
#1402=DIRECTION('center_axis',(0.,1.,0.));
#1403=DIRECTION('ref_axis',(1.,0.,0.));
#1404=DIRECTION('center_axis',(-8.54020272781891E-17,-1.70804054556378E-16,
-1.));
#1405=DIRECTION('ref_axis',(-0.995732064881116,0.0922911424113363,6.92738356432267E-17));
#1406=DIRECTION('',(-8.54020272781891E-17,-1.70804054556378E-16,-1.));
#1407=DIRECTION('center_axis',(4.47655151147281E-13,-8.62528180855451E-13,
-1.));
#1408=DIRECTION('ref_axis',(-0.995732064881116,0.0922911424113363,-5.25348299179671E-13));
#1409=DIRECTION('center_axis',(4.47655151147281E-13,-8.62528180855451E-13,
-1.));
#1410=DIRECTION('ref_axis',(-0.995732064881116,0.0922911424113363,-5.25348299179671E-13));
#1411=DIRECTION('center_axis',(0.,0.,1.));
#1412=DIRECTION('ref_axis',(1.,0.,0.));
#1413=DIRECTION('center_axis',(-8.54020272781891E-17,1.70804054556378E-16,
1.));
#1414=DIRECTION('ref_axis',(0.995732064881116,0.0922911424113356,0.));
#1415=DIRECTION('center_axis',(0.,-1.,0.));
#1416=DIRECTION('ref_axis',(-1.,0.,0.));
#1417=DIRECTION('center_axis',(-8.54020272781891E-17,1.70804054556378E-16,
1.));
#1418=DIRECTION('ref_axis',(0.995732064881116,0.0922911424113356,0.));
#1419=DIRECTION('center_axis',(-8.54020272781891E-17,1.70804054556378E-16,
1.));
#1420=DIRECTION('ref_axis',(0.995732064881116,0.0922911424113363,6.92738356432267E-17));
#1421=DIRECTION('',(8.54020272781891E-17,-1.70804054556378E-16,-1.));
#1422=DIRECTION('center_axis',(4.47655151147281E-13,8.62528180855451E-13,
1.));
#1423=DIRECTION('ref_axis',(0.995732064881116,0.0922911424113363,-5.25348299179671E-13));
#1424=DIRECTION('center_axis',(4.47655151147281E-13,8.62528180855451E-13,
1.));
#1425=DIRECTION('ref_axis',(0.995732064881116,0.0922911424113363,-5.25348299179671E-13));
#1426=DIRECTION('center_axis',(0.,0.,-1.));
#1427=DIRECTION('ref_axis',(-1.,0.,0.));
#1428=CARTESIAN_POINT('',(0.,0.,0.));
#1429=CARTESIAN_POINT('Origin',(-17.5,0.,-45.));
#1430=CARTESIAN_POINT('',(-20.,1.5,-45.));
#1431=CARTESIAN_POINT('',(-17.4999999999759,1.5,-47.5));
#1432=CARTESIAN_POINT('Ctrl Pts',(-20.,1.50000000000019,-45.));
#1433=CARTESIAN_POINT('Ctrl Pts',(-20.,1.50000000000019,-45.7479982508547));
#1434=CARTESIAN_POINT('Ctrl Pts',(-19.3739393441606,1.50000000000014,-47.0500510198629));
#1435=CARTESIAN_POINT('Ctrl Pts',(-18.0596894647332,1.50000000000004,-47.4957781594589));
#1436=CARTESIAN_POINT('Ctrl Pts',(-17.4985796926686,1.5,-47.4996527871251));
#1437=CARTESIAN_POINT('',(-17.4999999999759,0.,-47.5));
#1438=CARTESIAN_POINT('',(-17.5000000000254,0.,-47.5));
#1439=CARTESIAN_POINT('',(-20.,0.,-45.));
#1440=CARTESIAN_POINT('Origin',(-17.5,0.,-45.));
#1441=CARTESIAN_POINT('',(-20.,0.,-45.));
#1442=CARTESIAN_POINT('Origin',(-20.,0.,-47.5));
#1443=CARTESIAN_POINT('',(-20.,0.,47.5));
#1444=CARTESIAN_POINT('',(-20.,0.,-47.5));
#1445=CARTESIAN_POINT('',(-20.,1.5,47.5));
#1446=CARTESIAN_POINT('',(-20.,0.,47.5));
#1447=CARTESIAN_POINT('',(-20.,1.5,46.));
#1448=CARTESIAN_POINT('',(-20.,1.49999999999992,1.15185071189555E-14));
#1449=CARTESIAN_POINT('',(-20.,1.5,-47.5));
#1450=CARTESIAN_POINT('Origin',(-5.55111512312578E-15,0.,0.));
#1451=CARTESIAN_POINT('',(-12.3647686165263,0.,-42.5));
#1452=CARTESIAN_POINT('Origin',(-17.5000000000254,0.,-42.3629398637926));
#1453=CARTESIAN_POINT('',(-2.36476861652635,0.,-12.5));
#1454=CARTESIAN_POINT('',(-0.371530185700033,0.,-6.52028470752104));
#1455=CARTESIAN_POINT('',(-4.99999999999999,0.,-12.5));
#1456=CARTESIAN_POINT('',(-2.5,0.,-12.5));
#1457=CARTESIAN_POINT('',(-5.,0.,-4.59430584957904));
#1458=CARTESIAN_POINT('',(-5.,0.,6.25));
#1459=CARTESIAN_POINT('',(-15.,0.,-34.5943058495791));
#1460=CARTESIAN_POINT('',(-9.06085412256314,0.,-16.7768682172685));
#1461=CARTESIAN_POINT('',(-15.,0.,33.4491308447305));
#1462=CARTESIAN_POINT('',(-15.,0.,16.7245654223653));
#1463=CARTESIAN_POINT('',(-4.99999999999999,0.,4.9491308447305));
#1464=CARTESIAN_POINT('',(-3.95286254275243,0.,1.96478909157492));
#1465=CARTESIAN_POINT('',(-5.,0.,12.5));
#1466=CARTESIAN_POINT('',(-5.,0.,6.25));
#1467=CARTESIAN_POINT('',(-2.35057222622123,0.,12.5));
#1468=CARTESIAN_POINT('',(2.49999999999999,0.,12.5));
#1469=CARTESIAN_POINT('',(-12.3505722262212,0.,41.));
#1470=CARTESIAN_POINT('',(-5.26914870053083,0.,20.8179429517824));
#1471=CARTESIAN_POINT('',(12.3505722262212,0.,41.));
#1472=CARTESIAN_POINT('',(6.17528611311061,0.,41.));
#1473=CARTESIAN_POINT('',(2.35057222622124,0.,12.5));
#1474=CARTESIAN_POINT('',(0.269148700530846,0.,6.56794295178238));
#1475=CARTESIAN_POINT('',(5.,0.,12.5));
#1476=CARTESIAN_POINT('',(2.49999999999999,0.,12.5));
#1477=CARTESIAN_POINT('',(5.,0.,4.9491308447305));
#1478=CARTESIAN_POINT('',(5.00000000000001,0.,-6.25));
#1479=CARTESIAN_POINT('',(15.,0.,33.4491308447305));
#1480=CARTESIAN_POINT('',(8.95286254275242,0.,16.2147890915749));
#1481=CARTESIAN_POINT('',(15.,0.,-34.5943058495791));
#1482=CARTESIAN_POINT('',(15.,0.,-17.2971529247895));
#1483=CARTESIAN_POINT('',(5.,0.,-4.59430584957904));
#1484=CARTESIAN_POINT('',(4.06085412256315,0.,-1.77686821726847));
#1485=CARTESIAN_POINT('',(5.00000000000001,0.,-12.5));
#1486=CARTESIAN_POINT('',(5.00000000000001,0.,-6.25));
#1487=CARTESIAN_POINT('',(2.36476861652636,0.,-12.5));
#1488=CARTESIAN_POINT('',(-2.5,0.,-12.5));
#1489=CARTESIAN_POINT('',(12.3647686165263,0.,-42.5));
#1490=CARTESIAN_POINT('',(5.37153018570004,0.,-21.5202847075211));
#1491=CARTESIAN_POINT('',(17.2330984216006,0.,-47.5));
#1492=CARTESIAN_POINT('Origin',(17.3665492107882,0.,-42.5));
#1493=CARTESIAN_POINT('',(17.5,0.,-47.5));
#1494=CARTESIAN_POINT('',(20.,0.,-47.5));
#1495=CARTESIAN_POINT('',(20.,0.,-45.));
#1496=CARTESIAN_POINT('Origin',(17.5,0.,-45.));
#1497=CARTESIAN_POINT('',(20.,0.,47.5));
#1498=CARTESIAN_POINT('',(20.,0.,47.5));
#1499=CARTESIAN_POINT('',(-20.,0.,47.5));
#1500=CARTESIAN_POINT('Origin',(17.5,0.,-45.));
#1501=CARTESIAN_POINT('',(17.4999999999759,1.5,-47.5));
#1502=CARTESIAN_POINT('',(20.,1.5,-45.));
#1503=CARTESIAN_POINT('Ctrl Pts',(17.4985796926686,1.5,-47.4996527871251));
#1504=CARTESIAN_POINT('Ctrl Pts',(18.0596894647332,1.50000000000004,-47.4957781594589));
#1505=CARTESIAN_POINT('Ctrl Pts',(19.3739393441606,1.50000000000014,-47.0500510198629));
#1506=CARTESIAN_POINT('Ctrl Pts',(20.,1.50000000000019,-45.7479982508547));
#1507=CARTESIAN_POINT('Ctrl Pts',(20.,1.50000000000019,-45.));
#1508=CARTESIAN_POINT('',(20.,0.,-45.));
#1509=CARTESIAN_POINT('',(17.5,0.,-47.5));
#1510=CARTESIAN_POINT('Origin',(20.,0.,47.5));
#1511=CARTESIAN_POINT('',(20.,1.5,46.));
#1512=CARTESIAN_POINT('',(20.,1.5,47.5));
#1513=CARTESIAN_POINT('',(20.,1.5,47.5));
#1514=CARTESIAN_POINT('',(20.,1.49999999999996,47.5));
#1515=CARTESIAN_POINT('',(20.,0.,47.5));
#1516=CARTESIAN_POINT('Origin',(-17.5000000000254,0.,-42.3629398637926));
#1517=CARTESIAN_POINT('',(-12.3647686165263,1.5,-42.5));
#1518=CARTESIAN_POINT('Origin',(-17.5000000000254,1.5,-42.3629398637926));
#1519=CARTESIAN_POINT('',(-12.3647686165263,1.5,-42.5));
#1520=CARTESIAN_POINT('Origin',(17.3665492107882,0.,-42.5));
#1521=CARTESIAN_POINT('',(17.2330984216006,1.5,-47.5));
#1522=CARTESIAN_POINT('',(12.3647686165263,1.5,-42.5));
#1523=CARTESIAN_POINT('Origin',(17.3665492107882,1.5,-42.5));
#1524=CARTESIAN_POINT('',(17.2330984216005,0.,-47.5));
#1525=CARTESIAN_POINT('',(12.3647686165263,1.5,-42.5));
#1526=CARTESIAN_POINT('Origin',(20.,0.,-47.5));
#1527=CARTESIAN_POINT('',(20.,1.5,-47.5));
#1528=CARTESIAN_POINT('Origin',(-18.5869306678193,12.5,-46.6060941975715));
#1529=CARTESIAN_POINT('',(-18.5869306678193,12.792141164694,-49.0889662321096));
#1530=CARTESIAN_POINT('',(-18.5869306678193,12.0131081487412,-49.0582231348784));
#1531=CARTESIAN_POINT('Ctrl Pts',(-18.5869306678193,12.792141164694,-49.0889662321096));
#1532=CARTESIAN_POINT('Ctrl Pts',(-18.5869306678193,12.5324936422393,-49.0824887399299));
#1533=CARTESIAN_POINT('Ctrl Pts',(-18.5869306678193,12.2727719604151,-49.0722274124679));
#1534=CARTESIAN_POINT('Ctrl Pts',(-18.5869306678193,12.0131081487412,-49.0582231348784));
#1535=CARTESIAN_POINT('Origin',(-18.5869306678193,12.5,-46.6060941975715));
#1536=CARTESIAN_POINT('Origin',(0.,12.5,-46.6060941975715));
#1537=CARTESIAN_POINT('',(18.5869306678193,12.792141164694,-49.0889662321096));
#1538=CARTESIAN_POINT('',(16.0344072525494,9.99999999999999,-46.6060941975715));
#1539=CARTESIAN_POINT('Ctrl Pts',(18.5869306678193,12.7921411646939,-49.0889662321096));
#1540=CARTESIAN_POINT('Ctrl Pts',(18.5480834642113,12.7914606649495,-49.0890463014749));
#1541=CARTESIAN_POINT('Ctrl Pts',(18.510453330403,12.7971727848796,-49.088392419653));
#1542=CARTESIAN_POINT('Ctrl Pts',(18.4344870397769,12.8189868918179,-49.0856854781689));
#1543=CARTESIAN_POINT('Ctrl Pts',(18.3969206490532,12.8353071927561,-49.0835767815492));
#1544=CARTESIAN_POINT('Ctrl Pts',(18.1551606096465,12.9615698943824,-49.065523807511));
#1545=CARTESIAN_POINT('Ctrl Pts',(17.8804965764072,13.2165195459228,-49.0224524102894));
#1546=CARTESIAN_POINT('Ctrl Pts',(17.2661436357764,13.7982459757537,-48.7658404758011));
#1547=CARTESIAN_POINT('Ctrl Pts',(16.973465038924,14.0837606569256,-48.5731438319955));
#1548=CARTESIAN_POINT('Ctrl Pts',(16.5341721694244,14.5028076473647,-48.1242393835943));
#1549=CARTESIAN_POINT('Ctrl Pts',(16.3679066707608,14.6590129758407,-47.8987532347948));
#1550=CARTESIAN_POINT('Ctrl Pts',(16.1375865160397,14.8692862702135,-47.4344276506986));
#1551=CARTESIAN_POINT('Ctrl Pts',(16.0601108159378,14.9373959017204,-47.211717221676));
#1552=CARTESIAN_POINT('Ctrl Pts',(15.9755962884373,15.0055591299808,-46.7537950318924));
#1553=CARTESIAN_POINT('Ctrl Pts',(15.9654663638735,15.0089394063413,-46.5287655154166));
#1554=CARTESIAN_POINT('Ctrl Pts',(16.0133781323564,14.9522934763728,-46.0616791674887));
#1555=CARTESIAN_POINT('Ctrl Pts',(16.0762155170298,14.8882775611121,-45.8324631438775));
#1556=CARTESIAN_POINT('Ctrl Pts',(16.2911467516166,14.6790642450416,-45.3438376610624));
#1557=CARTESIAN_POINT('Ctrl Pts',(16.4614324489122,14.5183893967699,-45.1072501333038));
#1558=CARTESIAN_POINT('Ctrl Pts',(16.9837208171444,14.0294276090105,-44.5765659472878));
#1559=CARTESIAN_POINT('Ctrl Pts',(17.3713225632223,13.6727671769399,-44.3718155254302));
#1560=CARTESIAN_POINT('Ctrl Pts',(17.845575933814,13.1954347285929,-44.1991050553089));
#1561=CARTESIAN_POINT('Ctrl Pts',(17.9795267220043,13.0519631928442,-44.1646364240969));
#1562=CARTESIAN_POINT('Ctrl Pts',(18.1274460396363,12.8539231535191,-44.1300751378064));
#1563=CARTESIAN_POINT('Ctrl Pts',(18.1719737854706,12.7808327529589,-44.1208765732285));
#1564=CARTESIAN_POINT('Ctrl Pts',(18.2054301776125,12.68012562894,-44.1124215047065));
#1565=CARTESIAN_POINT('Ctrl Pts',(18.2119609196597,12.6504679040258,-44.1104382595292));
#1566=CARTESIAN_POINT('Ctrl Pts',(18.2164045022883,12.5936376311346,-44.1077105074485));
#1567=CARTESIAN_POINT('Ctrl Pts',(18.2153445570824,12.5677412121779,-44.1068767228708));
#1568=CARTESIAN_POINT('Ctrl Pts',(18.2050906646967,12.5011336266518,-44.1057647981657));
#1569=CARTESIAN_POINT('Ctrl Pts',(18.1919043798739,12.4620665465177,-44.1061046138398));
#1570=CARTESIAN_POINT('Ctrl Pts',(18.1164501826694,12.2952677174646,-44.1111213389621));
#1571=CARTESIAN_POINT('Ctrl Pts',(17.9977677644064,12.1524096359562,-44.1269447659678));
#1572=CARTESIAN_POINT('Ctrl Pts',(17.6385566625428,11.7465614937678,-44.2055890354309));
#1573=CARTESIAN_POINT('Ctrl Pts',(17.265271332217,11.378164689724,-44.3270391493003));
#1574=CARTESIAN_POINT('Ctrl Pts',(16.702886080695,10.8091139902173,-44.7468051632638));
#1575=CARTESIAN_POINT('Ctrl Pts',(16.5121482276642,10.6135041523727,-44.9402699961512));
#1576=CARTESIAN_POINT('Ctrl Pts',(16.2443169283755,10.3236584567633,-45.3567003451729));
#1577=CARTESIAN_POINT('Ctrl Pts',(16.1514769963983,10.2170598011743,-45.5596069177207));
#1578=CARTESIAN_POINT('Ctrl Pts',(16.0378079397242,10.0669986638461,-45.9911630620959));
#1579=CARTESIAN_POINT('Ctrl Pts',(16.0135341131554,10.0215951970391,-46.2086458914192));
#1580=CARTESIAN_POINT('Ctrl Pts',(16.0238245779412,10.0019801722718,-46.4908206844957));
#1581=CARTESIAN_POINT('Ctrl Pts',(16.0280966373839,10.,-46.5486409588476));
#1582=CARTESIAN_POINT('Ctrl Pts',(16.0344072525494,10.,-46.6060941975715));
#1583=CARTESIAN_POINT('',(18.5869306678193,12.0131081487412,-49.0582231348784));
#1584=CARTESIAN_POINT('Origin',(18.5869306678193,12.5,-46.6060941975715));
#1585=CARTESIAN_POINT('Ctrl Pts',(16.0344072525494,10.,-46.6060941975715));
#1586=CARTESIAN_POINT('Ctrl Pts',(16.0544138799308,10.,-46.7882389661675));
#1587=CARTESIAN_POINT('Ctrl Pts',(16.0949050811832,10.0199075445569,-46.9666952202138));
#1588=CARTESIAN_POINT('Ctrl Pts',(16.2495557316286,10.120635259665,-47.4288972851018));
#1589=CARTESIAN_POINT('Ctrl Pts',(16.3918386360571,10.2319085860608,-47.6909399910111));
#1590=CARTESIAN_POINT('Ctrl Pts',(16.7843609292902,10.5638399909809,-48.229402898935));
#1591=CARTESIAN_POINT('Ctrl Pts',(17.0673064803517,10.8214060312593,-48.4931701469977));
#1592=CARTESIAN_POINT('Ctrl Pts',(17.5961359230432,11.3136525529158,-48.8188152229955));
#1593=CARTESIAN_POINT('Ctrl Pts',(17.7894257446217,11.4952734997535,-48.9006778308091));
#1594=CARTESIAN_POINT('Ctrl Pts',(18.0679377464713,11.739039114569,-48.9896807649125));
#1595=CARTESIAN_POINT('Ctrl Pts',(18.1702334009801,11.8232675243092,-49.0136403966205));
#1596=CARTESIAN_POINT('Ctrl Pts',(18.337995972002,11.937114045255,-49.0424629412338));
#1597=CARTESIAN_POINT('Ctrl Pts',(18.3979312208338,11.968012659619,-49.0489119258242));
#1598=CARTESIAN_POINT('Ctrl Pts',(18.4970298728116,12.0040406427314,-49.0564684915041));
#1599=CARTESIAN_POINT('Ctrl Pts',(18.5420048293588,12.012757551826,-49.0581535207653));
#1600=CARTESIAN_POINT('Ctrl Pts',(18.5869306678193,12.0131081487412,-49.0582231348784));
#1601=CARTESIAN_POINT('',(-16.0344072525494,10.,-46.6060941975715));
#1602=CARTESIAN_POINT('',(1.65787884298442E-31,10.,-46.6060941975715));
#1603=CARTESIAN_POINT('Ctrl Pts',(-18.5869306678193,12.0131081487412,-49.0582231348784));
#1604=CARTESIAN_POINT('Ctrl Pts',(-18.5462809523365,12.0127909222778,-49.0581601467632));
#1605=CARTESIAN_POINT('Ctrl Pts',(-18.5071068388477,12.0055917599338,-49.0567509671717));
#1606=CARTESIAN_POINT('Ctrl Pts',(-18.4284980389325,11.9804777462152,-49.0515527454055));
#1607=CARTESIAN_POINT('Ctrl Pts',(-18.3896599809469,11.9622971022452,-49.0476724229543));
#1608=CARTESIAN_POINT('Ctrl Pts',(-18.1753633303202,11.8437578276226,-49.0205356382953));
#1609=CARTESIAN_POINT('Ctrl Pts',(-17.9505209127898,11.6407880372508,-48.9679371140727));
#1610=CARTESIAN_POINT('Ctrl Pts',(-17.4316746405218,11.1623862385909,-48.7358218855421));
#1611=CARTESIAN_POINT('Ctrl Pts',(-17.173654701104,10.9187045734557,-48.5662412408246));
#1612=CARTESIAN_POINT('Ctrl Pts',(-16.7287522220115,10.5170051258373,-48.1526373547778));
#1613=CARTESIAN_POINT('Ctrl Pts',(-16.5342343938379,10.3486343287258,-47.9152994268422));
#1614=CARTESIAN_POINT('Ctrl Pts',(-16.258347414276,10.128943065631,-47.4307720653833));
#1615=CARTESIAN_POINT('Ctrl Pts',(-16.1613083427558,10.0591903621369,-47.2012508610182));
#1616=CARTESIAN_POINT('Ctrl Pts',(-16.0688479336857,10.0082983311594,-46.840337545004));
#1617=CARTESIAN_POINT('Ctrl Pts',(-16.0473240655559,10.,-46.7236917251915));
#1618=CARTESIAN_POINT('Ctrl Pts',(-16.0344072525494,10.,-46.6060941975715));
#1619=CARTESIAN_POINT('Ctrl Pts',(-16.0344072525494,10.,-46.6060941975715));
#1620=CARTESIAN_POINT('Ctrl Pts',(-16.0229944356643,10.,-46.5021893838851));
#1621=CARTESIAN_POINT('Ctrl Pts',(-16.0182994284211,10.0064758805884,-46.3975417607647));
#1622=CARTESIAN_POINT('Ctrl Pts',(-16.0264717558385,10.0493994851555,-46.05777907466));
#1623=CARTESIAN_POINT('Ctrl Pts',(-16.068122504824,10.1114839174681,-45.8340980834446));
#1624=CARTESIAN_POINT('Ctrl Pts',(-16.2316597432268,10.3112177033065,-45.365204334663));
#1625=CARTESIAN_POINT('Ctrl Pts',(-16.3675818205203,10.4595177284991,-45.1397391937007));
#1626=CARTESIAN_POINT('Ctrl Pts',(-16.759383505169,10.8690602386871,-44.6763456397499));
#1627=CARTESIAN_POINT('Ctrl Pts',(-17.0518980098241,11.160400700669,-44.4667885438611));
#1628=CARTESIAN_POINT('Ctrl Pts',(-17.5159783623851,11.6313206438555,-44.2558611083629));
#1629=CARTESIAN_POINT('Ctrl Pts',(-17.6695479270694,11.7879863726144,-44.2040473925415));
#1630=CARTESIAN_POINT('Ctrl Pts',(-17.9317752421465,12.0750535664828,-44.1390124902173));
#1631=CARTESIAN_POINT('Ctrl Pts',(-18.033548797128,12.1945122318201,-44.1225925639042));
#1632=CARTESIAN_POINT('Ctrl Pts',(-18.155033026459,12.3762589007769,-44.1079726360605));
#1633=CARTESIAN_POINT('Ctrl Pts',(-18.1856900060552,12.4398057235417,-44.106170618976));
#1634=CARTESIAN_POINT('Ctrl Pts',(-18.2095400267254,12.5253359939693,-44.1060590069992));
#1635=CARTESIAN_POINT('Ctrl Pts',(-18.2143576335181,12.5542907799798,-44.1065071380658));
#1636=CARTESIAN_POINT('Ctrl Pts',(-18.2160051255598,12.6103684017135,-44.1083921544219));
#1637=CARTESIAN_POINT('Ctrl Pts',(-18.2136389919624,12.6362593229443,-44.1096762181591));
#1638=CARTESIAN_POINT('Ctrl Pts',(-18.2002785163696,12.7022859615837,-44.1139657842649));
#1639=CARTESIAN_POINT('Ctrl Pts',(-18.1851202117821,12.7429548173194,-44.1175533679726));
#1640=CARTESIAN_POINT('Ctrl Pts',(-18.0937876090442,12.9207051564904,-44.1380099581001));
#1641=CARTESIAN_POINT('Ctrl Pts',(-17.9575555079385,13.0747497849658,-44.1676867227821));
#1642=CARTESIAN_POINT('Ctrl Pts',(-17.5482258819241,13.5029055135002,-44.2983026264003));
#1643=CARTESIAN_POINT('Ctrl Pts',(-17.1822575342316,13.8441201223928,-44.4545654374517));
#1644=CARTESIAN_POINT('Ctrl Pts',(-16.6366889586456,14.3542557224452,-44.9102811447494));
#1645=CARTESIAN_POINT('Ctrl Pts',(-16.4496261940276,14.5291162975496,-45.1178994491845));
#1646=CARTESIAN_POINT('Ctrl Pts',(-16.1878740386174,14.7788399663955,-45.5553337177391));
#1647=CARTESIAN_POINT('Ctrl Pts',(-16.0979206812929,14.8667005456027,-45.766267040986));
#1648=CARTESIAN_POINT('Ctrl Pts',(-15.9895952717849,14.9780774738436,-46.2096072250879));
#1649=CARTESIAN_POINT('Ctrl Pts',(-15.9681790103896,15.0039834432593,-46.4310083551658));
#1650=CARTESIAN_POINT('Ctrl Pts',(-15.9911179191431,14.9946344876005,-46.9003570684021));
#1651=CARTESIAN_POINT('Ctrl Pts',(-16.0406886415422,14.9540706006617,-47.1365556393211));
#1652=CARTESIAN_POINT('Ctrl Pts',(-16.2214818974406,14.79409016805,-47.6439368380034));
#1653=CARTESIAN_POINT('Ctrl Pts',(-16.3688752841335,14.6580464414177,-47.8963419554083));
#1654=CARTESIAN_POINT('Ctrl Pts',(-16.7752943073616,14.2742686685756,-48.4056994067377));
#1655=CARTESIAN_POINT('Ctrl Pts',(-17.0674152888644,13.9910163017456,-48.6445042154652));
#1656=CARTESIAN_POINT('Ctrl Pts',(-17.6044324532678,13.4767454716259,-48.9183165578808));
#1657=CARTESIAN_POINT('Ctrl Pts',(-17.7967155708005,13.2946807597111,-48.9812009565233));
#1658=CARTESIAN_POINT('Ctrl Pts',(-18.0716206430585,13.0548441723669,-49.045709956613));
#1659=CARTESIAN_POINT('Ctrl Pts',(-18.1724991893999,12.9728449270086,-49.0617507544524));
#1660=CARTESIAN_POINT('Ctrl Pts',(-18.3371234789743,12.8635374924641,-49.0800048460366));
#1661=CARTESIAN_POINT('Ctrl Pts',(-18.3967621329288,12.8335235588963,-49.0838133166958));
#1662=CARTESIAN_POINT('Ctrl Pts',(-18.4937906313529,12.8000890437332,-49.0880668001722));
#1663=CARTESIAN_POINT('Ctrl Pts',(-18.5393712219887,12.7913080496245,-49.0890642585899));
#1664=CARTESIAN_POINT('Ctrl Pts',(-18.5869306678193,12.7921411646939,-49.0889662321096));
#1665=CARTESIAN_POINT('Origin',(18.5869306678193,12.5,-46.6060941975715));
#1666=CARTESIAN_POINT('Ctrl Pts',(18.5869306678193,12.0131081487412,-49.0582231348784));
#1667=CARTESIAN_POINT('Ctrl Pts',(18.5869306678193,12.272772985368,-49.072227467746));
#1668=CARTESIAN_POINT('Ctrl Pts',(18.5869306678193,12.5324940902002,-49.0824887511053));
#1669=CARTESIAN_POINT('Ctrl Pts',(18.5869306678193,12.792141164694,-49.0889662321096));
#1670=CARTESIAN_POINT('Origin',(-1.92788205030026E-17,2.00784039660793,
8.18020137066411));
#1671=CARTESIAN_POINT('',(-2.,2.25404233486098,8.22361341508084));
#1672=CARTESIAN_POINT('Origin',(1.54074395550979E-32,2.25404233486098,8.22361341508084));
#1673=CARTESIAN_POINT('',(-1.5,1.76163845835487,8.13678932624738));
#1674=CARTESIAN_POINT('',(-1.75,2.00784039660793,8.18020137066411));
#1675=CARTESIAN_POINT('Origin',(-3.85576410060058E-17,1.76163845835487,
8.13678932624737));
#1676=CARTESIAN_POINT('Origin',(-8.58034013388028E-15,-107.321975114068,
-11.0975948997468));
#1677=CARTESIAN_POINT('',(-1.5,-5.54257905936302,6.8488587049103));
#1678=CARTESIAN_POINT('',(-1.50000000000001,-107.321975114068,-11.0975948997468));
#1679=CARTESIAN_POINT('Origin',(-6.10513732977287E-16,-5.54257905936302,
6.8488587049103));
#1680=CARTESIAN_POINT('Origin',(-1.92788205030026E-17,4.61256306161188,
-6.59191492451902));
#1681=CARTESIAN_POINT('',(-2.,4.85876499986494,-6.54850288010228));
#1682=CARTESIAN_POINT('Origin',(9.24446373305873E-32,4.85876499986494,-6.54850288010228));
#1683=CARTESIAN_POINT('',(-1.5,4.36636112335883,-6.63532696893575));
#1684=CARTESIAN_POINT('',(-1.75,4.61256306161188,-6.59191492451901));
#1685=CARTESIAN_POINT('Origin',(-3.85576410060058E-17,4.36636112335882,
-6.63532696893575));
#1686=CARTESIAN_POINT('Origin',(-8.58034013388028E-15,-104.717252449064,
-25.8697111949299));
#1687=CARTESIAN_POINT('',(-1.5,-2.93785639435907,-7.92325759027282));
#1688=CARTESIAN_POINT('',(-1.50000000000001,-104.717252449064,-25.8697111949299));
#1689=CARTESIAN_POINT('Origin',(-6.10513732977289E-16,-2.93785639435907,
-7.92325759027283));
#1690=CARTESIAN_POINT('Origin',(-4.99999999999999,-0.1,-12.5));
#1691=CARTESIAN_POINT('',(-4.99999999999999,-0.1,-12.5));
#1692=CARTESIAN_POINT('',(5.00000000000001,-0.1,-12.5));
#1693=CARTESIAN_POINT('',(-4.99999999999999,-0.1,-12.5));
#1694=CARTESIAN_POINT('',(5.00000000000001,-2.06961550602442,-12.8472963553339));
#1695=CARTESIAN_POINT('',(5.00000000000001,-0.1,-12.5));
#1696=CARTESIAN_POINT('',(-4.99999999999999,-2.06961550602442,-12.8472963553339));
#1697=CARTESIAN_POINT('',(-4.99999999999999,-2.06961550602442,-12.8472963553339));
#1698=CARTESIAN_POINT('',(-4.99999999999999,-0.1,-12.5));
#1699=CARTESIAN_POINT('Origin',(5.,-4.44120444167326,12.1201938253052));
#1700=CARTESIAN_POINT('',(5.,-4.44120444167326,12.1201938253052));
#1701=CARTESIAN_POINT('',(-5.,-4.44120444167326,12.1201938253052));
#1702=CARTESIAN_POINT('',(5.,-4.44120444167326,12.1201938253052));
#1703=CARTESIAN_POINT('',(-5.,-6.41081994769768,11.7728974699713));
#1704=CARTESIAN_POINT('',(-5.,-4.44120444167326,12.1201938253052));
#1705=CARTESIAN_POINT('',(5.,-6.41081994769768,11.7728974699713));
#1706=CARTESIAN_POINT('',(5.,-6.41081994769767,11.7728974699713));
#1707=CARTESIAN_POINT('',(5.,-4.44120444167326,12.1201938253052));
#1708=CARTESIAN_POINT('Origin',(6.66133814775094E-15,-4.24021772686105,
-0.537199442681265));
#1709=CARTESIAN_POINT('',(5.00000000000001,-2.06961550602442,-12.8472963553339));
#1710=CARTESIAN_POINT('',(-5.,-6.41081994769768,11.7728974699713));
#1711=CARTESIAN_POINT('Origin',(1.22124532708767E-14,1.5,12.5));
#1712=CARTESIAN_POINT('',(2.36476861652636,1.5,-12.5));
#1713=CARTESIAN_POINT('',(4.99999999999999,1.5,-12.5));
#1714=CARTESIAN_POINT('',(1.11022302462513E-15,1.5,-12.5));
#1715=CARTESIAN_POINT('',(-2.36476861652635,1.5,-12.5));
#1716=CARTESIAN_POINT('',(1.18238430826318,1.5,-12.5));
#1717=CARTESIAN_POINT('',(-4.99999999999999,1.5,-12.5));
#1718=CARTESIAN_POINT('',(1.11022302462513E-15,1.5,-12.5));
#1719=CARTESIAN_POINT('',(-4.99999999999999,5.84120444167326,-12.1201938253052));
#1720=CARTESIAN_POINT('Origin',(-5.00000000000013,1.49999999999995,12.5000000000002));
#1721=CARTESIAN_POINT('',(4.99999999999999,5.84120444167326,-12.1201938253052));
#1722=CARTESIAN_POINT('',(4.99999999999999,5.84120444167326,-12.1201938253052));
#1723=CARTESIAN_POINT('Origin',(4.99999999999999,1.49999999999995,12.5000000000002));
#1724=CARTESIAN_POINT('Origin',(6.77701107076895E-15,3.67060222083663,0.189903087347399));
#1725=CARTESIAN_POINT('',(-2.35057222622123,1.5,12.5));
#1726=CARTESIAN_POINT('',(-4.99999999999999,1.5,12.5));
#1727=CARTESIAN_POINT('',(5.56678462863071E-15,1.5,12.5));
#1728=CARTESIAN_POINT('',(2.35057222622124,1.5,12.5));
#1729=CARTESIAN_POINT('',(-1.17528611311062,1.5,12.5));
#1730=CARTESIAN_POINT('',(5.,1.5,12.5));
#1731=CARTESIAN_POINT('',(5.56678462863071E-15,1.5,12.5));
#1732=CARTESIAN_POINT('',(5.,1.5,12.5));
#1733=CARTESIAN_POINT('',(-4.99999999999999,5.84120444167326,-12.1201938253052));
#1734=CARTESIAN_POINT('Origin',(-6.66133814775094E-15,1.5,0.));
#1735=CARTESIAN_POINT('Ctrl Pts',(-17.4985796926686,1.5,-47.4996527871251));
#1736=CARTESIAN_POINT('Ctrl Pts',(-17.3115431019911,1.49999999999999,-47.5009443296804));
#1737=CARTESIAN_POINT('Ctrl Pts',(-16.3775491353859,1.49999999999992,-47.4034291039626));
#1738=CARTESIAN_POINT('Ctrl Pts',(-14.9212980077316,1.49999999999981,-46.2423669344838));
#1739=CARTESIAN_POINT('Ctrl Pts',(-14.9222960299496,1.49999999999981,-43.756467823207));
#1740=CARTESIAN_POINT('Ctrl Pts',(-16.3767509231378,1.49999999999992,-42.6009107850759));
#1741=CARTESIAN_POINT('Ctrl Pts',(-17.8733566305659,1.50000000000003,-42.4370139503201));
#1742=CARTESIAN_POINT('Ctrl Pts',(-19.3723901764032,1.50000000000014,-42.9523531805117));
#1743=CARTESIAN_POINT('Ctrl Pts',(-20.,1.50000000000019,-44.2520017491453));
#1744=CARTESIAN_POINT('Ctrl Pts',(-20.,1.50000000000019,-45.));
#1745=CARTESIAN_POINT('',(9.99999999999999,1.5,46.));
#1746=CARTESIAN_POINT('Ctrl Pts',(20.,1.50000000000019,-45.));
#1747=CARTESIAN_POINT('Ctrl Pts',(20.,1.50000000000019,-44.2520017491453));
#1748=CARTESIAN_POINT('Ctrl Pts',(19.6413658150875,1.50000000000016,-43.5093454242118));
#1749=CARTESIAN_POINT('Ctrl Pts',(19.0593701513144,1.50000000000012,-43.0438243620427));
#1750=CARTESIAN_POINT('Ctrl Pts',(18.6228734034845,1.50000000000008,-42.6946835654159));
#1751=CARTESIAN_POINT('Ctrl Pts',(18.0607358237955,1.50000000000004,-42.501431354094));
#1752=CARTESIAN_POINT('Ctrl Pts',(17.4992810736591,1.5,-42.4992142860386));
#1753=CARTESIAN_POINT('Ctrl Pts',(17.3121294902803,1.49999999999999,-42.4984752633535));
#1754=CARTESIAN_POINT('Ctrl Pts',(17.1250537768518,1.49999999999997,-42.518962367698));
#1755=CARTESIAN_POINT('Ctrl Pts',(16.9430719862604,1.49999999999996,-42.5610310964654));
#1756=CARTESIAN_POINT('Ctrl Pts',(16.2151448238947,1.4999999999999,-42.7293060115349));
#1757=CARTESIAN_POINT('Ctrl Pts',(15.5687204269221,1.49999999999986,-43.2428869173709));
#1758=CARTESIAN_POINT('Ctrl Pts',(15.2453418913995,1.49999999999983,-43.9139938888351));
#1759=CARTESIAN_POINT('Ctrl Pts',(14.9219633558769,1.49999999999981,-44.5851008602992));
#1760=CARTESIAN_POINT('Ctrl Pts',(14.9216306818042,1.49999999999981,-45.4137338973915));
#1761=CARTESIAN_POINT('Ctrl Pts',(15.2450757064704,1.49999999999983,-46.0860642313786));
#1762=CARTESIAN_POINT('Ctrl Pts',(15.5685207311366,1.49999999999986,-46.7583945653657));
#1763=CARTESIAN_POINT('Ctrl Pts',(16.2157434545416,1.4999999999999,-47.2744221962476));
#1764=CARTESIAN_POINT('Ctrl Pts',(16.9429441378557,1.49999999999996,-47.4400374668809));
#1765=CARTESIAN_POINT('Ctrl Pts',(17.1247443086765,1.49999999999997,-47.4814412845375));
#1766=CARTESIAN_POINT('Ctrl Pts',(17.3115431019911,1.49999999999999,-47.5009443296804));
#1767=CARTESIAN_POINT('Ctrl Pts',(17.4985796926686,1.5,-47.4996527871251));
#1768=CARTESIAN_POINT('',(5.37153018570004,1.5,-21.5202847075211));
#1769=CARTESIAN_POINT('',(5.,1.5,-4.59430584957904));
#1770=CARTESIAN_POINT('',(5.,1.5,6.25));
#1771=CARTESIAN_POINT('',(15.,1.5,-34.5943058495791));
#1772=CARTESIAN_POINT('',(4.06085412256315,1.5,-1.77686821726847));
#1773=CARTESIAN_POINT('',(15.,1.5,33.4491308447305));
#1774=CARTESIAN_POINT('',(15.,1.5,-17.2971529247895));
#1775=CARTESIAN_POINT('',(5.,1.5,4.9491308447305));
#1776=CARTESIAN_POINT('',(8.95286254275242,1.5,16.2147890915749));
#1777=CARTESIAN_POINT('',(5.,1.5,6.25));
#1778=CARTESIAN_POINT('',(12.3505722262212,1.5,41.));
#1779=CARTESIAN_POINT('',(0.269148700530846,1.5,6.56794295178238));
#1780=CARTESIAN_POINT('',(-12.3505722262212,1.5,41.));
#1781=CARTESIAN_POINT('',(6.17528611311061,1.5,41.));
#1782=CARTESIAN_POINT('',(-5.26914870053083,1.5,20.8179429517824));
#1783=CARTESIAN_POINT('',(-4.99999999999999,1.5,4.9491308447305));
#1784=CARTESIAN_POINT('',(-4.99999999999999,1.5,-6.25));
#1785=CARTESIAN_POINT('',(-15.,1.5,33.4491308447305));
#1786=CARTESIAN_POINT('',(-3.95286254275243,1.5,1.96478909157493));
#1787=CARTESIAN_POINT('',(-15.,1.5,-34.5943058495791));
#1788=CARTESIAN_POINT('',(-15.,1.5,16.7245654223653));
#1789=CARTESIAN_POINT('',(-5.,1.5,-4.59430584957904));
#1790=CARTESIAN_POINT('',(-9.06085412256314,1.5,-16.7768682172685));
#1791=CARTESIAN_POINT('',(-4.99999999999999,1.5,-6.25));
#1792=CARTESIAN_POINT('',(-0.371530185700033,1.5,-6.52028470752105));
#1793=CARTESIAN_POINT('Origin',(2.33146835171283E-14,-0.1,-12.5));
#1794=CARTESIAN_POINT('',(5.,-0.1,12.5));
#1795=CARTESIAN_POINT('',(-5.,-0.1,12.5));
#1796=CARTESIAN_POINT('',(5.,-0.1,12.5));
#1797=CARTESIAN_POINT('Origin',(-5.00000000000007,-0.0999999999999512,-12.5000000000002));
#1798=CARTESIAN_POINT('Origin',(5.,-0.100000000000014,-12.5000000000001));
#1799=CARTESIAN_POINT('Origin',(-13.8501403243568,20.1911114501442,47.5));
#1800=CARTESIAN_POINT('',(-16.809489700073,20.6833017308771,46.));
#1801=CARTESIAN_POINT('',(-11.5,22.0557402217318,46.));
#1802=CARTESIAN_POINT('Origin',(-13.8501403243568,20.1911114501442,46.));
#1803=CARTESIAN_POINT('',(-16.809489700073,20.6833017308771,47.5));
#1804=CARTESIAN_POINT('',(-16.809489700073,20.6833017308771,47.5));
#1805=CARTESIAN_POINT('',(-11.5,22.0557402217318,47.5));
#1806=CARTESIAN_POINT('Origin',(-13.8501403243568,20.1911114501442,47.5));
#1807=CARTESIAN_POINT('',(-11.5,22.0557402217318,47.5));
#1808=CARTESIAN_POINT('Origin',(0.,31.1799744859672,47.5));
#1809=CARTESIAN_POINT('',(11.5,22.0557402217318,46.));
#1810=CARTESIAN_POINT('Origin',(0.,31.1799744859672,46.));
#1811=CARTESIAN_POINT('',(11.5,22.0557402217318,47.5));
#1812=CARTESIAN_POINT('Origin',(0.,31.1799744859672,47.5));
#1813=CARTESIAN_POINT('',(11.5,22.0557402217318,47.5));
#1814=CARTESIAN_POINT('Origin',(13.8501403243568,20.1911114501442,47.5));
#1815=CARTESIAN_POINT('',(16.809489700073,20.6833017308771,46.));
#1816=CARTESIAN_POINT('Origin',(13.8501403243568,20.1911114501442,46.));
#1817=CARTESIAN_POINT('',(16.809489700073,20.6833017308771,47.5));
#1818=CARTESIAN_POINT('Origin',(13.8501403243568,20.1911114501442,47.5));
#1819=CARTESIAN_POINT('',(16.809489700073,20.6833017308771,47.5));
#1820=CARTESIAN_POINT('Origin',(20.,1.49999999999999,47.5));
#1821=CARTESIAN_POINT('',(20.,1.5,46.));
#1822=CARTESIAN_POINT('',(19.5830440890062,4.00699427274983,47.5));
#1823=CARTESIAN_POINT('Origin',(-16.809489700073,20.6833017308772,47.5));
#1824=CARTESIAN_POINT('',(-17.866408689041,14.3284575321511,46.));
#1825=CARTESIAN_POINT('',(-18.5261251000382,10.3618384714759,47.5));
#1826=CARTESIAN_POINT('Origin',(-20.,0.,47.5));
#1827=CARTESIAN_POINT('Origin',(-2.35057222622123,1.5,12.5));
#1828=CARTESIAN_POINT('',(2.35057222622124,1.5,12.5));
#1829=CARTESIAN_POINT('',(-2.35057222622123,1.5,12.5));
#1830=CARTESIAN_POINT('',(-5.,0.,12.5));
#1831=CARTESIAN_POINT('',(5.,0.,12.5));
#1832=CARTESIAN_POINT('Origin',(-12.3505722262212,1.5,41.));
#1833=CARTESIAN_POINT('',(-12.3505722262212,1.5,41.));
#1834=CARTESIAN_POINT('Origin',(12.3505722262212,1.5,41.));
#1835=CARTESIAN_POINT('',(12.3505722262212,1.5,41.));
#1836=CARTESIAN_POINT('Origin',(2.35057222622124,1.5,12.5));
#1837=CARTESIAN_POINT('Origin',(12.3647686165263,1.5,-42.5));
#1838=CARTESIAN_POINT('',(2.36476861652636,1.5,-12.5));
#1839=CARTESIAN_POINT('Origin',(2.36476861652636,1.5,-12.5));
#1840=CARTESIAN_POINT('',(-2.36476861652635,1.5,-12.5));
#1841=CARTESIAN_POINT('',(5.00000000000001,0.,-12.5));
#1842=CARTESIAN_POINT('',(-4.99999999999999,0.,-12.5));
#1843=CARTESIAN_POINT('Origin',(-2.36476861652635,1.5,-12.5));
#1844=CARTESIAN_POINT('Origin',(-5.,1.5,-4.59430584957904));
#1845=CARTESIAN_POINT('',(-4.99999999999999,1.5,4.9491308447305));
#1846=CARTESIAN_POINT('',(-5.,1.5,-4.59430584957904));
#1847=CARTESIAN_POINT('Origin',(-15.,1.5,-34.5943058495791));
#1848=CARTESIAN_POINT('',(-15.,1.5,-34.5943058495791));
#1849=CARTESIAN_POINT('Origin',(-15.,1.5,33.4491308447305));
#1850=CARTESIAN_POINT('',(-15.,1.5,33.4491308447305));
#1851=CARTESIAN_POINT('Origin',(-5.,1.5,4.9491308447305));
#1852=CARTESIAN_POINT('Origin',(15.,1.5,-34.5943058495791));
#1853=CARTESIAN_POINT('',(15.,1.5,33.4491308447305));
#1854=CARTESIAN_POINT('',(15.,1.5,-34.5943058495791));
#1855=CARTESIAN_POINT('Origin',(15.,1.5,33.4491308447305));
#1856=CARTESIAN_POINT('',(5.,1.5,4.9491308447305));
#1857=CARTESIAN_POINT('Origin',(5.,1.5,4.9491308447305));
#1858=CARTESIAN_POINT('',(5.,1.5,-4.59430584957904));
#1859=CARTESIAN_POINT('Origin',(5.00000000000001,1.5,-4.59430584957904));
#1860=CARTESIAN_POINT('Origin',(-17.5,26.5,-12.5000779838948));
#1861=CARTESIAN_POINT('',(-15.0106698377972,26.2692721439717,-12.5000779838948));
#1862=CARTESIAN_POINT('',(-15.,26.5,-12.5000779838948));
#1863=CARTESIAN_POINT('Origin',(-17.5,26.5,-12.5000779838948));
#1864=CARTESIAN_POINT('Origin',(-17.5,26.5,-12.5000779838948));
#1865=CARTESIAN_POINT('',(-17.5,26.5,-10.0000779838948));
#1866=CARTESIAN_POINT('Origin',(-17.5,26.5,-12.5000779838948));
#1867=CARTESIAN_POINT('Origin',(-17.5,26.5,-36.));
#1868=CARTESIAN_POINT('',(-15.0106698377972,26.2692721439717,-36.0000000000027));
#1869=CARTESIAN_POINT('',(-15.0106698377972,26.2692721439717,-36.));
#1870=CARTESIAN_POINT('',(-19.9893301622028,26.7307278560283,-36.0000000000013));
#1871=CARTESIAN_POINT('Origin',(-17.5,26.5,-36.));
#1872=CARTESIAN_POINT('Origin',(-17.5,26.5,-36.));
#1873=CARTESIAN_POINT('Ctrl Pts',(-20.,1.50000000000019,-45.));
#1874=CARTESIAN_POINT('Ctrl Pts',(-19.9999999999999,2.15029761904778,-45.));
#1875=CARTESIAN_POINT('Ctrl Pts',(-20.0834406060563,3.30794180809961,-45.0897073987769));
#1876=CARTESIAN_POINT('Ctrl Pts',(-20.4493734701802,5.54337425677662,-45.4875163756711));
#1877=CARTESIAN_POINT('Ctrl Pts',(-21.0346543612943,8.6955758346651,-46.2814014847027));
#1878=CARTESIAN_POINT('Ctrl Pts',(-21.1618079164066,13.3250338902196,-46.7827414082042));
#1879=CARTESIAN_POINT('Ctrl Pts',(-20.798445730995,17.4807219717463,-46.4203080304653));
#1880=CARTESIAN_POINT('Ctrl Pts',(-20.4868245181713,20.5302953384171,-45.606888719351));
#1881=CARTESIAN_POINT('Ctrl Pts',(-20.2784305870991,22.5853239548345,-44.6667475663117));
#1882=CARTESIAN_POINT('Ctrl Pts',(-20.1230797288854,24.3166180658501,-43.3510160015331));
#1883=CARTESIAN_POINT('Ctrl Pts',(-20.0278643914957,25.6571489273246,-41.5675917614204));
#1884=CARTESIAN_POINT('Ctrl Pts',(-19.9896552085262,26.5251553640134,-39.199926832349));
#1885=CARTESIAN_POINT('Ctrl Pts',(-19.9893301622023,26.7307278560273,-37.1565909438122));
#1886=CARTESIAN_POINT('Ctrl Pts',(-19.9893301622028,26.7307278560283,-36.0000000000011));
#1887=CARTESIAN_POINT('Ctrl Pts',(-20.,1.50000000000019,-45.7479982508547));
#1888=CARTESIAN_POINT('Ctrl Pts',(-19.9999999999999,2.11666846244752,-45.7479982508547));
#1889=CARTESIAN_POINT('Ctrl Pts',(-20.0769913028665,3.20790276493738,-45.8328648026789));
#1890=CARTESIAN_POINT('Ctrl Pts',(-20.4310062469209,5.36501238597446,-46.2137120318216));
#1891=CARTESIAN_POINT('Ctrl Pts',(-21.0240944876392,8.55368292221632,-47.0178776660858));
#1892=CARTESIAN_POINT('Ctrl Pts',(-21.1559102030285,13.3199055539547,-47.5352962231327));
#1893=CARTESIAN_POINT('Ctrl Pts',(-20.7840234254986,17.5927089108621,-47.1635373075854));
#1894=CARTESIAN_POINT('Ctrl Pts',(-20.4567756973348,20.7741399243316,-46.3168380504445));
#1895=CARTESIAN_POINT('Ctrl Pts',(-20.2360965696823,22.9593579547085,-45.3198177585361));
#1896=CARTESIAN_POINT('Ctrl Pts',(-20.0670329211114,24.8472305761315,-43.8901786054076));
#1897=CARTESIAN_POINT('Ctrl Pts',(-19.9615297183447,26.3260923213837,-41.9219933982423));
#1898=CARTESIAN_POINT('Ctrl Pts',(-19.9200627545256,27.2625682267881,-39.3507627152774));
#1899=CARTESIAN_POINT('Ctrl Pts',(-19.9202965491093,27.4755336988783,-37.2008912002006));
#1900=CARTESIAN_POINT('Ctrl Pts',(-19.9202965491097,27.4755336988794,-36.0000000000017));
#1901=CARTESIAN_POINT('Ctrl Pts',(-19.2845021076166,1.50000000000013,-47.2360585582836));
#1902=CARTESIAN_POINT('Ctrl Pts',(-19.2845021076165,2.08250040851528,-47.2360585582836));
#1903=CARTESIAN_POINT('Ctrl Pts',(-19.3535185261911,3.10104892142966,-47.3146345544423));
#1904=CARTESIAN_POINT('Ctrl Pts',(-19.6934071304713,5.15191203795265,-47.6757519240655));
#1905=CARTESIAN_POINT('Ctrl Pts',(-20.2886371211193,8.34762970325655,-48.482537628436));
#1906=CARTESIAN_POINT('Ctrl Pts',(-20.4277570575853,13.2733691766695,-49.0201662682848));
#1907=CARTESIAN_POINT('Ctrl Pts',(-20.0436386182755,17.7437682547147,-48.6391556313485));
#1908=CARTESIAN_POINT('Ctrl Pts',(-19.6853934907146,21.1836991445911,-47.7250497983495));
#1909=CARTESIAN_POINT('Ctrl Pts',(-19.440058503549,23.6312969968093,-46.615150825452));
#1910=CARTESIAN_POINT('Ctrl Pts',(-19.243079756354,25.8369396732004,-44.955075987179));
#1911=CARTESIAN_POINT('Ctrl Pts',(-19.1169962401723,27.5934854533558,-42.6145354918056));
#1912=CARTESIAN_POINT('Ctrl Pts',(-19.0691821426615,28.6641475721341,-39.640255975136));
#1913=CARTESIAN_POINT('Ctrl Pts',(-19.0705175695586,28.8912089435811,-37.2852222569393));
#1914=CARTESIAN_POINT('Ctrl Pts',(-19.0705175695591,28.8912089435822,-36.0000000000026));
#1915=CARTESIAN_POINT('Ctrl Pts',(-16.8629661779466,1.49999999999995,-47.7904498271295));
#1916=CARTESIAN_POINT('Ctrl Pts',(-16.8629661779465,2.16570924194442,-47.7904498271295));
#1917=CARTESIAN_POINT('Ctrl Pts',(-16.9434645124996,3.33463011034132,-47.876641931386));
#1918=CARTESIAN_POINT('Ctrl Pts',(-17.3064294163549,5.49372392186438,-48.2717665791526));
#1919=CARTESIAN_POINT('Ctrl Pts',(-17.8630334143654,8.49905940119757,-49.0267844107265));
#1920=CARTESIAN_POINT('Ctrl Pts',(-17.9988864769541,13.1496255951601,-49.5367930891298));
#1921=CARTESIAN_POINT('Ctrl Pts',(-17.6240183101115,17.5869428096211,-49.1785775623308));
#1922=CARTESIAN_POINT('Ctrl Pts',(-17.2546898134711,21.1104743314288,-48.2360057452198));
#1923=CARTESIAN_POINT('Ctrl Pts',(-16.9995868315971,23.6650022367344,-47.0841957396121));
#1924=CARTESIAN_POINT('Ctrl Pts',(-16.7903478914536,26.0073269956586,-45.3265571037959));
#1925=CARTESIAN_POINT('Ctrl Pts',(-16.6563793947843,27.8730607406952,-42.8348755401898));
#1926=CARTESIAN_POINT('Ctrl Pts',(-16.6065127386031,28.9883385918711,-39.7169471319007));
#1927=CARTESIAN_POINT('Ctrl Pts',(-16.6081511945799,29.2197477891217,-37.3047407075953));
#1928=CARTESIAN_POINT('Ctrl Pts',(-16.6081511945803,29.2197477891229,-36.000000000002));
#1929=CARTESIAN_POINT('Ctrl Pts',(-14.9212980077316,1.49999999999981,-46.2423669344838));
#1930=CARTESIAN_POINT('Ctrl Pts',(-14.9212980077315,2.32160928353674,-46.2423669344838));
#1931=CARTESIAN_POINT('Ctrl Pts',(-15.0281573703403,3.78777959815079,-46.347546487323));
#1932=CARTESIAN_POINT('Ctrl Pts',(-15.4412940022,6.24207512356146,-46.8149942548593));
#1933=CARTESIAN_POINT('Ctrl Pts',(-15.9462664558563,8.99825813447378,-47.5012636693621));
#1934=CARTESIAN_POINT('Ctrl Pts',(-16.0670727674336,13.0645237432692,-47.946343381204));
#1935=CARTESIAN_POINT('Ctrl Pts',(-15.7222655371234,17.1633085213781,-47.6309821052009));
#1936=CARTESIAN_POINT('Ctrl Pts',(-15.3857068270312,20.4024354785925,-46.7542797539675));
#1937=CARTESIAN_POINT('Ctrl Pts',(-15.1555085379406,22.6957360557929,-45.7202833630422));
#1938=CARTESIAN_POINT('Ctrl Pts',(-14.9729767822771,24.7304516798569,-44.1878303640669));
#1939=CARTESIAN_POINT('Ctrl Pts',(-14.8601105533194,26.3149695290839,-42.0674506903497));
#1940=CARTESIAN_POINT('Ctrl Pts',(-14.817262983696,27.2837326845777,-39.3767307179482));
#1941=CARTESIAN_POINT('Ctrl Pts',(-14.8176442768475,27.4990732402077,-37.2023121398918));
#1942=CARTESIAN_POINT('Ctrl Pts',(-14.8176442768479,27.4990732402087,-35.9999999999998));
#1943=CARTESIAN_POINT('Ctrl Pts',(-14.9222960299496,1.49999999999981,-43.756467823207));
#1944=CARTESIAN_POINT('Ctrl Pts',(-14.9222960299495,2.43244543209313,-43.756467823207));
#1945=CARTESIAN_POINT('Ctrl Pts',(-15.0505263180751,4.11873590805181,-43.8777005820551));
#1946=CARTESIAN_POINT('Ctrl Pts',(-15.5030826419933,6.83272880349006,-44.4012159495845));
#1947=CARTESIAN_POINT('Ctrl Pts',(-15.9824245686607,9.46918589095239,-45.0536668932216));
#1948=CARTESIAN_POINT('Ctrl Pts',(-16.0877342797556,13.0825074906076,-45.4454605054911));
#1949=CARTESIAN_POINT('Ctrl Pts',(-15.771124270439,16.7919757166515,-45.1606056651886));
#1950=CARTESIAN_POINT('Ctrl Pts',(-15.4865418485704,19.5926460483774,-44.3945752356112));
#1951=CARTESIAN_POINT('Ctrl Pts',(-15.2971891099923,21.4529843775247,-43.5494533804992));
#1952=CARTESIAN_POINT('Ctrl Pts',(-15.1602471922769,22.9671309843432,-42.3955502419622));
#1953=CARTESIAN_POINT('Ctrl Pts',(-15.0815998228017,24.0915067761014,-40.8897047578715));
#1954=CARTESIAN_POINT('Ctrl Pts',(-15.0495573674668,24.8328973323951,-38.8756657311881));
#1955=CARTESIAN_POINT('Ctrl Pts',(-15.0480645084705,25.0238758936607,-37.0550253051911));
#1956=CARTESIAN_POINT('Ctrl Pts',(-15.0480645084709,25.0238758936616,-35.9999999999978));
#1957=CARTESIAN_POINT('Ctrl Pts',(-16.3767509231378,1.49999999999992,-42.6009107850759));
#1958=CARTESIAN_POINT('Ctrl Pts',(-16.3767509231377,2.41926558818142,-42.6009107850759));
#1959=CARTESIAN_POINT('Ctrl Pts',(-16.5051637584009,4.08814407655886,-42.7228800453794));
#1960=CARTESIAN_POINT('Ctrl Pts',(-16.9569312026594,6.82323989678127,-43.2445655794945));
#1961=CARTESIAN_POINT('Ctrl Pts',(-17.4509568834972,9.53431943885425,-43.9168659921153));
#1962=CARTESIAN_POINT('Ctrl Pts',(-17.5530729970243,13.162918070006,-44.3075355032866));
#1963=CARTESIAN_POINT('Ctrl Pts',(-17.2402189854913,16.7636814680507,-44.0188887825234));
#1964=CARTESIAN_POINT('Ctrl Pts',(-16.9795348004188,19.3687342886076,-43.3066103424558));
#1965=CARTESIAN_POINT('Ctrl Pts',(-16.8095757255951,21.0215073633153,-42.5490190602839));
#1966=CARTESIAN_POINT('Ctrl Pts',(-16.6950844516267,22.2812994702253,-41.5788791009073));
#1967=CARTESIAN_POINT('Ctrl Pts',(-16.6325226587579,23.1874903554074,-40.3674979140473));
#1968=CARTESIAN_POINT('Ctrl Pts',(-16.6052718079989,23.8269698050049,-38.66382432371));
#1969=CARTESIAN_POINT('Ctrl Pts',(-16.6029595617119,24.0074840016727,-36.9943772647741));
#1970=CARTESIAN_POINT('Ctrl Pts',(-16.6029595617123,24.0074840016735,-35.9999999999975));
#1971=CARTESIAN_POINT('Ctrl Pts',(-17.8733566305659,1.50000000000003,-42.4370139503201));
#1972=CARTESIAN_POINT('Ctrl Pts',(-17.8733566305658,2.35954861591891,-42.4370139503201));
#1973=CARTESIAN_POINT('Ctrl Pts',(-17.9931175805033,3.91949557181327,-42.5531168801233));
#1974=CARTESIAN_POINT('Ctrl Pts',(-18.4277226235994,6.56874122968414,-43.0496470913267));
#1975=CARTESIAN_POINT('Ctrl Pts',(-18.9475649727432,9.4065094255716,-43.7564979707511));
#1976=CARTESIAN_POINT('Ctrl Pts',(-19.0528406413773,13.2381655908247,-44.1681783778437));
#1977=CARTESIAN_POINT('Ctrl Pts',(-18.7322321517217,16.8870705542339,-43.8633367659309));
#1978=CARTESIAN_POINT('Ctrl Pts',(-18.4746283251323,19.4722435436314,-43.1606758324071));
#1979=CARTESIAN_POINT('Ctrl Pts',(-18.3077621216141,21.0900683474232,-42.4155106396444));
#1980=CARTESIAN_POINT('Ctrl Pts',(-18.1975723758627,22.3027779833511,-41.4785432035262));
#1981=CARTESIAN_POINT('Ctrl Pts',(-18.1374031455831,23.174821020326,-40.3161631250466));
#1982=CARTESIAN_POINT('Ctrl Pts',(-18.1106555503101,23.8029919509141,-38.6524772252258));
#1983=CARTESIAN_POINT('Ctrl Pts',(-18.1083040791993,23.9824101184516,-36.9930766863856));
#1984=CARTESIAN_POINT('Ctrl Pts',(-18.1083040791997,23.9824101184525,-35.9999999999981));
#1985=CARTESIAN_POINT('Ctrl Pts',(-19.3723901764032,1.50000000000014,-42.9523531805117));
#1986=CARTESIAN_POINT('Ctrl Pts',(-19.3723901764031,2.26989496389258,-42.9523531805117));
#1987=CARTESIAN_POINT('Ctrl Pts',(-19.4776689264883,3.66078072769386,-43.0581973181789));
#1988=CARTESIAN_POINT('Ctrl Pts',(-19.8844010613314,6.15345530373715,-43.5143550264229));
#1989=CARTESIAN_POINT('Ctrl Pts',(-20.4369661414065,9.15027273495204,-44.2648821359732));
#1990=CARTESIAN_POINT('Ctrl Pts',(-20.5496021344171,13.3085710560383,-44.7120124616118));
#1991=CARTESIAN_POINT('Ctrl Pts',(-20.2135280677875,17.1125911421263,-44.3824544607013));
#1992=CARTESIAN_POINT('Ctrl Pts',(-19.9448544371789,19.7972829201838,-43.6592065988256));
#1993=CARTESIAN_POINT('Ctrl Pts',(-19.769933379512,21.4984255865579,-42.8746925478316));
#1994=CARTESIAN_POINT('Ctrl Pts',(-19.6515879123204,22.80631844944,-41.8673345748013));
#1995=CARTESIAN_POINT('Ctrl Pts',(-19.5844944062974,23.7695286062088,-40.5864267797326));
#1996=CARTESIAN_POINT('Ctrl Pts',(-19.5552784547111,24.4486594254433,-38.7780491808641));
#1997=CARTESIAN_POINT('Ctrl Pts',(-19.5533786008382,24.6338974327028,-37.031763629477));
#1998=CARTESIAN_POINT('Ctrl Pts',(-19.5533786008386,24.6338974327036,-35.9999999999992));
#1999=CARTESIAN_POINT('Ctrl Pts',(-20.,1.50000000000019,-44.2520017491453));
#2000=CARTESIAN_POINT('Ctrl Pts',(-19.9999999999999,2.18333218267744,-44.2520017491453));
#2001=CARTESIAN_POINT('Ctrl Pts',(-20.0898524083235,3.40704911379029,-44.3465304697936));
#2002=CARTESIAN_POINT('Ctrl Pts',(-20.4675848865592,5.72043323721579,-44.7611095701453));
#2003=CARTESIAN_POINT('Ctrl Pts',(-21.0452582718819,8.83708693343654,-45.5449328531495));
#2004=CARTESIAN_POINT('Ctrl Pts',(-21.167750079163,13.3307259827044,-46.0302923369378));
#2005=CARTESIAN_POINT('Ctrl Pts',(-20.8128319347449,17.3691668371206,-45.6769011078808));
#2006=CARTESIAN_POINT('Ctrl Pts',(-20.5168597449177,20.286765279601,-44.8968014396778));
#2007=CARTESIAN_POINT('Ctrl Pts',(-20.3207603667999,22.2114271858976,-44.0134554915629));
#2008=CARTESIAN_POINT('Ctrl Pts',(-20.1791324853806,23.7860210120426,-42.8116341106255));
#2009=CARTESIAN_POINT('Ctrl Pts',(-20.0942196856276,24.9879998578711,-41.2132473648145));
#2010=CARTESIAN_POINT('Ctrl Pts',(-20.059256386862,25.7876354173921,-39.0492244063333));
#2011=CARTESIAN_POINT('Ctrl Pts',(-20.0583637752954,25.9859220131764,-37.1122741729125));
#2012=CARTESIAN_POINT('Ctrl Pts',(-20.0583637752958,25.9859220131773,-36.0000000000005));
#2013=CARTESIAN_POINT('Ctrl Pts',(-20.,1.50000000000019,-45.));
#2014=CARTESIAN_POINT('Ctrl Pts',(-19.9999999999999,2.15029761904778,-45.));
#2015=CARTESIAN_POINT('Ctrl Pts',(-20.0834406060563,3.30794180809961,-45.0897073987769));
#2016=CARTESIAN_POINT('Ctrl Pts',(-20.4493734701802,5.54337425677662,-45.4875163756711));
#2017=CARTESIAN_POINT('Ctrl Pts',(-21.0346543612943,8.6955758346651,-46.2814014847027));
#2018=CARTESIAN_POINT('Ctrl Pts',(-21.1618079164066,13.3250338902196,-46.7827414082042));
#2019=CARTESIAN_POINT('Ctrl Pts',(-20.798445730995,17.4807219717463,-46.4203080304653));
#2020=CARTESIAN_POINT('Ctrl Pts',(-20.4868245181713,20.5302953384171,-45.606888719351));
#2021=CARTESIAN_POINT('Ctrl Pts',(-20.2784305870991,22.5853239548345,-44.6667475663117));
#2022=CARTESIAN_POINT('Ctrl Pts',(-20.1230797288854,24.3166180658501,-43.3510160015331));
#2023=CARTESIAN_POINT('Ctrl Pts',(-20.0278643914957,25.6571489273246,-41.5675917614204));
#2024=CARTESIAN_POINT('Ctrl Pts',(-19.9896552085262,26.5251553640134,-39.199926832349));
#2025=CARTESIAN_POINT('Ctrl Pts',(-19.9893301622023,26.7307278560273,-37.1565909438122));
#2026=CARTESIAN_POINT('Ctrl Pts',(-19.9893301622028,26.7307278560283,-36.0000000000011));
#2027=CARTESIAN_POINT('Ctrl Pts',(-20.,1.50000000000019,-45.));
#2028=CARTESIAN_POINT('Ctrl Pts',(-19.9999999999999,2.15029761904778,-45.));
#2029=CARTESIAN_POINT('Ctrl Pts',(-20.0834406060563,3.30794180809961,-45.0897073987769));
#2030=CARTESIAN_POINT('Ctrl Pts',(-20.4493734701802,5.54337425677662,-45.4875163756711));
#2031=CARTESIAN_POINT('Ctrl Pts',(-21.0346543612943,8.6955758346651,-46.2814014847027));
#2032=CARTESIAN_POINT('Ctrl Pts',(-21.1618079164066,13.3250338902196,-46.7827414082042));
#2033=CARTESIAN_POINT('Ctrl Pts',(-20.798445730995,17.4807219717463,-46.4203080304653));
#2034=CARTESIAN_POINT('Ctrl Pts',(-20.4868245181713,20.5302953384171,-45.606888719351));
#2035=CARTESIAN_POINT('Ctrl Pts',(-20.2784305870991,22.5853239548345,-44.6667475663117));
#2036=CARTESIAN_POINT('Ctrl Pts',(-20.1230797288854,24.3166180658501,-43.3510160015331));
#2037=CARTESIAN_POINT('Ctrl Pts',(-20.0278643914957,25.6571489273246,-41.5675917614204));
#2038=CARTESIAN_POINT('Ctrl Pts',(-19.9896552085262,26.5251553640134,-39.199926832349));
#2039=CARTESIAN_POINT('Ctrl Pts',(-19.9893301622023,26.7307278560273,-37.1565909438122));
#2040=CARTESIAN_POINT('Ctrl Pts',(-19.9893301622028,26.7307278560283,-36.0000000000011));
#2041=CARTESIAN_POINT('Origin',(17.5,26.5,-12.5000779838948));
#2042=CARTESIAN_POINT('',(15.0106698377972,26.2692721439717,-12.5000779838948));
#2043=CARTESIAN_POINT('',(15.,26.5,-12.5000779838948));
#2044=CARTESIAN_POINT('Origin',(17.5,26.5,-12.5000779838948));
#2045=CARTESIAN_POINT('',(17.5,26.5,-10.0000779838948));
#2046=CARTESIAN_POINT('Origin',(17.5,26.5,-12.5000779838948));
#2047=CARTESIAN_POINT('Origin',(17.5,26.5,-12.5000779838948));
#2048=CARTESIAN_POINT('Origin',(17.5,26.5,-36.));
#2049=CARTESIAN_POINT('',(15.0106698377972,26.2692721439717,-36.0000000000027));
#2050=CARTESIAN_POINT('',(15.0106698377972,26.2692721439717,-36.));
#2051=CARTESIAN_POINT('',(19.9893301622028,26.7307278560283,-36.0000000000013));
#2052=CARTESIAN_POINT('Origin',(17.5,26.5,-36.));
#2053=CARTESIAN_POINT('Origin',(17.5,26.5,-36.));
#2054=CARTESIAN_POINT('Ctrl Pts',(20.,1.50000000000019,-45.));
#2055=CARTESIAN_POINT('Ctrl Pts',(19.9999999999999,2.15029761904778,-45.));
#2056=CARTESIAN_POINT('Ctrl Pts',(20.0834406060563,3.30794180809961,-45.0897073987769));
#2057=CARTESIAN_POINT('Ctrl Pts',(20.4493734701802,5.54337425677662,-45.4875163756711));
#2058=CARTESIAN_POINT('Ctrl Pts',(21.0346543612943,8.6955758346651,-46.2814014847027));
#2059=CARTESIAN_POINT('Ctrl Pts',(21.1618079164066,13.3250338902196,-46.7827414082042));
#2060=CARTESIAN_POINT('Ctrl Pts',(20.798445730995,17.4807219717463,-46.4203080304653));
#2061=CARTESIAN_POINT('Ctrl Pts',(20.4868245181713,20.5302953384171,-45.606888719351));
#2062=CARTESIAN_POINT('Ctrl Pts',(20.2784305870991,22.5853239548345,-44.6667475663117));
#2063=CARTESIAN_POINT('Ctrl Pts',(20.1230797288854,24.3166180658501,-43.3510160015331));
#2064=CARTESIAN_POINT('Ctrl Pts',(20.0278643914957,25.6571489273246,-41.5675917614204));
#2065=CARTESIAN_POINT('Ctrl Pts',(19.9896552085262,26.5251553640134,-39.199926832349));
#2066=CARTESIAN_POINT('Ctrl Pts',(19.9893301622023,26.7307278560273,-37.1565909438122));
#2067=CARTESIAN_POINT('Ctrl Pts',(19.9893301622028,26.7307278560283,-36.0000000000011));
#2068=CARTESIAN_POINT('Ctrl Pts',(20.,1.50000000000019,-45.7479982508547));
#2069=CARTESIAN_POINT('Ctrl Pts',(19.9999999999999,2.11666846244752,-45.7479982508547));
#2070=CARTESIAN_POINT('Ctrl Pts',(20.0769913028665,3.20790276493738,-45.8328648026789));
#2071=CARTESIAN_POINT('Ctrl Pts',(20.4310062469209,5.36501238597446,-46.2137120318216));
#2072=CARTESIAN_POINT('Ctrl Pts',(21.0240944876392,8.55368292221632,-47.0178776660858));
#2073=CARTESIAN_POINT('Ctrl Pts',(21.1559102030285,13.3199055539547,-47.5352962231327));
#2074=CARTESIAN_POINT('Ctrl Pts',(20.7840234254986,17.5927089108621,-47.1635373075854));
#2075=CARTESIAN_POINT('Ctrl Pts',(20.4567756973348,20.7741399243316,-46.3168380504445));
#2076=CARTESIAN_POINT('Ctrl Pts',(20.2360965696823,22.9593579547085,-45.3198177585361));
#2077=CARTESIAN_POINT('Ctrl Pts',(20.0670329211114,24.8472305761315,-43.8901786054076));
#2078=CARTESIAN_POINT('Ctrl Pts',(19.9615297183447,26.3260923213837,-41.9219933982423));
#2079=CARTESIAN_POINT('Ctrl Pts',(19.9200627545256,27.2625682267881,-39.3507627152774));
#2080=CARTESIAN_POINT('Ctrl Pts',(19.9202965491093,27.4755336988783,-37.2008912002006));
#2081=CARTESIAN_POINT('Ctrl Pts',(19.9202965491097,27.4755336988794,-36.0000000000017));
#2082=CARTESIAN_POINT('Ctrl Pts',(19.2845021076166,1.50000000000013,-47.2360585582836));
#2083=CARTESIAN_POINT('Ctrl Pts',(19.2845021076165,2.08250040851528,-47.2360585582836));
#2084=CARTESIAN_POINT('Ctrl Pts',(19.3535185261911,3.10104892142966,-47.3146345544423));
#2085=CARTESIAN_POINT('Ctrl Pts',(19.6934071304713,5.15191203795265,-47.6757519240655));
#2086=CARTESIAN_POINT('Ctrl Pts',(20.2886371211193,8.34762970325655,-48.482537628436));
#2087=CARTESIAN_POINT('Ctrl Pts',(20.4277570575853,13.2733691766695,-49.0201662682848));
#2088=CARTESIAN_POINT('Ctrl Pts',(20.0436386182755,17.7437682547147,-48.6391556313485));
#2089=CARTESIAN_POINT('Ctrl Pts',(19.6853934907146,21.1836991445911,-47.7250497983495));
#2090=CARTESIAN_POINT('Ctrl Pts',(19.440058503549,23.6312969968093,-46.615150825452));
#2091=CARTESIAN_POINT('Ctrl Pts',(19.243079756354,25.8369396732004,-44.955075987179));
#2092=CARTESIAN_POINT('Ctrl Pts',(19.1169962401723,27.5934854533558,-42.6145354918056));
#2093=CARTESIAN_POINT('Ctrl Pts',(19.0691821426615,28.6641475721341,-39.640255975136));
#2094=CARTESIAN_POINT('Ctrl Pts',(19.0705175695586,28.8912089435811,-37.2852222569393));
#2095=CARTESIAN_POINT('Ctrl Pts',(19.0705175695591,28.8912089435822,-36.0000000000026));
#2096=CARTESIAN_POINT('Ctrl Pts',(16.8629661779466,1.49999999999995,-47.7904498271295));
#2097=CARTESIAN_POINT('Ctrl Pts',(16.8629661779465,2.16570924194442,-47.7904498271295));
#2098=CARTESIAN_POINT('Ctrl Pts',(16.9434645124996,3.33463011034132,-47.876641931386));
#2099=CARTESIAN_POINT('Ctrl Pts',(17.3064294163549,5.49372392186438,-48.2717665791526));
#2100=CARTESIAN_POINT('Ctrl Pts',(17.8630334143654,8.49905940119757,-49.0267844107265));
#2101=CARTESIAN_POINT('Ctrl Pts',(17.9988864769541,13.1496255951601,-49.5367930891298));
#2102=CARTESIAN_POINT('Ctrl Pts',(17.6240183101115,17.5869428096211,-49.1785775623308));
#2103=CARTESIAN_POINT('Ctrl Pts',(17.2546898134711,21.1104743314288,-48.2360057452198));
#2104=CARTESIAN_POINT('Ctrl Pts',(16.9995868315971,23.6650022367344,-47.0841957396121));
#2105=CARTESIAN_POINT('Ctrl Pts',(16.7903478914536,26.0073269956586,-45.3265571037959));
#2106=CARTESIAN_POINT('Ctrl Pts',(16.6563793947843,27.8730607406952,-42.8348755401898));
#2107=CARTESIAN_POINT('Ctrl Pts',(16.6065127386031,28.9883385918711,-39.7169471319007));
#2108=CARTESIAN_POINT('Ctrl Pts',(16.6081511945799,29.2197477891217,-37.3047407075953));
#2109=CARTESIAN_POINT('Ctrl Pts',(16.6081511945803,29.2197477891229,-36.000000000002));
#2110=CARTESIAN_POINT('Ctrl Pts',(14.9212980077316,1.49999999999981,-46.2423669344838));
#2111=CARTESIAN_POINT('Ctrl Pts',(14.9212980077315,2.32160928353674,-46.2423669344838));
#2112=CARTESIAN_POINT('Ctrl Pts',(15.0281573703403,3.78777959815079,-46.347546487323));
#2113=CARTESIAN_POINT('Ctrl Pts',(15.4412940022,6.24207512356146,-46.8149942548593));
#2114=CARTESIAN_POINT('Ctrl Pts',(15.9462664558563,8.99825813447378,-47.5012636693621));
#2115=CARTESIAN_POINT('Ctrl Pts',(16.0670727674336,13.0645237432692,-47.946343381204));
#2116=CARTESIAN_POINT('Ctrl Pts',(15.7222655371234,17.1633085213781,-47.6309821052009));
#2117=CARTESIAN_POINT('Ctrl Pts',(15.3857068270312,20.4024354785925,-46.7542797539675));
#2118=CARTESIAN_POINT('Ctrl Pts',(15.1555085379406,22.6957360557929,-45.7202833630422));
#2119=CARTESIAN_POINT('Ctrl Pts',(14.9729767822771,24.7304516798569,-44.1878303640669));
#2120=CARTESIAN_POINT('Ctrl Pts',(14.8601105533194,26.3149695290839,-42.0674506903497));
#2121=CARTESIAN_POINT('Ctrl Pts',(14.817262983696,27.2837326845777,-39.3767307179482));
#2122=CARTESIAN_POINT('Ctrl Pts',(14.8176442768475,27.4990732402077,-37.2023121398918));
#2123=CARTESIAN_POINT('Ctrl Pts',(14.8176442768479,27.4990732402087,-35.9999999999998));
#2124=CARTESIAN_POINT('Ctrl Pts',(14.9222960299496,1.49999999999981,-43.756467823207));
#2125=CARTESIAN_POINT('Ctrl Pts',(14.9222960299495,2.43244543209313,-43.756467823207));
#2126=CARTESIAN_POINT('Ctrl Pts',(15.0505263180751,4.11873590805181,-43.8777005820551));
#2127=CARTESIAN_POINT('Ctrl Pts',(15.5030826419933,6.83272880349006,-44.4012159495845));
#2128=CARTESIAN_POINT('Ctrl Pts',(15.9824245686607,9.46918589095239,-45.0536668932216));
#2129=CARTESIAN_POINT('Ctrl Pts',(16.0877342797556,13.0825074906076,-45.4454605054911));
#2130=CARTESIAN_POINT('Ctrl Pts',(15.771124270439,16.7919757166515,-45.1606056651886));
#2131=CARTESIAN_POINT('Ctrl Pts',(15.4865418485704,19.5926460483774,-44.3945752356112));
#2132=CARTESIAN_POINT('Ctrl Pts',(15.2971891099923,21.4529843775247,-43.5494533804992));
#2133=CARTESIAN_POINT('Ctrl Pts',(15.1602471922769,22.9671309843432,-42.3955502419622));
#2134=CARTESIAN_POINT('Ctrl Pts',(15.0815998228017,24.0915067761014,-40.8897047578715));
#2135=CARTESIAN_POINT('Ctrl Pts',(15.0495573674668,24.8328973323951,-38.8756657311881));
#2136=CARTESIAN_POINT('Ctrl Pts',(15.0480645084705,25.0238758936607,-37.0550253051911));
#2137=CARTESIAN_POINT('Ctrl Pts',(15.0480645084709,25.0238758936616,-35.9999999999978));
#2138=CARTESIAN_POINT('Ctrl Pts',(16.3767509231378,1.49999999999992,-42.6009107850759));
#2139=CARTESIAN_POINT('Ctrl Pts',(16.3767509231377,2.41926558818142,-42.6009107850759));
#2140=CARTESIAN_POINT('Ctrl Pts',(16.5051637584009,4.08814407655886,-42.7228800453794));
#2141=CARTESIAN_POINT('Ctrl Pts',(16.9569312026594,6.82323989678127,-43.2445655794945));
#2142=CARTESIAN_POINT('Ctrl Pts',(17.4509568834972,9.53431943885425,-43.9168659921153));
#2143=CARTESIAN_POINT('Ctrl Pts',(17.5530729970243,13.162918070006,-44.3075355032866));
#2144=CARTESIAN_POINT('Ctrl Pts',(17.2402189854913,16.7636814680507,-44.0188887825234));
#2145=CARTESIAN_POINT('Ctrl Pts',(16.9795348004188,19.3687342886076,-43.3066103424558));
#2146=CARTESIAN_POINT('Ctrl Pts',(16.8095757255951,21.0215073633153,-42.5490190602839));
#2147=CARTESIAN_POINT('Ctrl Pts',(16.6950844516267,22.2812994702253,-41.5788791009073));
#2148=CARTESIAN_POINT('Ctrl Pts',(16.6325226587579,23.1874903554074,-40.3674979140473));
#2149=CARTESIAN_POINT('Ctrl Pts',(16.6052718079989,23.8269698050049,-38.66382432371));
#2150=CARTESIAN_POINT('Ctrl Pts',(16.6029595617119,24.0074840016727,-36.9943772647741));
#2151=CARTESIAN_POINT('Ctrl Pts',(16.6029595617123,24.0074840016735,-35.9999999999975));
#2152=CARTESIAN_POINT('Ctrl Pts',(17.8733566305659,1.50000000000003,-42.4370139503201));
#2153=CARTESIAN_POINT('Ctrl Pts',(17.8733566305658,2.35954861591891,-42.4370139503201));
#2154=CARTESIAN_POINT('Ctrl Pts',(17.9931175805033,3.91949557181327,-42.5531168801233));
#2155=CARTESIAN_POINT('Ctrl Pts',(18.4277226235994,6.56874122968414,-43.0496470913267));
#2156=CARTESIAN_POINT('Ctrl Pts',(18.9475649727432,9.4065094255716,-43.7564979707511));
#2157=CARTESIAN_POINT('Ctrl Pts',(19.0528406413773,13.2381655908247,-44.1681783778437));
#2158=CARTESIAN_POINT('Ctrl Pts',(18.7322321517217,16.8870705542339,-43.8633367659309));
#2159=CARTESIAN_POINT('Ctrl Pts',(18.4746283251323,19.4722435436314,-43.1606758324071));
#2160=CARTESIAN_POINT('Ctrl Pts',(18.3077621216141,21.0900683474232,-42.4155106396444));
#2161=CARTESIAN_POINT('Ctrl Pts',(18.1975723758627,22.3027779833511,-41.4785432035262));
#2162=CARTESIAN_POINT('Ctrl Pts',(18.1374031455831,23.174821020326,-40.3161631250466));
#2163=CARTESIAN_POINT('Ctrl Pts',(18.1106555503101,23.8029919509141,-38.6524772252258));
#2164=CARTESIAN_POINT('Ctrl Pts',(18.1083040791993,23.9824101184516,-36.9930766863856));
#2165=CARTESIAN_POINT('Ctrl Pts',(18.1083040791997,23.9824101184525,-35.9999999999981));
#2166=CARTESIAN_POINT('Ctrl Pts',(19.3723901764032,1.50000000000014,-42.9523531805117));
#2167=CARTESIAN_POINT('Ctrl Pts',(19.3723901764031,2.26989496389258,-42.9523531805117));
#2168=CARTESIAN_POINT('Ctrl Pts',(19.4776689264883,3.66078072769386,-43.0581973181789));
#2169=CARTESIAN_POINT('Ctrl Pts',(19.8844010613314,6.15345530373715,-43.5143550264229));
#2170=CARTESIAN_POINT('Ctrl Pts',(20.4369661414065,9.15027273495204,-44.2648821359732));
#2171=CARTESIAN_POINT('Ctrl Pts',(20.5496021344171,13.3085710560383,-44.7120124616118));
#2172=CARTESIAN_POINT('Ctrl Pts',(20.2135280677875,17.1125911421263,-44.3824544607013));
#2173=CARTESIAN_POINT('Ctrl Pts',(19.9448544371789,19.7972829201838,-43.6592065988256));
#2174=CARTESIAN_POINT('Ctrl Pts',(19.769933379512,21.4984255865579,-42.8746925478316));
#2175=CARTESIAN_POINT('Ctrl Pts',(19.6515879123204,22.80631844944,-41.8673345748013));
#2176=CARTESIAN_POINT('Ctrl Pts',(19.5844944062974,23.7695286062088,-40.5864267797326));
#2177=CARTESIAN_POINT('Ctrl Pts',(19.5552784547111,24.4486594254433,-38.7780491808641));
#2178=CARTESIAN_POINT('Ctrl Pts',(19.5533786008382,24.6338974327028,-37.031763629477));
#2179=CARTESIAN_POINT('Ctrl Pts',(19.5533786008386,24.6338974327036,-35.9999999999992));
#2180=CARTESIAN_POINT('Ctrl Pts',(20.,1.50000000000019,-44.2520017491453));
#2181=CARTESIAN_POINT('Ctrl Pts',(19.9999999999999,2.18333218267744,-44.2520017491453));
#2182=CARTESIAN_POINT('Ctrl Pts',(20.0898524083235,3.40704911379029,-44.3465304697936));
#2183=CARTESIAN_POINT('Ctrl Pts',(20.4675848865592,5.72043323721579,-44.7611095701453));
#2184=CARTESIAN_POINT('Ctrl Pts',(21.0452582718819,8.83708693343654,-45.5449328531495));
#2185=CARTESIAN_POINT('Ctrl Pts',(21.167750079163,13.3307259827044,-46.0302923369378));
#2186=CARTESIAN_POINT('Ctrl Pts',(20.8128319347449,17.3691668371206,-45.6769011078808));
#2187=CARTESIAN_POINT('Ctrl Pts',(20.5168597449177,20.286765279601,-44.8968014396778));
#2188=CARTESIAN_POINT('Ctrl Pts',(20.3207603667999,22.2114271858976,-44.0134554915629));
#2189=CARTESIAN_POINT('Ctrl Pts',(20.1791324853806,23.7860210120426,-42.8116341106255));
#2190=CARTESIAN_POINT('Ctrl Pts',(20.0942196856276,24.9879998578711,-41.2132473648145));
#2191=CARTESIAN_POINT('Ctrl Pts',(20.059256386862,25.7876354173921,-39.0492244063333));
#2192=CARTESIAN_POINT('Ctrl Pts',(20.0583637752954,25.9859220131764,-37.1122741729125));
#2193=CARTESIAN_POINT('Ctrl Pts',(20.0583637752958,25.9859220131773,-36.0000000000005));
#2194=CARTESIAN_POINT('Ctrl Pts',(20.,1.50000000000019,-45.));
#2195=CARTESIAN_POINT('Ctrl Pts',(19.9999999999999,2.15029761904778,-45.));
#2196=CARTESIAN_POINT('Ctrl Pts',(20.0834406060563,3.30794180809961,-45.0897073987769));
#2197=CARTESIAN_POINT('Ctrl Pts',(20.4493734701802,5.54337425677662,-45.4875163756711));
#2198=CARTESIAN_POINT('Ctrl Pts',(21.0346543612943,8.6955758346651,-46.2814014847027));
#2199=CARTESIAN_POINT('Ctrl Pts',(21.1618079164066,13.3250338902196,-46.7827414082042));
#2200=CARTESIAN_POINT('Ctrl Pts',(20.798445730995,17.4807219717463,-46.4203080304653));
#2201=CARTESIAN_POINT('Ctrl Pts',(20.4868245181713,20.5302953384171,-45.606888719351));
#2202=CARTESIAN_POINT('Ctrl Pts',(20.2784305870991,22.5853239548345,-44.6667475663117));
#2203=CARTESIAN_POINT('Ctrl Pts',(20.1230797288854,24.3166180658501,-43.3510160015331));
#2204=CARTESIAN_POINT('Ctrl Pts',(20.0278643914957,25.6571489273246,-41.5675917614204));
#2205=CARTESIAN_POINT('Ctrl Pts',(19.9896552085262,26.5251553640134,-39.199926832349));
#2206=CARTESIAN_POINT('Ctrl Pts',(19.9893301622023,26.7307278560273,-37.1565909438122));
#2207=CARTESIAN_POINT('Ctrl Pts',(19.9893301622028,26.7307278560283,-36.0000000000011));
#2208=CARTESIAN_POINT('Ctrl Pts',(20.,1.50000000000019,-45.));
#2209=CARTESIAN_POINT('Ctrl Pts',(19.9999999999999,2.15029761904778,-45.));
#2210=CARTESIAN_POINT('Ctrl Pts',(20.0834406060563,3.30794180809961,-45.0897073987769));
#2211=CARTESIAN_POINT('Ctrl Pts',(20.4493734701802,5.54337425677662,-45.4875163756711));
#2212=CARTESIAN_POINT('Ctrl Pts',(21.0346543612943,8.6955758346651,-46.2814014847027));
#2213=CARTESIAN_POINT('Ctrl Pts',(21.1618079164066,13.3250338902196,-46.7827414082042));
#2214=CARTESIAN_POINT('Ctrl Pts',(20.798445730995,17.4807219717463,-46.4203080304653));
#2215=CARTESIAN_POINT('Ctrl Pts',(20.4868245181713,20.5302953384171,-45.606888719351));
#2216=CARTESIAN_POINT('Ctrl Pts',(20.2784305870991,22.5853239548345,-44.6667475663117));
#2217=CARTESIAN_POINT('Ctrl Pts',(20.1230797288854,24.3166180658501,-43.3510160015331));
#2218=CARTESIAN_POINT('Ctrl Pts',(20.0278643914957,25.6571489273246,-41.5675917614204));
#2219=CARTESIAN_POINT('Ctrl Pts',(19.9896552085262,26.5251553640134,-39.199926832349));
#2220=CARTESIAN_POINT('Ctrl Pts',(19.9893301622023,26.7307278560273,-37.1565909438122));
#2221=CARTESIAN_POINT('Ctrl Pts',(19.9893301622028,26.7307278560283,-36.0000000000011));
#2222=CARTESIAN_POINT('Origin',(20.,1.5,46.));
#2223=CARTESIAN_POINT('polyline point',(5.,-4.44120444167326,12.1201938253052));
#2224=CARTESIAN_POINT('polyline point',(-5.,-4.44120444167326,12.1201938253052));
#2225=CARTESIAN_POINT('',(5.55111512312578E-16,-2.23461052682472,-0.394022127254356));
#2226=CARTESIAN_POINT('polyline point',(0.,-0.968240888334651,-7.57596123493896));
#2227=CARTESIAN_POINT('polyline point',(0.,4.85876499986493,-6.54850288010228));
#2228=CARTESIAN_POINT('polyline point',(0.,1.5,12.5));
#2229=CARTESIAN_POINT('polyline point',(0.,5.84120444167326,-12.1201938253052));
#2230=CARTESIAN_POINT('polyline point',(0.,-3.57296355333861,7.19615506024416));
#2231=CARTESIAN_POINT('polyline point',(0.,1.51052387145437,8.09251104932735));
#2232=CARTESIAN_POINT('',(0.,0.,0.));
#2233=UNCERTAINTY_MEASURE_WITH_UNIT(LENGTH_MEASURE(0.01),#2237,
'DISTANCE_ACCURACY_VALUE',
'Maximum model space distance between geometric entities at asserted c
onnectivities');
#2234=UNCERTAINTY_MEASURE_WITH_UNIT(LENGTH_MEASURE(0.01),#2237,
'DISTANCE_ACCURACY_VALUE',
'Maximum model space distance between geometric entities at asserted c
onnectivities');
#2235=(
GEOMETRIC_REPRESENTATION_CONTEXT(3)
GLOBAL_UNCERTAINTY_ASSIGNED_CONTEXT((#2233))
GLOBAL_UNIT_ASSIGNED_CONTEXT((#2237,#2239,#2240))
REPRESENTATION_CONTEXT('','3D')
);
#2236=(
GEOMETRIC_REPRESENTATION_CONTEXT(3)
GLOBAL_UNCERTAINTY_ASSIGNED_CONTEXT((#2234))
GLOBAL_UNIT_ASSIGNED_CONTEXT((#2237,#2239,#2240))
REPRESENTATION_CONTEXT('','3D')
);
#2237=(
LENGTH_UNIT()
NAMED_UNIT(*)
SI_UNIT(.MILLI.,.METRE.)
);
#2238=(
LENGTH_UNIT()
NAMED_UNIT(*)
SI_UNIT(.CENTI.,.METRE.)
);
#2239=(
NAMED_UNIT(*)
PLANE_ANGLE_UNIT()
SI_UNIT($,.RADIAN.)
);
#2240=(
NAMED_UNIT(*)
SI_UNIT($,.STERADIAN.)
SOLID_ANGLE_UNIT()
);
#2241=SHAPE_DEFINITION_REPRESENTATION(#2242,#2243);
#2242=PRODUCT_DEFINITION_SHAPE('',$,#2245);
#2243=SHAPE_REPRESENTATION('',(#1073),#2235);
#2244=PRODUCT_DEFINITION_CONTEXT('part definition',#2249,'design');
#2245=PRODUCT_DEFINITION('my_portafilter_holder_8',
'my_portafilter_holder',#2246,#2244);
#2246=PRODUCT_DEFINITION_FORMATION('',$,#2251);
#2247=PRODUCT_RELATED_PRODUCT_CATEGORY('my_portafilter_holder',
'my_portafilter_holder',(#2251));
#2248=APPLICATION_PROTOCOL_DEFINITION('international standard',
'automotive_design',2009,#2249);
#2249=APPLICATION_CONTEXT(
'Core Data for Automotive Mechanical Design Process');
#2250=PRODUCT_CONTEXT('part definition',#2249,'mechanical');
#2251=PRODUCT('my_portafilter_holder_8','my_portafilter_holder',$,(#2250));
#2252=PRESENTATION_STYLE_ASSIGNMENT((#2255));
#2253=PRESENTATION_STYLE_ASSIGNMENT((#2256));
#2254=PRESENTATION_STYLE_ASSIGNMENT((#2257));
#2255=SURFACE_STYLE_USAGE(.BOTH.,#2260);
#2256=SURFACE_STYLE_USAGE(.BOTH.,#2261);
#2257=SURFACE_STYLE_USAGE(.BOTH.,#2262);
#2258=SURFACE_STYLE_RENDERING_WITH_PROPERTIES($,#2272,(#2259));
#2259=SURFACE_STYLE_TRANSPARENT(0.);
#2260=SURFACE_SIDE_STYLE('',(#2263,#2258));
#2261=SURFACE_SIDE_STYLE('',(#2264));
#2262=SURFACE_SIDE_STYLE('',(#2265));
#2263=SURFACE_STYLE_FILL_AREA(#2266);
#2264=SURFACE_STYLE_FILL_AREA(#2267);
#2265=SURFACE_STYLE_FILL_AREA(#2268);
#2266=FILL_AREA_STYLE('',(#2269));
#2267=FILL_AREA_STYLE('',(#2270));
#2268=FILL_AREA_STYLE('',(#2271));
#2269=FILL_AREA_STYLE_COLOUR('',#2272);
#2270=FILL_AREA_STYLE_COLOUR('',#2273);
#2271=FILL_AREA_STYLE_COLOUR('',#2274);
#2272=COLOUR_RGB('',0.313725490196078,0.701960784313725,0.76078431372549);
#2273=COLOUR_RGB('',0.913725490196078,0.913725490196078,0.);
#2274=COLOUR_RGB('',1.,1.,1.);
ENDSEC;
END-ISO-10303-21;
